full_name,pdes,q,ad,a,e,i,om,w,tp,moid,per,per_y,t_jup,pr_class,dt_class,neo,pha
     1 Ceres (A801 AA),1,2.548883313,2.985625409,2.767254361,0.078912532,10.5868796,80.25497772,73.42179714,2459919.898,1.58322,1681.403889,4.603432962,3.31,Dwarfplanet,DP,N,N
134340 Pluto (1930 BM),134340,29.61871297,49.5585458,39.58862939,0.251837878,17.14771141,110.2923841,113.7090015,2447812.094,28.649,90981.71648,249.0943641,5.233,Dwarfplanet,DP,N,N
136108 Haumea (2003 EL61),136108,34.31658445,51.46695722,42.89177084,0.199926145,28.20947695,121.9750173,240.702583,2500139.755,33.4032,102602.8424,280.9112729,5.079,Dwarfplanet,DP,N,N
136199 Eris (2003 UB313),136199,38.6883254,97.61850976,68.15341758,0.432334771,43.74506417,36.07713489,150.8682568,2546169.097,37.7444,205508.5451,562.6517321,4.791,Dwarfplanet,DP,N,N
136472 Makemake (2005 FY9),136472,37.77866679,52.79251004,45.28558842,0.165768446,29.02545191,79.31400364,296.1548968,2408307.427,36.8817,111311.0936,304.7531652,5.203,Dwarfplanet,DP,N,N
 66959 (1999 XO35),66959,1.1024203,3.974847972,2.538634136,0.565742742,20.61948297,81.89498993,293.4980112,2460304.606,0.274598,1477.401719,4.04490546,3.128,Asteroid,AMO,Y,N
523592 (2001 SK276),523592,1.293439763,5.079184884,3.186312323,0.594063723,20.7583945,297.6498338,119.4671666,2460558.982,0.427421,2077.45173,5.687752855,2.81,Asteroid,AMO,Y,N
612529 (2002 XP40),612529,1.158341792,2.131202916,1.644772354,0.295743396,3.774456598,73.60971421,70.97532236,2460391.587,0.182088,770.4724662,2.109438648,4.235,Asteroid,AMO,Y,N
509102 (2005 VB7),509102,1.175581393,2.428552116,1.802066754,0.347648255,32.57156002,241.4287586,212.4004524,2459932.011,0.229061,883.5980297,2.419159561,3.817,Asteroid,AMO,Y,N
452389 (2002 NW16),452389,1.075128713,1.141973491,1.108551102,0.030149615,14.1631997,301.5270428,317.4090248,2460092.957,0.0671071,426.3163649,1.167190595,5.589,Asteroid,AMO,Y,N
142348 (2002 RX211),142348,1.119929798,3.00995401,2.064941904,0.457645856,6.069804014,96.63381879,324.3422851,2460208.536,0.145496,1083.827542,2.967358089,3.634,Asteroid,AMO,Y,N
523611 (2005 UY5),523611,1.297578464,3.156201691,2.226890078,0.417313644,7.133214253,56.51179779,261.9802731,2460777.48,0.316648,1213.798502,3.323199184,3.516,Asteroid,AMO,Y,N
519307 (2011 EF15),519307,1.280746872,3.33276462,2.306755746,0.444784358,0.255024892,358.1251566,233.8144987,2459569.037,0.269187,1279.678412,3.503568547,3.448,Asteroid,AMO,Y,N
529752 (2010 MR),529752,1.162161081,3.74205089,2.452105986,0.526055934,3.326646847,289.1295999,70.77959126,2459746.574,0.168542,1402.514252,3.839874748,3.288,Asteroid,AMO,Y,N
613422 (2006 KQ21),613422,1.233427669,3.378667347,2.306047508,0.465133452,6.325726779,179.3855024,164.5700439,2460465.223,0.227839,1279.089112,3.501955133,3.428,Asteroid,AMO,Y,N
242216 (2003 RN10),242216,1.024592468,3.437777859,2.231185164,0.54078555,39.62306016,267.1953461,4.615880371,2460164.378,0.00910369,1217.311843,3.332818186,3.181,Asteroid,AMO,Y,Y
424532 (2008 EZ97),424532,1.269391016,3.553814528,2.411602772,0.473631797,8.478518529,68.74773913,197.2435992,2460083.358,0.256985,1367.908627,3.745129711,3.344,Asteroid,AMO,Y,N
413123 (2001 XS1),413123,1.184464086,4.156238862,2.670351474,0.556438882,10.93879664,266.9098285,164.7555753,2460205.976,0.203521,1593.86329,4.363759863,3.117,Asteroid,AMO,Y,N
161998 (1988 PA),161998,1.277485986,3.018714414,2.1481002,0.405294973,8.224093375,162.1107209,137.6698866,2460004.168,0.281135,1149.95337,3.148400739,3.585,Asteroid,AMO,Y,N
503274 (2015 QE9),503274,1.19683783,1.988508157,1.592672993,0.248535114,11.37096544,135.9280859,321.9644487,2460395.774,0.235381,734.155997,2.010009574,4.318,Asteroid,AMO,Y,N
152942 (2000 FN10),152942,1.052521051,2.823758291,1.938139671,0.45694262,27.07652884,8.166324982,235.4209139,2460557.158,0.179834,985.5440347,2.698272511,3.651,Asteroid,AMO,Y,N
513572 (2010 VX39),513572,1.037294329,2.549672534,1.793483432,0.421631496,11.31090256,77.1134438,15.3579361,2459916.08,0.0595698,877.2926287,2.401896314,3.945,Asteroid,AMO,Y,N
461501 (2003 FT3),461501,1.158695418,4.200207167,2.679451292,0.567562426,4.321575065,181.5381104,84.69726813,2460813.341,0.163806,1602.017393,4.386084582,3.12,Asteroid,AMO,Y,N
520585 Saci (2014 OA2),520585,1.175208975,2.029809827,1.602509401,0.266644567,6.17940388,118.7470323,184.5736217,2460569.218,0.159399,740.9677498,2.028659137,4.311,Asteroid,AMO,Y,N
612556 (2003 OA3),612556,1.176475581,2.434206312,1.805340947,0.348336067,17.67492049,189.6448336,148.3240392,2459993.972,0.202554,886.0072497,2.425755646,3.934,Asteroid,AMO,Y,N
366470 (2002 FD),366470,1.02187919,1.825548149,1.42371367,0.282243886,22.81302952,182.1705853,267.1740302,2460318.671,0.232784,620.4866032,1.698799735,4.58,Asteroid,AMO,Y,N
513776 (2013 AA2),513776,1.297301603,4.426905156,2.862103379,0.546731396,6.858502228,155.6256962,259.6360039,2459750.235,0.335107,1768.58689,4.84212701,3.051,Asteroid,AMO,Y,N
497176 (2004 TQ13),497176,1.292221194,4.060321093,2.676271143,0.517156101,10.47438531,233.1583248,163.3280491,2459665.588,0.304023,1599.166171,4.378278359,3.151,Asteroid,AMO,Y,N
504994 (2011 JU2),504994,1.086037233,2.941719938,2.013878586,0.46072358,56.10787536,47.21175592,301.3141589,2460064.933,0.266351,1043.874654,2.857973043,3.2,Asteroid,AMO,Y,N
461365 (2000 JF1),461365,1.198124953,3.174076562,2.186100757,0.451935164,11.39737315,54.89241701,220.3586927,2459991.711,0.216361,1180.602474,3.232313413,3.514,Asteroid,AMO,Y,N
276392 (2002 XH4),276392,1.172908145,2.043511799,1.608209972,0.270674747,14.52140354,93.44934109,213.7303406,2459866.749,0.183087,744.9250055,2.039493513,4.272,Asteroid,AMO,Y,N
276786 (2004 KD1),276786,1.151368061,2.287250569,1.719309315,0.330331051,10.12566028,271.4669926,9.92760034,2460566.005,0.136362,823.4352433,2.254442829,4.095,Asteroid,AMO,Y,N
163001 (2001 SE170),163001,1.160063186,3.086639116,2.123351151,0.453663995,19.98000113,216.5155464,124.9801914,2460039.861,0.263684,1130.137172,3.094146945,3.521,Asteroid,AMO,Y,N
 15745 Yuliya (1991 PM5),15745,1.281335898,2.15866526,1.720000579,0.255037519,14.42614658,132.5976242,140.6583103,2459949.858,0.296119,823.9318977,2.255802595,4.102,Asteroid,AMO,Y,N
439889 (2000 PG5),439889,1.131424846,3.04229192,2.086858383,0.457833432,6.116198313,309.7482033,358.7326056,2460565.844,0.116237,1101.128223,3.014724773,3.613,Asteroid,AMO,Y,N
326946 (2004 EN20),326946,1.156593993,2.574797052,1.865695522,0.380073555,40.12252313,185.5493384,246.3770494,2460378.218,0.343398,930.8068714,2.548410325,3.636,Asteroid,AMO,Y,N
196256 (2003 EH1),196256,1.191036627,5.05497505,3.123005838,0.618624912,70.86183244,282.9913766,171.3028222,2460759.816,0.211378,2015.847253,5.519088987,2.065,Asteroid,AMO,Y,N
366833 (2005 MC),366833,1.067505686,4.16821852,2.617862103,0.592222339,27.27399787,287.3113484,124.9880171,2459774.53,0.224456,1547.100677,4.235730806,3.004,Asteroid,AMO,Y,N
533011 (2014 AY28),533011,1.022719656,1.828428554,1.425574105,0.282591026,5.709098416,169.5845645,22.68501796,2460477.002,0.0354351,621.7032303,1.702130678,4.649,Asteroid,AMO,Y,Y
523819 (2010 VB72),523819,1.135703014,1.299564215,1.217633614,0.067286744,16.06195771,196.8243271,337.8434479,2460089.749,0.138656,490.7647601,1.343640685,5.201,Asteroid,AMO,Y,N
485051 (2010 CM44),485051,1.198481737,3.434288215,2.316384976,0.482606842,6.282171427,10.73965073,197.1962721,2460470.234,0.196336,1287.699526,3.525529162,3.408,Asteroid,AMO,Y,N
 54401 (2000 LM),54401,1.261692831,2.159487342,1.710590086,0.262422458,18.95327432,240.8413024,67.1036567,2459926.343,0.354228,817.1792926,2.23731497,4.088,Asteroid,AMO,Y,N
101873 (1999 NC5),101873,1.231135385,2.827299561,2.029217473,0.393295494,45.78531749,128.7949807,295.2148432,2460073.573,0.436744,1055.823482,2.890687151,3.365,Asteroid,AMO,Y,N
141078 (2001 XQ30),141078,1.022611124,2.702451971,1.862531547,0.450956347,11.47143216,234.6003916,270.8758387,2459793.711,0.1886,928.440086,2.54193042,3.84,Asteroid,AMO,Y,N
480934 (2003 LX5),480934,1.281820889,4.29671004,2.789265465,0.540445,1.26047347,38.66624964,148.8957794,2459521.977,0.282142,1701.504889,4.6584665,3.097,Asteroid,AMO,Y,N
495168 (2012 HC34),495168,1.125204343,2.579779907,1.852492125,0.392599662,36.32863051,45.13361912,275.0315222,2459858.031,0.420396,920.9434907,2.521405861,3.693,Asteroid,AMO,Y,N
 53110 (1999 AR7),53110,1.29161461,1.99727101,1.64444281,0.214557902,40.62279716,85.42342412,58.21968898,2460524.533,0.408623,770.2409218,2.108804714,3.998,Asteroid,AMO,Y,N
456863 (2007 VX7),456863,1.170894955,2.580932323,1.875913639,0.375826834,16.81786145,243.8637835,105.472195,2459984.558,0.311926,938.4641532,2.56937482,3.839,Asteroid,AMO,Y,N
511002 (2013 MZ5),511002,1.278173589,1.826982352,1.55257797,0.176741128,29.14621427,93.48972854,274.205248,2460131.883,0.459949,706.6080099,1.934587296,4.291,Asteroid,AMO,Y,N
 88264 (2001 KN20),88264,1.177427691,3.119215355,2.148321523,0.451931344,12.06730942,104.9421267,201.4774488,2460157.095,0.172656,1150.131097,3.14888733,3.543,Asteroid,AMO,Y,N
614521 (2009 UK),614521,1.022743217,2.934082265,1.978412741,0.48304861,3.53151191,165.5254523,309.4150804,2460312.291,0.0581435,1016.421346,2.782809983,3.708,Asteroid,AMO,Y,N
 20255 (1998 FX2),20255,1.092135404,3.210133802,2.151134603,0.49229797,9.960705736,180.9353354,17.57370439,2460137.259,0.0998116,1152.390864,3.155074233,3.521,Asteroid,AMO,Y,N
619926 (2006 MA),619926,1.243542489,4.050133554,2.646838021,0.530178092,24.74833494,240.9620361,81.83953366,2460278.89,0.471653,1572.857848,4.306250098,3.064,Asteroid,AMO,Y,N
434051 (2001 UW16),434051,1.120914876,1.607333329,1.364124102,0.178289663,37.60165104,37.02365331,106.6970409,2459921.204,0.239774,581.9413947,1.593268706,4.613,Asteroid,AMO,Y,N
496326 (2013 LB1),496326,1.243541965,3.970594477,2.607068221,0.523011345,31.82859654,262.3686889,313.4735853,2460965.741,0.333615,1537.542116,4.209560892,3.021,Asteroid,AMO,Y,N
418846 (2008 WJ60),418846,1.132581188,2.064961099,1.598771144,0.291592676,16.69323993,259.412553,170.0213898,2459949.145,0.149454,738.3765209,2.021564739,4.27,Asteroid,AMO,Y,N
108519 (2001 LF),108519,1.168935138,2.038097424,1.603516281,0.271017606,16.39488624,267.2607931,343.8014912,2460197.76,0.159677,741.6662005,2.030571391,4.27,Asteroid,AMO,Y,N
 10302 (1989 ML),10302,1.098607219,1.447040047,1.272823633,0.136873962,4.378592567,104.2794979,183.6066348,2460298.952,0.0816704,524.5063766,1.436020196,5.065,Asteroid,AMO,Y,N
248818 (2006 SZ217),248818,1.195334924,2.150326467,1.672830695,0.28544178,29.22337273,241.3559098,163.0749589,2460302.394,0.216428,790.2716641,2.163645898,4.059,Asteroid,AMO,Y,N
606939 (2019 SD3),606939,1.250252247,1.874514108,1.562383177,0.199778732,19.00231787,191.1658303,137.591675,2460144.269,0.285915,713.3123743,1.952942845,4.346,Asteroid,AMO,Y,N
329390 (2001 YP2),329390,1.040995981,2.961909378,2.00145268,0.479879794,27.94558637,92.61894748,288.7308095,2460454.87,0.263485,1034.228298,2.831562761,3.561,Asteroid,AMO,Y,N
163694 (2003 DP13),163694,1.20583349,4.075220237,2.640526864,0.543336026,9.817501191,326.6833091,283.0930627,2460639.27,0.26269,1567.235686,4.290857458,3.149,Asteroid,AMO,Y,N
481984 Cernunnos (2009 KL2),481984,1.165978576,3.232275931,2.199127253,0.469799406,9.458997955,173.7133239,165.8187567,2459868.131,0.161922,1191.170606,3.261247381,3.498,Asteroid,AMO,Y,N
  7236 (1987 PA),7236,1.201575549,4.247453963,2.724514756,0.558976311,16.32963414,308.5006592,337.9421425,2460111.716,0.202211,1642.601342,4.497197378,3.061,Asteroid,AMO,Y,N
339492 (2005 GQ21),339492,1.11928543,1.733415046,1.426350238,0.21528009,47.02755963,203.2435689,143.633007,2459902.967,0.159958,622.2110152,1.703520918,4.345,Asteroid,AMO,Y,N
447795 (2007 TH19),447795,1.247423688,3.768554478,2.507989083,0.502619969,2.274416473,86.34628071,194.9572217,2459952.48,0.230594,1450.730994,3.971884993,3.274,Asteroid,AMO,Y,N
480004 (2014 KD91),480004,1.067208742,3.637945906,2.352577324,0.546366136,32.24912888,202.8319846,234.2822267,2460369.529,0.216264,1317.996591,3.608478004,3.164,Asteroid,AMO,Y,N
535148 (2014 XR6),535148,1.21150449,3.964681308,2.588092899,0.531892966,27.1340962,67.95697764,70.79599253,2460075.542,0.42813,1520.786395,4.163686228,3.073,Asteroid,AMO,Y,N
480824 (1999 JO6),480824,1.298897724,3.861020995,2.57995936,0.496543339,27.85381411,64.32303715,250.9478937,2460527.302,0.486813,1513.62302,4.144073978,3.098,Asteroid,AMO,Y,N
499496 (2010 MR87),499496,1.056688496,2.411113485,1.73390099,0.390571606,34.99472351,195.2761049,132.4983836,2460435.824,0.150237,833.9401221,2.28320362,3.872,Asteroid,AMO,Y,N
219527 (2001 QK142),219527,1.148782754,3.81962937,2.484206062,0.537565433,5.781881141,40.47317169,319.6391504,2460724.998,0.160674,1430.144278,3.915521636,3.254,Asteroid,AMO,Y,N
162741 (2000 WG6),162741,1.160662775,3.477392417,2.319027596,0.499504544,11.84685523,60.72907396,330.0981594,2459597.751,0.189727,1289.90374,3.531563969,3.376,Asteroid,AMO,Y,N
370688 (2004 GD28),370688,1.167497059,4.164405597,2.665951328,0.562071127,25.0406873,219.2098945,92.65259777,2459631.257,0.446384,1589.925414,4.352978547,3.025,Asteroid,AMO,Y,N
424089 (2007 DU103),424089,1.230714567,3.696543243,2.463628905,0.500446449,23.19901222,338.2466969,294.6232262,2460041.423,0.374238,1412.411885,3.86697299,3.207,Asteroid,AMO,Y,N
523594 (2001 YO3),523594,1.117363448,1.561762949,1.339563198,0.16587478,13.12508576,272.7525969,129.6299711,2460142.616,0.173311,566.2956667,1.550433037,4.859,Asteroid,AMO,Y,N
 48603 (1995 BC2),48603,1.093104267,2.742114569,1.917609418,0.429965113,5.025430456,328.2304764,81.80455594,2460323.329,0.136025,969.9261262,2.655513008,3.805,Asteroid,AMO,Y,N
354030 (2001 RB18),354030,1.081249401,3.61469541,2.347972406,0.539496547,4.180039939,198.2476782,175.3405501,2460076.286,0.08163,1314.128729,3.597888375,3.344,Asteroid,AMO,Y,N
 31346 (1998 PB1),31346,1.157400217,2.901703576,2.029551896,0.429726227,5.961869819,299.7269229,350.4956873,2460517.14,0.141589,1056.084499,2.891401777,3.686,Asteroid,AMO,Y,N
 14402 (1991 DB),14402,1.025992133,2.404383143,1.715187638,0.401819305,11.41558631,158.21431,51.39070166,2459858.317,0.10186,820.4760033,2.246340872,4.064,Asteroid,AMO,Y,N
496837 (1998 SB15),496837,1.028445054,1.424417858,1.226431456,0.161432912,15.62676092,6.753734315,67.66490589,2460087.535,0.111851,496.0932846,1.35822939,5.166,Asteroid,AMO,Y,N
413091 (2001 UV16),413091,1.085956265,3.290283931,2.188120098,0.503703537,38.05667036,30.72119095,92.4089503,2460633.522,0.442581,1182.238667,3.236793066,3.26,Asteroid,AMO,Y,N
326332 (2000 GS146),326332,1.047295902,1.561496376,1.304396139,0.197102881,46.85184678,33.67544615,80.75652014,2460234.701,0.213397,544.1425453,1.489781096,4.66,Asteroid,AMO,Y,N
142563 (2002 TR69),142563,1.088910354,2.230554311,1.659732332,0.343924118,20.49228067,341.9767875,192.2727203,2459896.779,0.100913,781.0080466,2.138283495,4.129,Asteroid,AMO,Y,N
189973 (2003 XE11),189973,1.148697267,2.540382054,1.844539661,0.377244474,26.96136998,223.4665861,173.2069154,2460319.522,0.158433,915.0196559,2.505187285,3.804,Asteroid,AMO,Y,N
508796 (2000 KN44),508796,1.194011623,4.2478273,2.720919462,0.561173478,26.28578619,75.14225209,97.62071307,2459808.764,0.453006,1639.351028,4.488298502,2.986,Asteroid,AMO,Y,N
162581 (2000 SA10),162581,1.080892432,2.253498643,1.667195538,0.35167027,15.89190422,200.3190825,248.1901733,2460557.527,0.211429,786.2818226,2.152722307,4.14,Asteroid,AMO,Y,N
386298 (2008 SR7),386298,1.067886401,1.576990238,1.322438319,0.192486798,15.31334546,324.5314053,296.860782,2460164.925,0.134865,555.4712227,1.520797324,4.889,Asteroid,AMO,Y,N
594769 (2017 XD62),594769,1.130365251,2.155439721,1.642902486,0.311970576,26.59254164,259.7895873,77.40032042,2460275.938,0.306585,769.1589661,2.105842481,4.122,Asteroid,AMO,Y,N
259802 (2004 BJ86),259802,1.175310388,2.333872526,1.754591457,0.330151539,31.42524245,124.0949253,65.37228172,2459919.536,0.340112,848.9115503,2.324193156,3.901,Asteroid,AMO,Y,N
  1917 Cuyo (1968 AA),1917,1.062613722,3.236452402,2.149533062,0.505653697,23.96108231,188.2843142,194.5472553,2460488.86,0.0719011,1151.104153,3.151551412,3.434,Asteroid,AMO,Y,N
504505 (2008 MH1),504505,1.14821842,4.267146364,2.707682392,0.575940508,7.732297626,303.3767406,15.58915321,2459593.482,0.13803,1627.402609,4.455585514,3.09,Asteroid,AMO,Y,N
410622 (2008 QF),410622,1.294098985,2.860524253,2.077311619,0.377031846,3.78550426,192.554098,136.5308185,2460172.364,0.287329,1093.580864,2.99406123,3.673,Asteroid,AMO,Y,N
516420 (2003 FS2),516420,1.202203311,3.636151851,2.419177581,0.503052888,13.33852584,191.9402616,28.19643736,2459591.008,0.217471,1374.358557,3.762788656,3.298,Asteroid,AMO,Y,N
619492 (2004 KZ14),619492,1.05625047,2.018438614,1.537344542,0.312938355,7.893148656,200.1801183,310.7998811,2459998.986,0.102228,696.234023,1.906184868,4.407,Asteroid,AMO,Y,N
474425 (2002 YF4),474425,1.16947553,2.340582598,1.755029064,0.333643212,33.68109386,61.65903054,93.57723225,2460347.561,0.429624,849.2291565,2.325062715,3.876,Asteroid,AMO,Y,N
318050 (2004 FC32),318050,1.271267299,2.574686225,1.922976762,0.338906572,10.93210202,80.82176987,172.8092444,2459999,0.256526,974.0011755,2.666669885,3.829,Asteroid,AMO,Y,N
455192 (2000 QN130),455192,1.220479432,4.544885453,2.882682443,0.57661676,2.682376625,100.0104169,306.1718753,2460876.04,0.232979,1787.695847,4.894444483,3.02,Asteroid,AMO,Y,N
514846 (2008 EQ7),514846,1.095942763,1.726213952,1.411078357,0.223329621,5.967216672,142.4151234,65.43512054,2460081.109,0.131825,612.2448253,1.676234977,4.697,Asteroid,AMO,Y,N
399446 (2002 GF1),399446,1.237258657,2.897984229,2.067621443,0.401602909,1.821497762,66.75207021,154.5868461,2460007.275,0.228485,1085.937844,2.97313578,3.671,Asteroid,AMO,Y,N
518646 (2008 QD1),518646,1.247764834,3.258788419,2.253276627,0.446244274,6.913089773,72.68456805,261.1408524,2459639.703,0.271625,1235.435836,3.382438975,3.478,Asteroid,AMO,Y,N
475665 (2006 VY13),475665,1.128417621,4.711452704,2.919935162,0.613547028,4.673230363,139.8636396,17.57850302,2459618.166,0.139235,1822.460981,4.989626232,2.961,Asteroid,AMO,Y,N
523795 (2015 TQ178),523795,1.106184014,3.168237572,2.137210793,0.482416981,3.705608632,262.830197,46.83373205,2460635.485,0.102614,1141.220239,3.124490729,3.555,Asteroid,AMO,Y,N
483878 (2005 YS165),483878,1.093873238,2.843653494,1.968763366,0.44438562,33.97954804,86.0738085,10.30796883,2459822.538,0.113852,1008.994285,2.762475796,3.557,Asteroid,AMO,Y,N
499490 (2010 MW),499490,1.205114686,3.350655008,2.277884847,0.470950128,21.35373246,246.2562502,105.6288651,2460528.701,0.386378,1255.729437,3.437999827,3.372,Asteroid,AMO,Y,N
170891 (2004 TY16),170891,1.177936247,2.785755807,1.981846027,0.40563685,8.155108596,329.8544956,177.455963,2460641.274,0.188302,1019.068301,2.790056949,3.742,Asteroid,AMO,Y,N
416851 (2005 MM13),416851,1.15539039,2.234443424,1.694916907,0.318320335,22.9943941,100.5384805,254.8049008,2460123.883,0.310143,805.9740232,2.206636614,4.066,Asteroid,AMO,Y,N
341050 (2007 HZ),341050,1.139843418,1.518589046,1.329216232,0.142469532,7.420578489,208.3133808,259.102797,2460239.106,0.201642,559.747137,1.53250414,4.907,Asteroid,AMO,Y,N
477492 (2010 CG19),477492,1.271641228,1.854951523,1.563296376,0.186564206,61.93361492,148.9692447,117.5041342,2460434.146,0.370098,713.9378523,1.954655311,3.835,Asteroid,AMO,Y,N
152895 (2000 CQ101),152895,1.155639926,3.421084052,2.288361989,0.494992518,2.969710006,29.75885164,174.3044584,2460545.957,0.151034,1264.402992,3.461746726,3.425,Asteroid,AMO,Y,N
  4957 Brucemurray (1990 XJ),4957,1.222910187,1.908049578,1.565479882,0.218827274,35.01054812,254.8811116,97.50489333,2460301.519,0.424412,715.4341447,1.958751936,4.201,Asteroid,AMO,Y,N
248926 (2006 WZ2),248926,1.134745383,2.253838214,1.694291798,0.330253865,24.65256294,354.3631739,65.98130699,2460416.859,0.275745,805.528183,2.20541597,4.05,Asteroid,AMO,Y,N
430802 (2004 XK4),430802,1.183607492,2.47077784,1.827192666,0.352226224,8.447371999,69.25311941,50.83888704,2460620.821,0.228676,902.1420825,2.469930411,3.945,Asteroid,AMO,Y,N
477719 (2010 SG15),477719,1.087921322,3.069285579,2.07860345,0.476609489,0.82808807,182.2512505,199.6126107,2459866.587,0.0902573,1094.601131,2.996854568,3.614,Asteroid,AMO,Y,N
 27031 (1998 RO4),27031,1.230627871,3.048738275,2.139683073,0.42485507,5.355961451,191.8445353,111.8694438,2460147.683,0.235538,1143.20102,3.129913813,3.588,Asteroid,AMO,Y,N
410650 (2008 SQ1),410650,1.226693789,4.678338646,2.952516218,0.584525978,6.721089684,269.8523337,151.0048024,2460365.904,0.246229,1853.048834,5.073371208,2.976,Asteroid,AMO,Y,N
320378 (2007 UR3),320378,1.117579888,2.002292453,1.559936171,0.283573322,1.312496038,156.0748752,316.2597654,2460192.771,0.133763,711.6372443,1.948356589,4.385,Asteroid,AMO,Y,N
 27346 (2000 DN8),27346,1.127028948,2.623461957,1.875245453,0.398996571,36.94342117,135.2024982,269.2604243,2459831.503,0.443681,937.9627869,2.568002154,3.655,Asteroid,AMO,Y,N
477490 (2010 CG18),477490,1.113458048,1.764014889,1.438736469,0.226086172,10.15454459,78.78646835,351.5901607,2460232.37,0.128631,630.3333782,1.725758736,4.625,Asteroid,AMO,Y,N
152952 (2000 GC2),152952,1.124893335,1.642212114,1.383552725,0.186953041,55.2971985,358.6903159,280.234519,2460097.233,0.279539,594.4180625,1.62742796,4.338,Asteroid,AMO,Y,N
415746 (2000 JN10),415746,1.289560375,3.226830577,2.258195476,0.428942096,21.4508525,47.10342939,254.6334625,2460447.736,0.443838,1239.483433,3.393520693,3.412,Asteroid,AMO,Y,N
251732 (1998 HG49),251732,1.065541948,1.335592602,1.200567275,0.112467939,4.195234463,44.80579674,324.2830043,2460268.583,0.0763792,480.4831684,1.315491221,5.286,Asteroid,AMO,Y,N
431776 (2008 JQ24),431776,1.297988582,3.262508049,2.280248316,0.430768757,9.591691311,87.80191588,238.2072279,2459826.182,0.323262,1257.684308,3.443351972,3.46,Asteroid,AMO,Y,N
 88188 (2000 XH44),88188,1.223227274,2.793735421,2.008481347,0.390969065,11.34216464,340.1288246,195.3657082,2460361.489,0.2329,1039.681057,2.8464916,3.712,Asteroid,AMO,Y,N
 67367 (2000 LY27),67367,1.030267264,1.586811496,1.30853938,0.212658572,9.023384782,264.5124593,184.8108659,2460222.406,0.0457222,546.7371981,1.496884868,4.944,Asteroid,AMO,Y,Y
427621 (2003 UN12),427621,1.286902743,3.026812629,2.156857686,0.403343693,6.898776381,40.48881832,257.9286454,2459722.094,0.301698,1156.992816,3.167673692,3.582,Asteroid,AMO,Y,N
  1916 Boreas (1953 RA),1916,1.250583655,3.293876688,2.272230171,0.449622811,12.88159802,340.6006889,335.8883768,2459627.317,0.251822,1251.056461,3.425205917,3.441,Asteroid,AMO,Y,N
137911 (2000 AB246),137911,1.166579548,3.443518133,2.30504884,0.49390246,3.757611684,29.36887477,312.3694822,2460440.815,0.166573,1278.25831,3.499680519,3.412,Asteroid,AMO,Y,N
467475 (2006 RG7),467475,1.224826011,2.54528911,1.885057561,0.350244769,22.02471063,180.9786027,192.1201585,2460650.013,0.227347,945.3341585,2.58818387,3.806,Asteroid,AMO,Y,N
439854 (1998 XA5),439854,1.079795341,2.036890556,1.558342949,0.307087479,31.75532691,274.160541,211.3084148,2460441.11,0.129737,710.5472895,1.945372456,4.225,Asteroid,AMO,Y,N
506425 (2000 DQ110),506425,1.243515811,5.478059566,3.360787688,0.62999275,58.2704575,347.8207,95.4036664,2460463.653,0.706168,2250.401679,6.161264009,2.205,Asteroid,AMO,Y,N
430439 (2000 LF6),430439,1.20228928,4.704155438,2.953222359,0.592889009,15.59962667,87.55799918,151.3480856,2460881.733,0.214253,1853.713653,5.075191384,2.931,Asteroid,AMO,Y,N
137125 (1999 CT3),137125,1.238618386,1.614911225,1.426764805,0.13186926,34.2334322,321.9183607,268.2099241,2460080.528,0.379418,622.4823025,1.704263662,4.505,Asteroid,AMO,Y,N
620844 (2006 SA7),620844,1.270547853,2.705542965,1.988045409,0.36090602,35.58312941,0.558244525,265.215802,2459974.134,0.551774,1023.853635,2.803158482,3.555,Asteroid,AMO,Y,N
613775 (2007 RU12),613775,1.260393486,3.321599663,2.290996575,0.449849249,7.016085935,56.22413254,334.7209306,2460727.952,0.271665,1266.587176,3.467726698,3.448,Asteroid,AMO,Y,N
 26663 (2000 XK47),26663,0.816845324,2.275664608,1.546254966,0.471726629,13.52746637,303.6066636,231.2167055,2460388.329,0.0355171,702.2958271,1.922781183,4.3,Asteroid,APO,Y,Y
387717 (2003 DN4),387717,0.598914448,1.691139172,1.14502681,0.47694286,36.31799658,157.7896929,141.6095705,2460423.288,0.286981,447.5297494,1.225269677,5.209,Asteroid,APO,Y,N
504711 (2009 SP171),504711,0.873061694,1.838215332,1.355638513,0.355977507,25.6249074,223.0820461,285.2160719,2460472.861,0.0599222,576.5198628,1.57842536,4.698,Asteroid,APO,Y,N
177016 (2003 BM47),177016,0.484998467,1.835446814,1.160222641,0.581978105,13.80552484,137.5820272,155.3484649,2460106.029,0.157262,456.4680985,1.249741543,5.231,Asteroid,APO,Y,N
543319 (2013 YE38),543319,0.775283613,3.356724015,2.066003814,0.624742409,34.17169939,79.6156177,281.8220849,2459843.053,0.092999,1084.663698,2.96964736,3.333,Asteroid,APO,Y,N
154993 (2005 EA94),154993,0.50990567,2.523160122,1.516532896,0.663768803,10.32348333,104.0715388,309.0085953,2460212.87,0.0748761,682.1441828,1.867608988,4.226,Asteroid,APO,Y,N
620090 (2015 FP332),620090,0.914944411,4.789799813,2.852372112,0.679233854,36.51616207,126.9312355,173.2247712,2460809.746,0.097441,1759.574661,4.817452871,2.698,Asteroid,APO,Y,N
434740 (2006 GZ),434740,0.947548318,2.107599799,1.527574058,0.379703843,12.48618494,25.59053923,292.5077814,2460196.846,0.0831286,689.6072816,1.888041839,4.385,Asteroid,APO,Y,N
419624 (2010 SO16),419624,0.928087625,1.079459595,1.00377361,0.07540145,14.51500106,40.35020086,109.2106105,2460026.487,0.0300497,367.3263532,1.005684745,6.032,Asteroid,APO,Y,Y
 12923 Zephyr (1999 GK4),12923,0.997309204,2.927932548,1.962620876,0.491848265,5.304990464,168.1848652,147.1067098,2460456.6,0.0215398,1004.275916,2.749557608,3.716,Asteroid,APO,Y,Y
613714 (2007 DL41),613714,0.763289001,2.151607895,1.457448448,0.476284048,4.671669747,150.7292147,140.2411819,2460090.02,0.046149,642.6702998,1.759535386,4.498,Asteroid,APO,Y,Y
  4544 Xanthus (1989 FB),4544,0.781296468,1.302679006,1.041987737,0.250186504,14.14461299,23.95672438,333.8553312,2460217.992,0.173816,388.501177,1.063658253,5.834,Asteroid,APO,Y,N
164120 (2003 YK),164120,0.894850133,2.12926195,1.512056041,0.408189837,11.03171969,345.6268315,189.6415468,2459891.157,0.0852888,679.1258451,1.85934523,4.407,Asteroid,APO,Y,N
385252 (2001 EB18),385252,0.859519186,1.246338598,1.052928892,0.183687339,50.06312607,155.4685904,101.9116806,2460346.573,0.0290219,394.636264,1.080455206,5.51,Asteroid,APO,Y,Y
 87025 (2000 JT66),87025,0.633531428,1.819459374,1.226495401,0.483462044,25.31803141,120.4940361,359.6157016,2460040.578,0.351804,496.1320839,1.358335616,5.011,Asteroid,APO,Y,N
526825 (2007 CK26),526825,0.96285884,2.629000233,1.795929536,0.463866026,32.3963326,147.2889217,97.53377879,2460413.388,0.238175,879.0880298,2.406811854,3.776,Asteroid,APO,Y,N
471323 (2011 KW15),471323,0.592156934,1.747568417,1.169862676,0.493823551,23.65732638,283.3585023,97.50702419,2460416.68,0.0440731,462.1689389,1.265349593,5.203,Asteroid,APO,Y,Y
 17511 (1992 QN),17511,0.762700103,1.616547559,1.189623831,0.358872878,9.582007601,355.9025221,202.4164024,2460112.183,0.132876,473.9285916,1.297545768,5.254,Asteroid,APO,Y,N
  4015 Wilson-Harrington (1979 VA),4015,0.967030676,4.28260956,2.624820118,0.631582115,2.79878428,266.7607524,95.47140334,2459816.145,0.0426859,1553.272831,4.252629244,3.082,Asteroid,APO,Y,Y
 55408 (2001 TC2),55408,0.852938948,1.346836122,1.099887535,0.224521671,30.39223385,193.8298041,353.5540996,2460358.924,0.147438,421.3285099,1.153534593,5.504,Asteroid,APO,Y,N
459872 (2014 EK24),459872,0.938123642,1.079601498,1.00886257,0.070117507,4.803520551,340.545965,63.92819732,2460294.508,0.030052,370.1233133,1.013342405,6.033,Asteroid,APO,Y,Y
290772 (2005 VC),290772,0.84804302,3.322408341,2.08522568,0.593308759,4.486140079,227.8174017,290.3642909,2460515.393,0.0197935,1099.836236,3.011187504,3.511,Asteroid,APO,Y,Y
 68267 (2001 EA16),68267,0.864664352,2.154837772,1.509751062,0.427280183,38.82769444,8.007043445,317.442227,2460293.324,0.0587745,677.5735473,1.85509527,4.205,Asteroid,APO,Y,N
414990 (2011 EM51),414990,0.878601073,1.764011654,1.321306363,0.335051206,1.864459889,134.1635191,142.2358319,2460160.533,0.012935,554.7581826,1.518845127,4.887,Asteroid,APO,Y,Y
438105 (2005 GO22),438105,0.338156535,3.489411545,1.91378404,0.823304758,1.563559442,61.75979948,19.08269409,2460189.179,0.018653,967.0252622,2.647570875,3.407,Asteroid,APO,Y,Y
137158 (1999 FB),137158,0.463737112,1.896186882,1.179961997,0.60698979,12.89786534,37.09162099,3.050121963,2460062.498,0.197634,468.1666327,1.281770384,5.148,Asteroid,APO,Y,N
382395 (1990 SM),382395,0.496969125,3.713672284,2.105320705,0.763946118,11.61403137,136.2061797,107.6902974,2460346.5,0.0309345,1115.772926,3.054819784,3.276,Asteroid,APO,Y,Y
620067 (2010 UE7),620067,0.536220375,3.088535164,1.812377769,0.704134323,9.419315917,125.0661524,165.7403364,2459894.604,0.153015,891.192487,2.439952052,3.698,Asteroid,APO,Y,N
520808 (2014 TF64),520808,0.938671775,2.287790446,1.613231111,0.418141785,52.67900986,217.966379,114.2508813,2459875.885,0.130955,748.4164246,2.049052497,3.839,Asteroid,APO,Y,N
381989 (2010 HR80),381989,0.679539469,2.015336098,1.347437784,0.495680263,26.71607169,6.218720678,291.3279586,2459965.492,0.104764,571.2964283,1.564124376,4.651,Asteroid,APO,Y,N
318411 (2005 AH14),318411,0.908166744,3.726201396,2.31718407,0.608073111,12.83107505,59.30628111,192.5281607,2459896.805,0.0828596,1288.36592,3.527353647,3.279,Asteroid,APO,Y,N
279816 (2000 JE5),279816,0.742271141,1.734152618,1.238211879,0.400529786,50.74235125,41.22714288,285.1711553,2460318.135,0.0467674,503.2582189,1.377845911,4.768,Asteroid,APO,Y,Y
 90367 (2003 LC5),90367,0.662880099,1.648246971,1.155563535,0.426357721,16.88147008,86.82294449,313.8469354,2460181.881,0.151626,453.7213024,1.242221225,5.319,Asteroid,APO,Y,N
 86878 (2000 HD24),86878,0.511822279,2.171467153,1.341644716,0.618511315,9.473180574,230.9873543,214.9129662,2460105.085,0.102742,567.6161106,1.554048215,4.665,Asteroid,APO,Y,N
612509 (2002 UK11),612509,0.561928827,2.085083458,1.323506142,0.575424089,5.366071476,69.18719147,84.54251013,2460434.71,0.0121811,556.1441441,1.522639683,4.753,Asteroid,APO,Y,Y
484795 (2009 DE47),484795,0.793457376,1.39770206,1.095579718,0.275764819,20.06033267,29.82638153,41.87049065,2460249.403,0.143775,418.8556734,1.146764335,5.578,Asteroid,APO,Y,N
459386 (2012 KJ11),459386,0.671989345,2.464495917,1.568242631,0.571501672,35.83710575,339.6201459,305.3177902,2460533.816,0.183932,717.3288702,1.963939412,4.048,Asteroid,APO,Y,N
434196 (2003 HG2),434196,0.919307138,1.205326966,1.062317052,0.134620746,19.77898336,214.2421379,225.3711271,2460216.665,0.0402112,399.926015,1.094937755,5.741,Asteroid,APO,Y,Y
517681 (2015 DE198),517681,0.859692746,3.264623952,2.062158349,0.583110217,12.24759825,33.24635795,218.1415619,2460448.823,0.0439028,1081.636771,2.961360085,3.523,Asteroid,APO,Y,Y
422699 (2000 PD3),422699,0.814953781,3.181163948,1.998058864,0.592127241,7.699996118,298.6597244,110.1837623,2460109.513,0.0266904,1031.59884,2.824363695,3.594,Asteroid,APO,Y,Y
533638 (2014 KT86),533638,0.988021023,1.386231238,1.18712613,0.167720264,22.45878354,69.0540121,288.939755,2460216.596,0.0987457,472.436805,1.293461478,5.253,Asteroid,APO,Y,N
267131 (2000 EK26),267131,0.826251143,3.994076886,2.410164015,0.657180533,15.64064029,126.4214001,305.4987994,2459686.581,0.002888,1366.684672,3.741778705,3.147,Asteroid,APO,Y,Y
486692 (2013 VC13),486692,0.627715922,2.420240915,1.523978418,0.588107079,7.194853145,199.9948326,61.34094972,2459952.809,0.0580914,687.1738939,1.881379586,4.283,Asteroid,APO,Y,N
388798 (2008 BU2),388798,0.360026788,2.254021429,1.307024109,0.724544646,38.40428949,115.2972414,212.8809173,2460334.753,0.251743,545.787801,1.494285561,4.522,Asteroid,APO,Y,N
 65803 Didymos (1996 GT),65803,1.013089381,2.272240737,1.642665059,0.383264789,3.41415073,72.98786791,319.5786095,2459874.309,0.0394999,768.9922375,2.105386003,4.204,Asteroid,APO,Y,Y
204232 (2004 DG2),204232,0.544791678,1.950306884,1.247549281,0.563310495,17.33695757,329.2541331,343.3758973,2460340.337,0.252762,508.9615708,1.393460837,4.943,Asteroid,APO,Y,N
442605 (2012 HY33),442605,0.912252059,3.083646408,1.997949234,0.543405786,14.69744936,63.57934865,270.8370713,2460317.374,0.164162,1031.513937,2.824131245,3.611,Asteroid,APO,Y,N
354182 (2002 DU3),354182,0.872547288,1.418262125,1.145404707,0.238219223,8.700353635,0.67518887,245.5434219,2460025.436,0.00820477,447.7513169,1.225876295,5.444,Asteroid,APO,Y,Y
152679 (1998 KU2),152679,1.0066003,3.494841056,2.250720678,0.552765339,4.929480426,205.7141718,120.3363398,2459701.805,0.0596995,1233.334353,3.376685429,3.404,Asteroid,APO,Y,N
423022 (2003 TJ2),423022,0.693271964,1.943336641,1.318304303,0.474118409,17.44645543,341.4685055,299.0032031,2460048.144,0.112022,552.8686077,1.513671753,4.793,Asteroid,APO,Y,N
484402 (2007 XH16),484402,0.908319611,1.46565674,1.186988176,0.234769453,27.42785109,91.27108431,58.33973738,2460176.712,0.0129385,472.3544551,1.293236017,5.208,Asteroid,APO,Y,Y
 85938 (1999 DJ4),85938,0.955348031,2.750581617,1.852964824,0.484421928,9.141382418,19.87691649,197.7614242,2460493.217,0.0250381,921.2960079,2.522371,3.839,Asteroid,APO,Y,Y
155110 (2005 TB),155110,0.821828266,1.700956075,1.261392171,0.348475212,30.38440015,226.1759473,44.76795444,2460312.539,0.11256,517.456234,1.416717958,4.921,Asteroid,APO,Y,N
314079 (2005 CV25),314079,0.866185124,1.647682811,1.256933968,0.310874599,23.8722068,326.7007819,357.417519,2460367.019,0.145335,514.7153513,1.40921383,4.994,Asteroid,APO,Y,N
476187 (2007 UQ13),476187,0.669393453,1.660657199,1.165025326,0.425425836,29.30428002,217.6686379,29.41552853,2460224.352,0.293329,459.3053207,1.257509434,5.213,Asteroid,APO,Y,N
396794 (2004 KT),396794,0.622502825,3.085777357,1.854140091,0.664263327,43.62755749,267.9186598,238.4747422,2460437.122,0.18696,922.1726629,2.524771151,3.452,Asteroid,APO,Y,N
458418 (2011 AM12),458418,0.856841468,2.851540482,1.854190975,0.537889311,38.50392791,124.7669286,237.7365989,2460088.671,0.0070894,922.2106243,2.524875084,3.594,Asteroid,APO,Y,Y
162000 (1990 OS),162000,0.901763014,2.454699455,1.678231235,0.462670581,1.091952054,346.5172734,21.57848058,2460071.754,0.00900026,794.1017014,2.174131968,4.107,Asteroid,APO,Y,Y
523600 (2003 RC2),523600,0.959064756,2.090989803,1.52502728,0.371116328,42.31600979,165.6400392,273.1394095,2460544.106,0.25543,687.8834257,1.883322179,4.155,Asteroid,APO,Y,N
154656 (2004 FE3),154656,0.815183048,3.804294338,2.309738693,0.647066982,22.95645538,339.1002069,338.2567859,2459678.886,0.15346,1282.16141,3.510366625,3.188,Asteroid,APO,Y,N
228368 (2000 WK10),228368,0.44097064,2.517063015,1.479016828,0.701848801,14.73433189,57.93647638,244.5233048,2460325.096,0.0225108,656.9890022,1.798737857,4.253,Asteroid,APO,Y,Y
153243 (2001 AU47),153243,0.60963761,1.988093171,1.298865391,0.530638344,35.97441949,311.9035934,9.384776014,2460465.595,0.400968,540.685402,1.480315954,4.692,Asteroid,APO,Y,N
  7335 (1989 JA),7335,0.913043312,2.630271559,1.771657435,0.484638907,15.17451317,61.28009176,232.290336,2460626.43,0.0212432,861.3269851,2.358184764,3.922,Asteroid,APO,Y,Y
451297 (2010 TK54),451297,0.928695029,2.752573682,1.840634356,0.495448389,30.79797173,28.15143752,222.9791019,2459799.988,0.0124034,912.1152411,2.497235431,3.714,Asteroid,APO,Y,Y
489453 (2007 BX48),489453,0.887798775,1.885328594,1.386563685,0.359712947,14.80821082,303.0332106,8.128673197,2460415.422,0.1241,596.3595236,1.632743391,4.684,Asteroid,APO,Y,N
 29075 (1950 DA),29075,0.83510655,2.561222775,1.698164662,0.508229933,12.16995522,356.6452454,224.6705959,2460098.828,0.0413834,808.2917121,2.2129821,4.026,Asteroid,APO,Y,Y
452376 (2002 AC5),452376,0.891288811,2.629192844,1.760240828,0.493655188,16.5438239,82.37479006,331.6994436,2459912.194,0.0486012,853.0147911,2.335427217,3.926,Asteroid,APO,Y,Y
367789 (2011 AG5),367789,0.870677807,1.977323995,1.424000901,0.388569343,3.694418952,135.6158345,54.01151532,2460020.899,0.000697199,620.6743855,1.699313855,4.616,Asteroid,APO,Y,Y
 88254 (2001 FM129),88254,0.437960338,1.926784882,1.18237261,0.629591945,1.522581605,272.1199129,140.212763,2460383.21,0.0100693,469.6020323,1.285700294,5.141,Asteroid,APO,Y,Y
  4769 Castalia (1989 PB),4769,0.549426673,1.576745779,1.063086226,0.483177696,8.884914765,325.5266137,121.4281856,2460240.067,0.0204286,400.3604453,1.09612716,5.677,Asteroid,APO,Y,Y
523941 (1998 HK49),523941,0.92392223,1.839980389,1.381951309,0.331436481,7.6220298,57.27055252,81.56377467,2460349.924,0.075205,593.3863331,1.624603239,4.729,Asteroid,APO,Y,N
153195 (2000 WB1),153195,0.495766611,2.106922473,1.301344542,0.619035086,41.10934536,21.38238341,262.9014601,2460450.456,0.0912156,542.2341541,1.484556206,4.59,Asteroid,APO,Y,N
248590 (2006 CS),248590,0.88395871,4.945662174,2.914810442,0.696735439,52.29762092,172.4119601,346.4278441,2459294.035,0.1006,1817.665239,4.976496206,2.442,Asteroid,APO,Y,N
143637 (2003 LP6),143637,0.202863519,3.289733819,1.746298669,0.883832289,43.56720889,144.498155,260.6755078,2460442.377,0.341457,842.9003055,2.307735265,3.372,Asteroid,APO,Y,N
385605 (2005 EJ225),385605,0.729081128,2.684431255,1.706756191,0.572826434,8.858762647,342.1011488,290.5999639,2460077.986,0.016875,814.4335528,2.229797544,3.976,Asteroid,APO,Y,Y
452639 (2005 UY6),452639,0.286612402,4.211842882,2.249227642,0.872572968,12.20805418,343.5464971,180.9221352,2459958.663,0.179671,1232.107341,3.373326054,2.941,Asteroid,APO,Y,N
523625 (2008 DG17),523625,1.009582447,2.663790019,1.836686233,0.450323943,41.0985657,324.3647166,215.0965347,2460009.828,0.077632,909.1821129,2.489204963,3.633,Asteroid,APO,Y,N
577723 (2013 PF10),577723,0.66325744,2.058402858,1.360830149,0.512608212,17.24911077,168.181529,359.9522029,2460428.768,0.287758,579.8348448,1.587501286,4.662,Asteroid,APO,Y,N
162903 (2001 JV2),162903,0.99497137,1.614094635,1.304533002,0.237296896,47.49426317,216.8953982,301.2442128,2460121.93,0.0859538,544.2281885,1.490015574,4.646,Asteroid,APO,Y,N
489900 (2008 KP),489900,0.231526557,1.969651997,1.100589277,0.789634006,59.85744504,62.44477903,345.0091293,2460226.791,0.362855,421.7317934,1.154638723,5.011,Asteroid,APO,Y,N
153460 (2001 RN),153460,0.592306166,2.235713676,1.414009921,0.581115976,10.09218571,211.4591245,30.3821532,2460076.015,0.139877,614.1537554,1.681461343,4.515,Asteroid,APO,Y,N
162416 (2000 EH26),162416,0.967507045,2.741122227,1.854314636,0.478240086,0.398986116,215.1511439,19.18009805,2459974.705,0.00106668,922.3028827,2.525127673,3.855,Asteroid,APO,Y,Y
352102 (2007 AG12),352102,0.717916056,3.462851067,2.090383561,0.656562523,41.97046955,305.4054618,68.21551393,2460615.959,0.0482126,1103.919485,3.022366831,3.2,Asteroid,APO,Y,Y
299582 (2006 GQ2),299582,0.689322408,1.891358094,1.290340251,0.465782449,25.83657741,13.88443288,64.5341874,2460177.66,0.125548,535.3709406,1.465765751,4.826,Asteroid,APO,Y,N
280136 (2002 OM4),280136,0.653536433,2.338411091,1.495973762,0.563136433,55.29827303,143.0461165,28.15226729,2460359.61,0.299686,668.3198978,1.829760158,3.983,Asteroid,APO,Y,N
 53319 (1999 JM8),53319,0.976406896,4.470211956,2.723309426,0.641463108,13.84032806,133.6212535,166.8198453,2459557.699,0.0254575,1641.511429,4.494213357,2.988,Asteroid,APO,Y,Y
612929 (2005 CR37),612929,1.012047657,2.797145543,1.9045966,0.468628865,26.04563104,335.5181994,209.8295105,2460174.764,0.0608781,960.0700769,2.628528616,3.692,Asteroid,APO,Y,N
420286 (2011 RZ),420286,0.996839088,3.267865444,2.132352266,0.532516693,36.58337192,332.0771148,278.3760551,2460213.067,0.302516,1137.330943,3.113842417,3.31,Asteroid,APO,Y,N
452807 (2006 KV89),452807,0.836286394,1.463479787,1.14988309,0.272720505,3.554084847,71.69507932,87.82777421,2460125.565,0.0136285,450.3798564,1.233072844,5.428,Asteroid,APO,Y,Y
285567 (2000 OM),285567,0.611686265,2.791763703,1.701724984,0.640549284,13.57138906,123.4520389,74.05477782,2460590.736,0.05283,810.8350046,2.219945256,3.911,Asteroid,APO,Y,N
438955 (2010 LN14),438955,0.606198803,1.701260747,1.153729775,0.474574709,1.469751394,342.9693956,33.25289375,2460426.013,0.0180428,452.6417177,1.239265483,5.339,Asteroid,APO,Y,Y
613397 (2006 FE),613397,0.647132693,2.100057103,1.373594898,0.528876604,13.78077668,186.7850997,249.732899,2460217.538,0.074599,588.0123265,1.609890011,4.635,Asteroid,APO,Y,N
613420 (2006 KR1),613420,0.692886602,1.633018427,1.162952515,0.404200435,19.58720402,236.7917783,176.3413884,2460039.341,0.292047,458.0800732,1.254154889,5.289,Asteroid,APO,Y,N
538644 (2016 FA4),538644,0.22548692,1.95826428,1.0918756,0.793486621,16.21029398,53.63256803,281.7403459,2460061.217,0.163731,416.7332648,1.140953497,5.301,Asteroid,APO,Y,N
  5143 Heracles (1991 VL),5143,0.419772292,3.250768329,1.83527031,0.771274951,8.981800917,309.1856183,228.1364806,2460485.706,0.0577415,908.1309671,2.486327083,3.582,Asteroid,APO,Y,N
138359 (2000 GX127),138359,0.729026855,1.553996622,1.141511738,0.361349664,20.23967842,43.98488196,4.738217089,2460370.902,0.261901,445.4705514,1.2196319,5.378,Asteroid,APO,Y,N
  5731 Zeus (1988 VP4),5731,0.788911121,3.743715901,2.266313511,0.65189674,11.19756219,280.5857595,218.4476516,2460024.981,0.0643533,1246.173204,3.411836289,3.278,Asteroid,APO,Y,N
538648 (2016 FS6),538648,0.290383588,2.307679301,1.299031444,0.776461464,37.17998308,165.097102,175.2528641,2460302.02,0.445308,540.7890912,1.480599839,4.507,Asteroid,APO,Y,N
399325 (1999 GY5),399325,0.441692255,1.851116053,1.146404154,0.614715061,24.43100451,203.3804637,232.21401,2460181.418,0.0632757,448.3374872,1.227481142,5.213,Asteroid,APO,Y,N
  1865 Cerberus (1971 UA),1865,0.575688277,1.584159997,1.079924137,0.466917853,16.10210811,212.8888363,325.2963019,2460226.575,0.156423,409.9097976,1.122271862,5.592,Asteroid,APO,Y,N
138727 (2000 SU180),138727,0.831690105,3.378648966,2.105169535,0.604929631,11.91597506,327.9045849,136.2922692,2459704.077,0.0347143,1115.652754,3.05449077,3.463,Asteroid,APO,Y,Y
242643 (2005 NZ6),242643,0.247405174,3.419726524,1.833565849,0.865068836,8.415972238,38.80406698,48.9470181,2460002.081,0.00573757,906.866155,2.482864216,3.427,Asteroid,APO,Y,Y
503966 (2004 RX109),503966,0.416058927,4.003662568,2.209860748,0.811726179,29.0389924,200.594521,37.28766099,2460381.431,0.2719,1199.902032,3.285152722,3.02,Asteroid,APO,Y,N
415987 (2002 AE9),415987,0.63277049,1.611605494,1.122187992,0.436127908,37.88970462,127.4655537,129.1756635,2460207.528,0.200078,434.2070321,1.188794065,5.296,Asteroid,APO,Y,N
484199 (2006 WS1),484199,0.654498192,1.78719068,1.220844436,0.463897142,17.98838515,312.1216411,319.886019,2460376.602,0.206322,492.7072119,1.348958828,5.078,Asteroid,APO,Y,N
 23187 (2000 PN9),23187,0.758693859,2.935368717,1.847031288,0.589236054,51.32777166,164.3090153,293.515441,2460173.865,0.0149859,916.874312,2.510265057,3.419,Asteroid,APO,Y,Y
386847 (2010 LR33),386847,0.909740561,2.474034541,1.691887551,0.462292538,5.833644526,352.0880515,333.2289916,2460222.893,0.0289311,803.8141909,2.200723315,4.082,Asteroid,APO,Y,Y
474163 (1999 SO5),474163,1.015139409,1.156817451,1.08597843,0.065230597,13.36608934,196.0677188,359.7241607,2460353.941,0.013077,413.3616915,1.131722632,5.678,Asteroid,APO,Y,Y
459119 (2012 BJ134),459119,0.377337557,4.134333239,2.255835398,0.83272824,21.26087059,144.5244487,138.2615225,2459768.843,0.159687,1237.540834,3.388202146,2.986,Asteroid,APO,Y,N
136795 Tatsunokingo (1997 BQ),136795,0.911155297,2.583543944,1.74734962,0.478550093,10.99250516,50.13804315,147.5081123,2459801.654,0.0364256,843.661327,2.309818828,3.977,Asteroid,APO,Y,Y
435159 (2007 LQ19),435159,0.964012455,4.24534316,2.604677808,0.629891862,17.05973424,110.8412899,207.6718742,2460428.608,0.00695025,1535.427948,4.203772617,3.048,Asteroid,APO,Y,Y
381181 (2007 LV19),381181,0.999549331,1.943480859,1.471515095,0.320734572,14.89022494,264.0277576,301.3775541,2460089.76,0.0870792,651.9968675,1.785070137,4.51,Asteroid,APO,Y,N
231937 (2001 FO32),231937,0.296071471,3.102467922,1.699269697,0.825765461,39.00417608,181.7178028,123.3659211,2460146.469,0.00339359,809.0808011,2.215142508,3.563,Asteroid,APO,Y,Y
395207 (2010 HQ80),395207,0.800538535,2.33507499,1.567806763,0.489389538,27.85158115,218.4693987,66.30073129,2460441.557,0.00912924,717.0298357,1.9631207,4.165,Asteroid,APO,Y,Y
239849 (1999 VO11),239849,0.826967501,3.684948055,2.255957778,0.633429531,15.74923385,67.45374332,72.3598678,2460225.162,0.0709109,1237.64154,3.388477866,3.287,Asteroid,APO,Y,N
613450 (2006 PY17),613450,0.682032191,3.109573553,1.895802872,0.640240976,2.849005751,309.9305097,133.1561676,2459796.147,0.0258243,953.428637,2.610345344,3.671,Asteroid,APO,Y,Y
514568 (1994 RC),514568,0.897711709,3.62932908,2.263520394,0.603400212,4.75713036,344.2601688,286.5439871,2460761.268,0.0380258,1243.870146,3.405530859,3.347,Asteroid,APO,Y,Y
100004 (1983 VA),100004,0.771271102,4.411229975,2.591250538,0.702355642,15.70073524,76.29441203,13.7138144,2459528.369,0.173859,1523.570429,4.171308498,2.975,Asteroid,APO,Y,N
 86039 (1999 NC43),86039,0.741214484,2.778344895,1.75977969,0.578802683,7.131620069,311.6457335,120.7673534,2460085.547,0.0250966,852.6796111,2.334509544,3.898,Asteroid,APO,Y,Y
350988 (2003 GW),350988,0.954199629,2.687650294,1.820924961,0.475980807,49.43561211,183.1820946,90.63283147,2460048.468,0.324716,897.5042232,2.457232644,3.534,Asteroid,APO,Y,N
226514 (2003 UX34),226514,0.42052647,1.769578416,1.095052443,0.615975954,2.562161929,4.324571576,218.5485919,2460320.089,0.0150522,418.5533329,1.145936572,5.474,Asteroid,APO,Y,Y
401857 (2000 PG3),401857,0.408690488,5.240602019,2.824646253,0.855312683,22.03723319,323.5636037,141.2354131,2460573.703,0.211592,1733.981767,4.747383344,2.55,Asteroid,APO,Y,N
373428 (1999 TC5),373428,0.914830512,3.117706294,2.016268403,0.546275431,29.12566585,192.3074167,282.7240669,2459916.927,0.18664,1045.733314,2.863061776,3.492,Asteroid,APO,Y,N
 26379 (1999 HZ1),26379,0.680838722,2.531506852,1.606172787,0.576111158,8.679343881,252.1025105,200.5873293,2460105.045,0.130786,743.5100137,2.035619476,4.137,Asteroid,APO,Y,N
  6053 (1993 BW3),6053,1.011771145,3.281995813,2.146883479,0.528725636,21.58215335,318.2332,74.93063253,2460338.68,0.221833,1148.976478,3.145726155,3.438,Asteroid,APO,Y,N
202411 (2005 RC),202411,0.533055231,3.77107062,2.152062925,0.752304998,16.2612322,191.9616289,40.57103597,2460454.935,0.193818,1153.136916,3.157116812,3.231,Asteroid,APO,Y,N
172678 (2003 YM137),172678,0.761326703,4.377728031,2.569527367,0.70370944,2.811366865,74.16012646,130.5540794,2460739.735,0.0149631,1504.451869,4.118964733,3.022,Asteroid,APO,Y,Y
155140 (2005 UD),155140,0.162538832,2.387176316,1.274857574,0.872504321,28.65740122,19.70975967,207.6049316,2460445.113,0.0772541,525.7641012,1.439463658,4.506,Asteroid,APO,Y,N
297274 (1996 SK),297274,0.512663229,4.37781333,2.44523828,0.79034222,1.973006802,195.517181,286.3244204,2460159.82,0.00629097,1396.626267,3.823754325,2.967,Asteroid,APO,Y,Y
369452 (2010 LG14),369452,0.269023328,1.82141998,1.045221654,0.742616003,34.20747027,271.2814894,182.8486443,2460085.829,0.369101,390.3112099,1.068613853,5.475,Asteroid,APO,Y,N
152770 (1999 RR28),152770,0.65006264,3.107544975,1.878803808,0.654001851,7.140520109,178.1831595,284.5545217,2459994.534,0.0166081,940.6337871,2.575314954,3.672,Asteroid,APO,Y,Y
265482 (2005 EE),265482,0.758683183,1.498577796,1.12863049,0.327784257,6.170961033,110.7795821,284.74121,2460339.598,0.0188735,437.9515771,1.19904607,5.485,Asteroid,APO,Y,Y
438107 (2005 GY110),438107,0.580319808,3.117757857,1.849038833,0.686150557,12.64171402,294.6054533,169.1350942,2459856.778,0.214603,918.3695488,2.514358792,3.66,Asteroid,APO,Y,N
 14827 Hypnos (1986 JK),14827,0.951689742,4.735574941,2.843632341,0.665326024,1.979479532,57.93645613,238.1677113,2460495.38,0.0149742,1751.493759,4.795328568,2.933,Asteroid,APO,Y,Y
576330 (2012 PW),576330,0.926397686,2.618445412,1.772421549,0.47732655,22.31446871,214.5129932,166.7867855,2460502.616,0.0579071,861.8842793,2.359710553,3.885,Asteroid,APO,Y,N
380455 (2003 UL3),380455,0.465540089,4.044229764,2.254884926,0.793541531,14.42431985,152.8355953,13.50623387,2460427.064,0.228012,1236.758779,3.386060998,3.084,Asteroid,APO,Y,N
533372 (2014 GG17),533372,0.885096666,1.848496072,1.366796369,0.35242975,39.15475421,195.2820444,239.5589236,2460117.551,0.0152984,583.6522331,1.597952726,4.551,Asteroid,APO,Y,Y
 25143 Itokawa (1998 SF36),25143,0.952971336,1.695190088,1.324080712,0.280277005,1.62121758,69.07566123,162.8279193,2460380.111,0.0131138,556.5063391,1.523631318,4.898,Asteroid,APO,Y,Y
500080 (2011 WV134),500080,0.904905544,4.681768532,2.793337038,0.676048564,6.025619654,157.6815678,25.90264655,2459413.79,0.0201702,1705.231854,4.668670374,2.937,Asteroid,APO,Y,Y
382825 (2003 XB22),382825,0.852459511,1.958534867,1.405497189,0.393481881,29.95345987,108.7647878,118.2909426,2460440.112,0.0136149,608.6160469,1.666299923,4.53,Asteroid,APO,Y,Y
614449 (2009 QB36),614449,0.488357514,4.013629524,2.250993519,0.783048014,15.51273102,310.1362137,176.7312223,2460072.289,0.261679,1233.558624,3.377299449,3.1,Asteroid,APO,Y,N
457912 (2009 UW18),457912,0.717652382,1.840584118,1.27911825,0.438947586,16.98742133,227.1993323,59.8455039,2460318.157,0.106882,528.4020208,1.446685889,4.92,Asteroid,APO,Y,N
276049 (2002 CE26),276049,0.980169579,3.486456765,2.233313172,0.561114137,47.28814775,161.885681,228.0440379,2460607.156,0.096494,1219.053787,3.337587371,3.066,Asteroid,APO,Y,N
378124 (2006 VT2),378124,0.349732376,2.175866932,1.262799654,0.723049991,31.83945398,59.42281931,152.65925,2460396.989,0.249491,518.3225556,1.419089817,4.699,Asteroid,APO,Y,N
517046 (2013 AA53),517046,0.426891814,2.137919587,1.2824057,0.66711641,27.86275894,98.35936306,195.9400987,2460404.522,0.347674,530.440391,1.452266642,4.711,Asteroid,APO,Y,N
159677 (2002 HQ11),159677,0.749579662,2.951790735,1.850685198,0.594971818,6.064635609,153.1772277,322.3920192,2460589.017,0.0561971,919.5963825,2.51771768,3.765,Asteroid,APO,Y,N
359242 (2009 FT),359242,0.433677739,2.709143543,1.571410641,0.724020108,14.5620354,90.65915848,220.6556282,2460031.914,0.121373,719.5035837,1.969893453,4.045,Asteroid,APO,Y,N
355046 (2006 SO19),355046,0.904426848,1.580243461,1.242335155,0.271994482,14.24593748,98.30590403,169.7685876,2459988.756,0.107779,505.7741035,1.384734027,5.1,Asteroid,APO,Y,N
462959 (2011 DU),462959,0.799249248,1.543239616,1.171244432,0.31760679,2.945935093,176.883549,120.1786688,2460389.469,0.0175667,462.9880009,1.267592063,5.341,Asteroid,APO,Y,Y
190135 (2005 QE30),190135,0.629918093,3.408152937,2.019035515,0.688010395,6.216566796,259.6929721,217.0752427,2460067.816,0.0780174,1047.886787,2.868957665,3.476,Asteroid,APO,Y,N
507716 (2013 UP8),507716,0.968234856,4.105015457,2.536625156,0.618298016,47.82324876,55.15992747,187.309597,2460770.441,0.0406967,1475.648326,4.040104932,2.788,Asteroid,APO,Y,Y
491567 (2012 RG3),491567,0.743054866,2.406351645,1.574703255,0.528130228,15.90310444,112.9827288,35.28799071,2460020.731,0.138285,721.7661576,1.976088043,4.203,Asteroid,APO,Y,N
326386 (2001 OA14),326386,0.629874593,1.547783066,1.088828829,0.421511834,29.24214923,309.5131835,144.3961859,2460121.034,0.245125,414.9902029,1.136181254,5.503,Asteroid,APO,Y,N
621890 (2011 PO1),621890,0.918662088,4.112874208,2.515768148,0.634838334,5.743967227,210.6346417,166.7890217,2460200.794,0.0346973,1457.485854,3.990378792,3.137,Asteroid,APO,Y,Y
538212 (2016 CA136),538212,0.444355389,3.619096741,2.031726065,0.781291683,1.256787556,239.7525524,124.9975928,2460545.444,0.00706202,1057.781958,2.896049166,3.341,Asteroid,APO,Y,Y
250706 (2005 RR6),250706,0.885140026,5.030525657,2.957832842,0.70074711,6.933011951,27.2990202,59.91547784,2461125.281,0.0341283,1858.056291,5.087080878,2.827,Asteroid,APO,Y,Y
154302 (2002 UQ3),154302,0.754481963,2.685117207,1.719799585,0.561296578,28.83064264,222.7083774,280.985047,2460073.328,0.0385635,823.7874788,2.255407197,3.859,Asteroid,APO,Y,Y
  3200 Phaethon (1983 TB),3200,0.139853449,2.402567071,1.27121026,0.889984015,22.28921222,265.1499386,322.2436634,2460238.281,0.0195545,523.5094322,1.433290711,4.51,Asteroid,APO,Y,Y
496869 (2000 QU7),496869,0.804694425,3.759706534,2.282200479,0.647404147,22.32116242,339.1409027,87.7314813,2460658.137,0.145342,1259.299745,3.447774797,3.214,Asteroid,APO,Y,N
606702 (2018 TO2),606702,0.445429469,1.755712486,1.100570978,0.5952742,43.26968792,202.6671775,353.8356593,2460259.047,0.540301,421.7212752,1.154609925,5.266,Asteroid,APO,Y,N
455588 (2004 RU331),455588,0.938347181,1.544067661,1.241207421,0.244004535,17.46260423,201.5666165,261.8478701,2460447.116,0.104597,505.0855825,1.38284896,5.096,Asteroid,APO,Y,N
274138 (2008 FU6),274138,0.570714764,2.077360852,1.324037808,0.568958862,12.83400645,192.829231,129.1352529,2460198.692,0.101153,556.4792907,1.523557264,4.739,Asteroid,APO,Y,N
  5381 Sekhmet (1991 JY),5381,0.6666802,1.22825379,0.947466995,0.296355225,48.967172,58.53084242,37.42006945,2460077.319,0.111655,336.8562133,0.922262049,6.027,Asteroid,ATE,Y,N
363505 (2003 UC20),363505,0.517891415,1.044297196,0.781094306,0.336966854,3.810796659,188.2889588,59.78466787,2460161.314,0.0352557,252.1469008,0.690340591,7.39,Asteroid,ATE,Y,Y
 66063 (1998 RO1),66063,0.277515642,1.704456467,0.990986054,0.719960094,22.68720567,351.8463381,151.1639216,2460173.47,0.0923061,360.3294355,0.986528228,5.81,Asteroid,ATE,Y,N
345705 (2006 VB14),345705,0.443978884,1.090033745,0.767006314,0.421153548,31.02553422,258.7148793,346.4456515,2460303.691,0.0777637,245.3560865,0.671748355,7.381,Asteroid,ATE,Y,N
360502 (2003 EO16),360502,0.701231405,1.167418124,0.934324764,0.249477878,13.2255515,177.9067655,167.9359575,2460127.512,0.135585,329.8718201,0.903139822,6.368,Asteroid,ATE,Y,N
613398 (2006 FK),613398,0.605757594,1.239246853,0.922502223,0.343353784,14.61349376,15.13173758,3.211929571,2460152.576,0.193163,323.6305856,0.886052253,6.406,Asteroid,ATE,Y,N
526742 (2006 WR127),526742,0.565948891,1.248028003,0.906988447,0.37601312,16.78964733,260.7796598,351.4717618,2460211.74,0.190729,315.501232,0.863795296,6.478,Asteroid,ATE,Y,N
325102 (2008 EY5),325102,0.233672415,1.018693446,0.62618293,0.62683043,5.110160656,245.4445254,106.6818571,2460252.581,0.0790342,180.9882013,0.495518689,8.848,Asteroid,ATE,Y,N
480922 (2002 XP37),480922,0.611769187,1.29803325,0.954901219,0.359337725,21.53200027,265.8776904,317.6160029,2460228.632,0.102657,340.8286531,0.933137996,6.193,Asteroid,ATE,Y,N
288592 (2004 JW20),288592,0.417857672,1.487902125,0.952879898,0.561479183,14.73233351,235.1515205,207.5301032,2460180.79,0.0984727,339.7470346,0.930176686,6.146,Asteroid,ATE,Y,N
322756 (2001 CK32),322756,0.447320264,1.001954571,0.724637417,0.382697811,8.128910812,109.302742,234.0686687,2460207.813,0.077966,225.3095292,0.616863872,7.863,Asteroid,ATE,Y,N
329915 (2005 MB),329915,0.204082999,1.766789835,0.985436417,0.792900896,41.36277185,88.59681487,42.8581548,2460234.77,0.0689437,357.3068468,0.978252832,5.678,Asteroid,ATE,Y,N
524471 (2002 JW15),524471,0.659597104,1.138430313,0.899013709,0.266310294,11.76829774,218.3860178,175.2840726,2460312.609,0.115571,311.3493031,0.852427935,6.572,Asteroid,ATE,Y,N
 99942 Apophis (2004 MN4),99942,0.746074913,1.099368766,0.92272184,0.191441146,3.339296377,203.9566721,126.6039881,2460072.029,0.000256684,323.7461606,0.886368681,6.464,Asteroid,ATE,Y,Y
455184 (2000 ED14),455184,0.361896588,1.308023968,0.834960278,0.566570294,13.77954909,3.870576885,310.126346,2460320.109,0.0362029,278.6744479,0.762969056,6.873,Asteroid,ATE,Y,Y
523661 (2012 LF11),523661,0.463619549,1.33014556,0.896882554,0.483076634,11.65642968,222.1510871,263.590242,2460049.383,0.111689,310.2428572,0.849398651,6.514,Asteroid,ATE,Y,N
446924 (2002 VV17),446924,0.47184513,1.20328546,0.837565295,0.436646751,9.700745489,222.1803218,348.8564421,2460246.25,0.0873459,279.9796314,0.766542454,6.924,Asteroid,ATE,Y,N
152563 (1992 BF),152563,0.661221441,1.154444536,0.907832989,0.271648586,7.250413376,315.2281656,336.5787406,2460156.022,0.0624027,315.9420027,0.865002061,6.529,Asteroid,ATE,Y,N
153415 (2001 QP153),153415,0.70080187,1.082221023,0.891511446,0.213917137,50.20469526,317.6759788,244.2767412,2460352.233,0.0732598,307.460134,0.84177997,6.354,Asteroid,ATE,Y,N
152637 (1997 NC1),152637,0.684577924,1.045106359,0.864842141,0.208435978,16.72201082,96.46344939,16.58729596,2460212.187,0.0161561,293.7674625,0.804291478,6.78,Asteroid,ATE,Y,Y
469445 (2002 LT24),469445,0.363022294,1.077061954,0.720042124,0.495831866,0.763856379,166.112769,282.6724918,2460143.595,0.0113801,223.1697276,0.611005415,7.873,Asteroid,ATE,Y,Y
418198 (2008 CN70),418198,0.5283937,1.175055199,0.85172445,0.37961896,24.45445597,150.688626,114.3478549,2460327.497,0.0913402,287.1091929,0.78606213,6.791,Asteroid,ATE,Y,N
413260 (2003 TL4),413260,0.480501416,1.07300505,0.776753233,0.381397597,12.18874851,220.0067703,321.9797045,2460271.045,0.0253133,250.047796,0.684593555,7.397,Asteroid,ATE,Y,Y
276770 (2004 HC),276770,0.316648232,1.261629929,0.78913908,0.598742173,28.98541067,202.9807813,159.3779252,2460111.911,0.0924291,256.0523429,0.701033109,7.139,Asteroid,ATE,Y,N
530938 (2011 XE),530938,0.420690522,1.147156411,0.783923466,0.46335256,20.72084178,221.2503007,46.61905213,2460113.385,0.0536936,253.5180726,0.694094655,7.281,Asteroid,ATE,Y,N
415949 (2001 XY10),415949,0.53412182,1.20917927,0.871650545,0.387229408,30.99207477,92.93260832,219.6938611,2460194.119,0.0571228,297.2432737,0.813807731,6.617,Asteroid,ATE,Y,N
234145 (2000 EW70),234145,0.636376646,1.238730496,0.937553571,0.32123703,5.428024798,178.0385553,125.7748103,2460329.222,0.0100019,331.5832357,0.907825423,6.35,Asteroid,ATE,Y,Y
376848 (2001 RY47),376848,0.550232086,1.262607774,0.90641993,0.392961178,17.6084218,11.20211628,214.075072,2460271.539,0.0816586,315.2046355,0.862983259,6.472,Asteroid,ATE,Y,N
163348 (2002 NN4),163348,0.495264022,1.256344939,0.875804481,0.434503895,5.419995123,259.4285357,222.2089463,2460128.343,0.00667651,299.370616,0.819632077,6.677,Asteroid,ATE,Y,Y
140333 (2001 TD2),140333,0.498614103,1.42519088,0.961902492,0.48163758,19.03285382,12.82411152,199.0814771,2460355.327,0.184933,344.5839155,0.943419344,6.122,Asteroid,ATE,Y,N
310842 (2003 AK18),310842,0.540038404,1.213769773,0.876904089,0.384153397,7.401717479,301.55446,23.94121834,2460346.658,0.0561764,299.9346008,0.821176183,6.686,Asteroid,ATE,Y,N
 33342 (1998 WT24),33342,0.418584486,1.018936088,0.718760287,0.41762992,7.367787721,81.66423832,167.5223518,2460138.384,0.0100295,222.5740543,0.60937455,7.909,Asteroid,ATE,Y,Y
281375 (2008 JV19),281375,0.740680753,1.230476948,0.98557885,0.248481486,7.22584898,141.9626018,310.6003854,2460212.344,0.0413999,357.3843163,0.978464932,6.116,Asteroid,ATE,Y,Y
480883 (2001 YE4),480883,0.311101093,1.042638781,0.676869937,0.540382759,4.85237036,305.3322772,318.9740093,2460281.133,0.0314275,203.4024898,0.556885667,8.292,Asteroid,ATE,Y,Y
 85770 (1998 UP1),85770,0.653408246,1.342112201,0.997760224,0.345124981,33.18163955,18.33110205,234.2350496,2460118.114,0.0837826,364.0304451,0.996661041,5.903,Asteroid,ATE,Y,N
613403 (2006 GB),613403,0.786551718,1.130591514,0.958571616,0.179454404,10.0652662,183.6879518,242.8861332,2460249.475,0.008718,342.7956282,0.938523281,6.26,Asteroid,ATE,Y,Y
164202 (2004 EW),164202,0.712241935,1.263688077,0.987965006,0.279081819,4.668700004,342.9066624,56.19384026,2460162.317,0.0232527,358.6829804,0.98202048,6.101,Asteroid,ATE,Y,Y
436030 (2009 JO2),436030,0.463453446,1.313200711,0.888327078,0.47828513,19.63191812,203.4271784,239.7033428,2460110.899,0.0565062,305.814292,0.8372739,6.541,Asteroid,ATE,Y,N
  3753 Cruithne (1986 TO),3753,0.484049183,1.511481851,0.997765517,0.514866795,19.80150956,126.1995825,43.88404093,2460288.26,0.0707182,364.033342,0.996668972,5.921,Asteroid,ATE,Y,N
163693 Atira (2003 CP20),163693,0.502281189,0.979698642,0.740989915,0.322148415,25.61890578,103.8785973,252.9284528,2460277.451,0.208365,232.9790516,0.63786188,7.666,Asteroid,IEO,Y,N
164294 (2004 XZ130),164294,0.336778453,0.898240577,0.617509515,0.454618196,2.95318505,211.1639184,5.408260003,2460179.811,0.0952363,177.2408841,0.485259094,9.039,Asteroid,IEO,Y,N
413563 (2005 TG45),413563,0.427754322,0.935020361,0.681387342,0.372230307,23.33388736,273.4210184,230.4448327,2460102.297,0.197521,205.4421345,0.56246991,8.253,Asteroid,IEO,Y,N
418265 (2008 EA32),418265,0.428093729,0.80377188,0.615932805,0.304966831,28.263055,100.9462851,181.8321224,2460248.88,0.180827,176.5624838,0.483401735,9.025,Asteroid,IEO,Y,N
434326 (2004 JG6),434326,0.297833546,0.97266901,0.635251278,0.531156321,18.94453795,37.01407639,353.0061215,2460242.485,0.0403304,184.9339934,0.50632168,8.751,Asteroid,IEO,Y,Y
481817 (2008 UL90),481817,0.431053523,0.959040699,0.695047111,0.379821143,24.30887636,81.13342478,183.652539,2460175.807,0.0274014,211.6507398,0.579468145,8.103,Asteroid,IEO,Y,Y
594913 'Aylo'chaxnim (2020 AV2),594913,0.4570321,0.653766619,0.555399359,0.177110862,15.86876771,6.697872416,187.3378427,2460267.844,0.346981,151.1842287,0.413919859,9.987,Asteroid,IEO,Y,N
613676 (2006 WE4),613676,0.641210288,0.928293766,0.784752027,0.182913499,24.76612074,311.0021912,318.5956854,2460269.783,0.102374,253.9201093,0.695195371,7.324,Asteroid,IEO,Y,N
482377 (2011 YF69),482377,2.595812974,3.687244442,3.141528708,0.173710249,11.86854619,121.2066197,355.1315302,2460022.295,1.61088,2033.808116,5.568263151,3.154,Asteroid,MBA,N,N
 74813 (1999 TB7),74813,2.013475304,2.548771743,2.281123524,0.117331752,4.314395649,40.51074985,63.33455083,2460509.304,1.03331,1258.408467,3.445334611,3.592,Asteroid,MBA,N,N
318148 (2004 PG80),318148,2.169581268,3.37550344,2.772542354,0.217475879,20.19571223,168.7674729,114.5574392,2459793.906,1.23332,1686.225725,4.61663443,3.214,Asteroid,MBA,N,N
610210 (2005 YS152),610210,2.446770802,2.58716236,2.516966581,0.027889039,2.347963739,354.0336164,53.40945908,2460892.418,1.45497,1458.527429,3.993230468,3.457,Asteroid,MBA,N,N
 15351 Yamaguchimamoru (1994 VO6),15351,1.888570437,2.947966716,2.418268576,0.219040244,10.01247706,33.11974475,26.88741935,2460675.469,0.904847,1373.584008,3.760668056,3.462,Asteroid,MBA,N,N
324416 (2006 SN280),324416,1.726732691,2.914620809,2.32067675,0.255935713,4.726725907,93.58531289,231.3228005,2460334.312,0.718835,1291.279939,3.535331796,3.529,Asteroid,MBA,N,N
404788 (2014 JT52),404788,2.591200479,3.478758395,3.034979437,0.146221405,0.744683121,72.42113444,175.1211846,2460708.901,1.57669,1931.22136,5.28739592,3.225,Asteroid,MBA,N,N
150581 (2000 UE68),150581,2.857555042,3.185108173,3.021331607,0.054206749,9.81630622,340.5996359,141.4049984,2459957.73,1.87797,1918.209413,5.251771152,3.222,Asteroid,MBA,N,N
485524 (2011 UJ31),485524,2.442763103,2.732546348,2.587654726,0.055993414,11.29727277,226.485297,172.9710444,2460378.294,1.45037,1520.400199,4.162628883,3.392,Asteroid,MBA,N,N
254819 (2005 QH131),254819,2.357244828,2.88823558,2.622740204,0.10122824,4.483763036,50.2078616,126.7414992,2460647.917,1.36287,1551.426971,4.247575554,3.392,Asteroid,MBA,N,N
 14762 (6647 P-L),14762,1.861808595,2.953217415,2.407513005,0.226667274,3.023069989,34.42432787,306.8181212,2460353.685,0.854913,1364.430407,3.735606865,3.484,Asteroid,MBA,N,N
134464 (1998 TQ2),134464,2.043641488,3.134457553,2.589049521,0.21065956,4.141322964,232.6727171,162.2348834,2460250.961,1.04998,1521.629652,4.165994941,3.385,Asteroid,MBA,N,N
110434 (2001 TK27),110434,2.516480828,2.673312592,2.59489671,0.030219269,2.735944989,302.8860045,323.03585,2460853.502,1.50042,1526.787305,4.180115824,3.415,Asteroid,MBA,N,N
337483 (2001 SA77),337483,2.117205901,2.582908507,2.350057204,0.099083249,4.597301309,253.5214239,95.97771129,2460025.02,1.11623,1315.879368,3.602681364,3.547,Asteroid,MBA,N,N
623659 (2017 BL106),623659,2.3136876,2.834748118,2.574217859,0.101207541,17.66889324,105.4111851,309.6626366,2460531.724,1.36053,1508.573155,4.1302482,3.355,Asteroid,MBA,N,N
296723 (2009 SD353),296723,2.726747212,3.50912083,3.117934021,0.125463466,1.297839529,249.9092976,241.0825322,2459668.933,1.74031,2010.938589,5.505649798,3.204,Asteroid,MBA,N,N
129368 (4823 P-L),129368,2.580480623,3.699909011,3.140194817,0.178241869,1.126220739,145.7453516,182.400347,2459585.695,1.56855,2032.512922,5.564717104,3.186,Asteroid,MBA,N,N
458266 (2010 UR12),458266,2.144891011,3.153915573,2.649403292,0.190424871,6.375057017,11.08788756,352.4857116,2460128.379,1.14222,1575.144983,4.312511931,3.356,Asteroid,MBA,N,N
447932 (2008 AO38),447932,2.298718039,3.061619654,2.680168847,0.142323424,4.333009844,250.8461273,215.8655614,2460855.296,1.31584,1602.660965,4.387846583,3.358,Asteroid,MBA,N,N
597338 (2007 CA41),597338,2.9585691,3.223698759,3.09113393,0.042885502,9.722016962,145.3316317,123.0815198,2460765.735,1.95509,1985.066956,5.434817129,3.201,Asteroid,MBA,N,N
265203 (2004 BB105),265203,1.939468307,2.650033598,2.294750952,0.154824054,7.593758153,144.1016882,35.67104992,2460783.731,0.948137,1269.701887,3.47625431,3.568,Asteroid,MBA,N,N
589677 (2010 RJ11),589677,2.658973348,3.604083864,3.131528606,0.150902424,11.70891918,196.7931258,121.3448501,2459307.271,1.66937,2024.104832,5.541697009,3.163,Asteroid,MBA,N,N
490392 (2009 QH13),490392,1.998869743,2.637949434,2.318409588,0.137827176,6.99748995,334.7281222,49.61934502,2460340.566,1.00867,1289.388146,3.530152351,3.557,Asteroid,MBA,N,N
 23417 (1979 MU6),23417,2.544754899,3.007414067,2.776084483,0.083329447,13.6614225,130.2827676,251.3622285,2459621.191,1.58115,1689.458176,4.625484396,3.289,Asteroid,MBA,N,N
374936 (2007 BE3),374936,2.028152226,2.808140721,2.418146473,0.161278174,1.079518692,302.1293354,172.68879,2459615.862,1.04319,1373.479977,3.760383235,3.497,Asteroid,MBA,N,N
584141 (2016 TA6),584141,3.04912487,3.258673386,3.153899128,0.033220548,13.70662979,174.4634431,87.00799282,2461144.641,2.07576,2045.832745,5.60118479,3.162,Asteroid,MBA,N,N
232591 (2003 TE55),232591,2.721463888,3.544766225,3.133115056,0.131387185,5.829609794,102.8469394,282.6509086,2461054.053,1.73248,2025.643162,5.545908726,3.191,Asteroid,MBA,N,N
376327 (2011 GM61),376327,2.35289508,3.003924646,2.678409863,0.12153285,10.7938567,102.778605,353.5043393,2460040.914,1.36871,1601.083494,4.383527704,3.342,Asteroid,MBA,N,N
 67936 (2000 WP135),67936,1.97406567,2.536256641,2.255161156,0.124645409,7.0474612,29.8874541,335.8325293,2460282.57,0.974601,1236.986046,3.386683219,3.604,Asteroid,MBA,N,N
281744 (2008 YR100),281744,2.915059372,3.449310753,3.182185063,0.083944109,10.0131378,116.0991485,245.9425263,2460448.984,1.92844,2073.416623,5.676705334,3.17,Asteroid,MBA,N,N
574108 (2010 CR23),574108,2.198015277,3.102170652,2.650092964,0.170589369,7.0596419,133.5687837,280.7400649,2459690.306,1.2216,1575.760067,4.314195941,3.359,Asteroid,MBA,N,N
608491 (2003 UO320),608491,1.760651957,2.858851492,2.309751725,0.237731078,6.945745376,151.5181509,232.1700911,2460616.007,0.77255,1282.172261,3.510396334,3.538,Asteroid,MBA,N,N
167577 (2004 BK71),167577,2.599422725,3.38318509,2.991303908,0.13100681,2.481530992,71.47814578,37.75627668,2460452.757,1.61534,1889.684211,5.173673404,3.241,Asteroid,MBA,N,N
245337 (2005 ED154),245337,2.31269755,3.182786388,2.747741969,0.158327974,9.611461692,17.25450898,169.7001447,2460093.69,1.31309,1663.651468,4.554829482,3.309,Asteroid,MBA,N,N
309721 (2008 GU140),309721,2.658410375,3.369624998,3.014017686,0.117984481,5.147108695,230.3223391,261.8393241,2460006.015,1.67771,1911.248341,5.232712776,3.232,Asteroid,MBA,N,N
166952 (2003 KE17),166952,1.903436837,2.707519159,2.305477998,0.174385165,2.550783435,146.1760653,105.2144459,2460479.525,0.890324,1278.615309,3.500657929,3.567,Asteroid,MBA,N,N
249419 (2009 DO104),249419,1.953225572,2.643122519,2.298174046,0.150096758,4.84081846,2.673481619,344.5132027,2460560.029,0.946384,1272.543979,3.484035534,3.574,Asteroid,MBA,N,N
103045 (1999 XH128),103045,1.989816201,2.92683335,2.458324775,0.190580423,1.75010294,333.8170635,62.12972214,2459871.372,0.996474,1407.853011,3.854491473,3.466,Asteroid,MBA,N,N
197772 (2004 PG45),197772,2.027772377,2.625448279,2.326610328,0.12844349,7.616585251,122.7627766,228.4609135,2459763.727,1.02917,1296.235479,3.548899326,3.551,Asteroid,MBA,N,N
188076 (2001 XE45),188076,1.828585426,3.142261296,2.485423361,0.264276077,12.40952433,50.19963246,296.1571313,2460525.441,0.861412,1431.195595,3.918399987,3.396,Asteroid,MBA,N,N
 22858 Suesong (1999 RV143),22858,2.222063013,2.456744448,2.33940373,0.050158387,5.758402298,195.0617022,321.6231554,2459861.455,1.23166,1306.941637,3.578211189,3.557,Asteroid,MBA,N,N
567645 (2002 EF10),567645,1.99482027,3.225981368,2.610400819,0.235818402,12.46572639,3.538078574,71.11738527,2459734.553,1.04702,1540.491203,4.217635052,3.337,Asteroid,MBA,N,N
503654 (2016 GU207),503654,2.168320499,2.934066389,2.551193444,0.150076015,12.26443549,148.5739737,100.0100635,2460652.62,1.19395,1488.378926,4.074959414,3.393,Asteroid,MBA,N,N
397647 (2007 XZ49),397647,2.46252447,3.033484644,2.748004557,0.103886322,4.928519217,99.1704077,297.9693193,2460848.219,1.47375,1663.889954,4.555482421,3.334,Asteroid,MBA,N,N
600897 (2012 SC64),600897,2.10872644,4.053527903,3.081127171,0.315599025,11.78202118,9.318922138,64.60717104,2460371.74,1.15233,1975.435539,5.408447745,3.118,Asteroid,MBA,N,N
174525 (2003 DZ19),174525,2.956702262,3.251312315,3.104007288,0.047456405,5.289103974,170.1970612,30.15818756,2460916.015,1.95464,1997.480395,5.468803271,3.213,Asteroid,MBA,N,N
217325 (2004 RB43),217325,2.717393281,3.241759668,2.979576475,0.087993443,9.400668756,320.7161414,357.4581198,2460657.011,1.70363,1878.582325,5.143278097,3.234,Asteroid,MBA,N,N
605412 (2016 GW305),605412,2.309009104,2.948107594,2.628558349,0.121568252,0.321775213,351.9801206,280.9162841,2460887.779,1.29207,1556.592235,4.261717277,3.39,Asteroid,MBA,N,N
585616 (2018 VB91),585616,2.681820055,2.891918845,2.78686945,0.037694408,3.657346157,354.2594318,219.8095128,2460945.895,1.67542,1699.312939,4.652465267,3.327,Asteroid,MBA,N,N
 56902 (2000 QT164),56902,2.919227371,3.171895495,3.045561433,0.04148137,10.13974125,211.2438864,63.98969335,2459235.917,1.92033,1941.33048,5.315073182,3.213,Asteroid,MBA,N,N
610808 (2006 HQ5),610808,2.131063957,3.178918645,2.654991301,0.197336746,13.47415177,170.098947,43.76745311,2460183.285,1.14708,1580.130953,4.326162774,3.322,Asteroid,MBA,N,N
 21357 Davidying (1997 FJ4),21357,2.861287444,2.891787881,2.876537662,0.005301588,1.135987431,319.8195057,283.21325,2459691.357,1.84609,1781.982865,4.87880319,3.296,Asteroid,MBA,N,N
610407 (2006 BM93),610407,2.718499124,3.344643829,3.031571477,0.103270649,13.17663213,314.7927564,212.983929,2459738.643,1.73558,1927.969438,5.278492643,3.195,Asteroid,MBA,N,N
320433 (2007 VF99),320433,1.961029224,2.49250873,2.226768977,0.119338717,2.956057078,167.95235,282.9623933,2460610.913,0.978815,1213.699492,3.322928109,3.634,Asteroid,MBA,N,N
562434 (2015 YU17),562434,2.321416898,3.049780234,2.685598566,0.1356054,11.85321132,45.24640543,74.77059097,2460608.89,1.3692,1607.533646,4.401187257,3.331,Asteroid,MBA,N,N
345380 (2006 BS41),345380,2.24145052,2.828805998,2.535128259,0.115843346,3.961337592,150.6711484,185.4357313,2460394.313,1.23113,1474.342319,4.036529277,3.436,Asteroid,MBA,N,N
297785 (2001 XB250),297785,1.880284994,2.71194265,2.296113822,0.181101139,4.924144895,265.7494682,166.782711,2459846.479,0.894299,1270.833183,3.47935163,3.568,Asteroid,MBA,N,N
349021 (2006 VB7),349021,2.564646094,3.635969737,3.100307916,0.172776974,1.967718813,61.05423363,328.189016,2459921.029,1.56918,1993.910547,5.45902956,3.198,Asteroid,MBA,N,N
 67749 (2000 UZ46),67749,2.094388844,2.456351163,2.275370004,0.079539222,5.890912251,224.3068501,197.9629823,2460665.867,1.10659,1253.650475,3.43230794,3.598,Asteroid,MBA,N,N
311690 (2006 SO119),311690,2.168440754,3.307424888,2.737932821,0.208000745,4.41632732,76.79123555,286.6377633,2460604.677,1.1706,1654.750834,4.530460875,3.315,Asteroid,MBA,N,N
306716 (2000 WT52),306716,2.838908776,3.358234812,3.098571794,0.083800872,9.13729849,242.9683764,126.1489659,2459581.45,1.85063,1992.235946,5.454444752,3.198,Asteroid,MBA,N,N
479014 (2012 XJ152),479014,2.564024683,3.619165895,3.091595289,0.170646723,20.42360169,277.4592302,213.2619989,2460331.822,1.59958,1985.511387,5.436033913,3.107,Asteroid,MBA,N,N
112116 (2002 JW44),112116,2.145312564,2.450955671,2.298134118,0.0664981,7.172967102,5.675402223,220.4432044,2460053.706,1.14152,1272.510815,3.483944738,3.58,Asteroid,MBA,N,N
253638 (2003 UB109),253638,2.003476045,2.636191425,2.319833735,0.136370846,6.105400695,296.4105773,24.20104159,2460458.371,0.991471,1290.576392,3.53340559,3.558,Asteroid,MBA,N,N
264272 (1995 VJ6),264272,2.646027466,3.021596299,2.833811882,0.066265661,2.923493824,58.96214941,333.0409051,2460404.152,1.65118,1742.428445,4.770509091,3.307,Asteroid,MBA,N,N
530450 (2011 HU34),530450,2.715234569,3.429022561,3.072128565,0.116171569,20.48079285,172.5309869,87.93842173,2459744.015,1.79871,1966.787804,5.384771537,3.124,Asteroid,MBA,N,N
 68620 (2002 AL178),68620,2.093691326,3.073758997,2.583725162,0.18966175,5.454860803,109.4688502,148.5606871,2460295.128,1.08,1516.938238,4.153150548,3.391,Asteroid,MBA,N,N
100022 (1990 SG5),100022,1.709057703,2.604971222,2.157014463,0.207674435,2.902485513,136.8716859,231.5037653,2459742.72,0.709047,1157.118967,3.168019075,3.67,Asteroid,MBA,N,N
202626 (2006 HD83),202626,3.006455201,3.116406989,3.061431095,0.01795758,9.245578246,227.8329853,242.6863634,2461054.105,2.03344,1956.523913,5.356670536,3.214,Asteroid,MBA,N,N
357411 (2003 WU126),357411,1.95341181,3.300116728,2.626764269,0.256342934,14.89964727,63.16551891,0.783129271,2460711.776,0.96565,1554.998868,4.257354874,3.308,Asteroid,MBA,N,N
473123 (2015 JS2),473123,2.497178059,3.876616888,3.186897473,0.216423472,9.860620687,119.525323,163.2850177,2459481.89,1.48198,2078.024027,5.689319718,3.138,Asteroid,MBA,N,N
177246 (2003 WZ6),177246,1.856226542,2.66234052,2.259283531,0.178400357,6.216006407,120.745991,231.0546554,2460228.79,0.856656,1240.379362,3.395973613,3.592,Asteroid,MBA,N,N
312154 (2007 UU6),312154,1.944866743,2.753588474,2.349227608,0.172125027,0.804786206,218.5532086,200.8185279,2459731.461,0.956223,1315.18265,3.600773853,3.539,Asteroid,MBA,N,N
228324 (2000 QK212),228324,1.982133582,3.149717762,2.565925672,0.227517148,5.345141799,150.5910881,201.5032448,2460816.37,0.976861,1501.289802,4.110307467,3.39,Asteroid,MBA,N,N
291193 (2006 AP62),291193,2.680571109,3.519735568,3.100153338,0.135342412,4.254884021,73.37396107,199.5952668,2460563.308,1.66412,1993.761428,5.458621295,3.204,Asteroid,MBA,N,N
161096 (2002 PP92),161096,2.624936444,3.482918217,3.05392733,0.140471871,9.576668591,30.20367586,334.855647,2460433.796,1.62684,1949.334974,5.336988293,3.2,Asteroid,MBA,N,N
507547 (2012 XD108),507547,2.479122121,3.514433216,2.996777668,0.172737388,12.31192754,262.2361021,139.9650303,2459918.113,1.50193,1894.873457,5.187880787,3.197,Asteroid,MBA,N,N
248449 (2005 TJ118),248449,2.528775091,3.761169033,3.144972062,0.195930825,3.770840407,218.3205132,67.50290101,2459389.508,1.51484,2037.152844,5.577420517,3.176,Asteroid,MBA,N,N
 89842 (2002 CZ48),89842,2.76867524,3.399983743,3.084329491,0.102341288,4.121787847,144.6903158,152.7466773,2461120.532,1.75313,1978.516045,5.416881712,3.215,Asteroid,MBA,N,N
427645 (2003 WA24),427645,2.681137854,2.923851083,2.802494468,0.04330307,6.435464454,99.45687831,319.0780355,2459832.36,1.69676,1713.624146,4.691647216,3.314,Asteroid,MBA,N,N
202839 (2008 SX218),202839,1.784277552,2.952833884,2.368555718,0.2466812,2.311868287,330.1656048,26.02701168,2460041.629,0.779509,1331.446852,3.645302812,3.503,Asteroid,MBA,N,N
205631 (2001 VB89),205631,2.704086765,3.512166364,3.108126565,0.129994642,8.267248025,295.2640966,53.83089827,2460009.884,1.70661,2001.457948,5.479693218,3.191,Asteroid,MBA,N,N
561185 (2015 RD78),561185,2.017040767,2.803106246,2.410073507,0.16307915,7.449215015,336.0151723,59.05056727,2460114.709,1.03356,1366.607689,3.741567937,3.491,Asteroid,MBA,N,N
302466 (2002 ES136),302466,2.084685018,2.645242095,2.364963557,0.118512836,2.156902378,86.37230401,79.4169786,2460303.429,1.09178,1328.419084,3.637013235,3.538,Asteroid,MBA,N,N
403742 (2011 AB13),403742,2.504022255,3.813607002,3.158814629,0.207290535,10.22422967,32.99223721,56.99040722,2459602.488,1.53635,2050.617398,5.614284457,3.147,Asteroid,MBA,N,N
391535 (2007 RY300),391535,2.635133164,3.496044598,3.065588881,0.140415344,1.071433629,59.58972105,31.13414066,2460603.415,1.65048,1960.511053,5.36758673,3.217,Asteroid,MBA,N,N
369051 (2008 CQ183),369051,2.216961357,2.598456869,2.407709113,0.079223755,7.245359327,97.30735566,123.227325,2460195.127,1.2161,1364.597124,3.73606331,3.506,Asteroid,MBA,N,N
567782 (2002 PT200),567782,2.450584933,3.128920872,2.789752903,0.121576348,9.668842792,116.9942217,165.4402571,2460893.728,1.43483,1701.950928,4.659687689,3.298,Asteroid,MBA,N,N
368348 (2002 QB104),368348,2.2950932,2.466680066,2.380886633,0.036034237,6.517534292,292.0767524,208.8118602,2459850.916,1.30949,1341.857821,3.673806493,3.529,Asteroid,MBA,N,N
313289 (2002 CX70),313289,1.982363315,2.528352039,2.255357677,0.121042602,4.077325105,130.8128913,28.8495136,2459798.662,0.991124,1237.147741,3.387125917,3.611,Asteroid,MBA,N,N
278932 (2008 UE13),278932,2.678692888,3.119311648,2.899002268,0.075994897,0.951977714,248.2631959,93.46150887,2460004.55,1.66981,1802.898426,4.936066875,3.283,Asteroid,MBA,N,N
150395 (2000 ES11),150395,1.919306235,2.764598712,2.341952474,0.18046747,6.357859272,56.18917262,165.0236398,2459634.068,0.910588,1309.078057,3.584060388,3.533,Asteroid,MBA,N,N
437414 (2013 WX99),437414,2.28537788,2.507736199,2.396557039,0.046391201,4.790769742,38.27720507,137.2680804,2459716.943,1.2895,1355.12726,3.710136236,3.522,Asteroid,MBA,N,N
129174 (2005 JK179),129174,2.406915582,3.789193648,3.098054615,0.223088073,12.80866468,201.7644634,206.0082952,2460427.186,1.42178,1991.737184,5.453079216,3.146,Asteroid,MBA,N,N
167908 (2005 EJ97),167908,2.004564875,2.668540288,2.336552581,0.142084415,6.110607633,197.1615673,287.5729262,2459872.411,1.0283,1304.553112,3.571671764,3.546,Asteroid,MBA,N,N
401977 (2002 TZ380),401977,2.064740745,3.058944141,2.561842443,0.194040699,4.693430568,5.202814791,305.2561158,2459866.004,1.05428,1497.707662,4.100500102,3.403,Asteroid,MBA,N,N
139458 (2001 OT74),139458,2.392611023,3.491462354,2.942036688,0.186750107,12.47492139,292.2128784,18.56989409,2459313.725,1.38066,1843.1919,5.046384394,3.211,Asteroid,MBA,N,N
515083 (2010 TS32),515083,2.87595516,3.155875613,3.015915387,0.046407212,9.401399194,194.0130631,50.19987044,2460508.198,1.87409,1913.053679,5.237655522,3.226,Asteroid,MBA,N,N
489799 (2008 CK156),489799,1.874019414,3.455768216,2.664893815,0.296775202,12.29513793,350.7755174,59.14378479,2460540.691,0.914524,1588.979485,4.350388734,3.288,Asteroid,MBA,N,N
420351 (2012 BC71),420351,1.987623278,2.498479906,2.243051592,0.113875363,2.80823944,319.4143652,95.78074975,2460650.247,1.00038,1227.036047,3.359441606,3.623,Asteroid,MBA,N,N
347816 (2002 NN66),347816,1.738451225,2.598424082,2.168437654,0.198293194,0.917762104,74.18840673,260.6008629,2460717.455,0.728202,1166.322991,3.193218319,3.665,Asteroid,MBA,N,N
260551 (2005 EN187),260551,2.07901064,2.711147001,2.39507882,0.13196567,1.947202671,203.9397083,310.6497514,2460112.968,1.08819,1353.87367,3.706704094,3.517,Asteroid,MBA,N,N
 26122 Antonysutton (1992 CS2),26122,2.343101943,2.693972784,2.518537364,0.06965766,4.564148745,260.6794586,332.9556992,2460763.391,1.33165,1459.892993,3.996969181,3.45,Asteroid,MBA,N,N
106072 (2000 SU335),106072,2.272776263,3.969206385,3.120991324,0.271777449,16.83067445,120.6085773,277.5436729,2459917.513,1.35184,2013.897065,5.513749664,3.094,Asteroid,MBA,N,N
 13218 (1997 MC3),13218,2.320420195,2.812866129,2.566643162,0.095931905,4.051318427,337.2780685,254.0782587,2459463.597,1.31302,1501.919538,4.112031588,3.422,Asteroid,MBA,N,N
273521 (2007 BA17),273521,2.180327994,2.435527119,2.307927556,0.055287507,6.632092508,334.1860167,252.3016877,2459590.34,1.18137,1280.653633,3.506238557,3.576,Asteroid,MBA,N,N
255042 (2005 TD114),255042,2.769133151,2.969531679,2.869332415,0.034920758,1.553756967,352.0103598,95.35896718,2461085.762,1.78471,1775.291705,4.860483791,3.297,Asteroid,MBA,N,N
469497 (2002 XO61),469497,2.017736557,3.792214865,2.904975711,0.305420507,2.386943674,123.944751,290.8043999,2459789.648,1.02974,1808.473649,4.951331004,3.213,Asteroid,MBA,N,N
107099 (2001 AU31),107099,2.020274453,2.586426233,2.303350343,0.122897453,4.266008384,342.0924741,78.54711625,2460738.874,1.0368,1276.845725,3.495813072,3.576,Asteroid,MBA,N,N
 12148 Caravaggio (6636 P-L),12148,2.826182184,2.933876424,2.880029304,0.018696726,3.771451369,116.0768836,50.82985149,2459476.884,1.83264,1785.228399,4.887688978,3.291,Asteroid,MBA,N,N
156852 (2003 CQ16),156852,1.928022478,2.832907906,2.380465192,0.190064831,4.19375852,44.47224189,31.08487436,2460525.834,0.943246,1341.501554,3.672831085,3.51,Asteroid,MBA,N,N
450954 (2008 HC65),450954,2.646192536,3.385845308,3.016018922,0.122620711,12.45454223,198.645108,76.75654488,2460556.113,1.66504,1913.152192,5.237925235,3.201,Asteroid,MBA,N,N
560806 (2015 KB154),560806,2.488562697,3.500899813,2.994731255,0.169019693,13.20175916,240.3199655,284.2509911,2460635.295,1.53337,1892.932857,5.182567713,3.193,Asteroid,MBA,N,N
104052 Zachery (2000 EE15),104052,2.063606858,3.241308463,2.65245766,0.222001961,12.47666183,193.4015711,63.05639599,2459706.974,1.08343,1577.86963,4.319971609,3.321,Asteroid,MBA,N,N
 64070 NEAT (2001 SS272),64070,1.952026847,2.97428361,2.463155229,0.20750961,12.52520468,137.4772358,262.3135641,2460688.912,1.00396,1412.004562,3.865857802,3.427,Asteroid,MBA,N,N
453643 (2010 TM40),453643,2.489869419,3.102508005,2.796188712,0.109548863,2.788523349,293.7519026,88.80146523,2460624.253,1.49403,1707.843787,4.675821457,3.316,Asteroid,MBA,N,N
515573 (2014 HV131),515573,2.475734581,2.843471908,2.659603244,0.069133869,14.15298695,171.7855711,67.21481103,2459963.903,1.50342,1584.249971,4.337440031,3.34,Asteroid,MBA,N,N
288378 (2004 CH39),288378,2.856239704,3.455023418,3.155631561,0.094875416,25.55324089,334.9173059,185.5877174,2459251.17,1.86507,2047.518636,5.60580051,3.048,Asteroid,MBA,N,N
430729 (2004 FD130),430729,2.438240796,3.836371848,3.137306322,0.222823484,15.58741907,39.32667182,178.4037816,2459193.315,1.42996,2029.70917,5.557040848,3.117,Asteroid,MBA,N,N
580455 (2015 BV461),580455,1.828710605,3.232623131,2.530666868,0.277379955,12.74266228,123.5611937,243.7335958,2459508.586,0.864831,1470.452147,4.025878568,3.363,Asteroid,MBA,N,N
 40794 (1999 TD36),40794,2.43618344,2.8111225,2.62365297,0.071453631,9.79617483,24.43156219,331.3152923,2460717.603,1.43706,1552.236933,4.249793109,3.379,Asteroid,MBA,N,N
214459 (2005 SX114),214459,2.93334844,3.372645162,3.152996801,0.069663363,9.917446714,3.477686836,53.88642631,2459975.682,1.95588,2044.954842,5.598781223,3.18,Asteroid,MBA,N,N
515217 (2012 BL4),515217,2.847860244,3.219966987,3.033913616,0.061324545,8.436385563,285.4925596,301.0835155,2460383.12,1.8475,1930.204143,5.284610931,3.223,Asteroid,MBA,N,N
 88509 (2001 QN149),88509,2.242608556,2.849230678,2.545919617,0.11913615,12.40723152,333.2528668,148.76328,2460200.031,1.26466,1483.766147,4.062330313,3.4,Asteroid,MBA,N,N
379694 (2011 FQ72),379694,2.037169694,2.734847107,2.386008401,0.146201793,1.900349145,31.57992018,57.70965549,2460782.955,1.0531,1346.19006,3.685667515,3.52,Asteroid,MBA,N,N
149805 (2005 LP13),149805,1.837172797,3.69244817,2.764810484,0.335515831,14.37961313,92.59766594,277.9269779,2460648.795,0.901554,1679.177005,4.597336084,3.212,Asteroid,MBA,N,N
442752 (2012 WA25),442752,2.105405767,3.139185835,2.622295801,0.19711355,31.47969406,301.7739229,130.875069,2460829.917,1.19436,1551.032672,4.246496022,3.171,Asteroid,MBA,N,N
205746 (2002 CY15),205746,2.108072296,2.530793046,2.319432671,0.091125894,8.4531137,138.3301397,119.3741711,2460454.919,1.10657,1290.241725,3.532489322,3.559,Asteroid,MBA,N,N
605002 (2015 XW402),605002,3.004385879,3.344130577,3.174258228,0.053515605,12.66353866,94.38791458,36.74399324,2459543.98,2.02841,2065.674117,5.655507508,3.161,Asteroid,MBA,N,N
504452 (2008 CJ127),504452,2.696680362,3.671627307,3.184153834,0.153093568,7.971457637,325.0807512,89.08657387,2460269.735,1.72201,2075.34111,5.681974291,3.165,Asteroid,MBA,N,N
326130 (2012 AU17),326130,2.230388111,3.185894099,2.708141105,0.176413627,11.40673332,318.4673141,139.2335306,2460795.798,1.25892,1627.816178,4.456717805,3.314,Asteroid,MBA,N,N
157366 (2004 TL120),157366,2.311823809,3.001208544,2.656516176,0.129753536,10.82632958,253.0426892,345.9378905,2460630.336,1.29979,1581.492454,4.32989036,3.35,Asteroid,MBA,N,N
272158 (2005 NX87),272158,2.055866109,2.638589147,2.347227628,0.124130065,4.228430499,113.2508476,159.1172514,2460061.569,1.03955,1313.503515,3.596176634,3.546,Asteroid,MBA,N,N
128847 (2004 SM11),128847,2.19460722,3.058189676,2.626398448,0.164404311,13.1202683,114.3473326,325.8527215,2459768.996,1.22158,1554.674039,4.256465541,3.346,Asteroid,MBA,N,N
484434 (2008 AJ45),484434,1.95026565,3.334478892,2.642372271,0.261926235,13.77972367,110.073769,331.4378838,2460655.52,0.97587,1568.878934,4.295356426,3.305,Asteroid,MBA,N,N
393965 (2005 UA270),393965,2.768836086,3.393946789,3.081391437,0.101433186,9.770423042,211.0189231,137.5463587,2459356.164,1.77241,1975.689692,5.409143579,3.198,Asteroid,MBA,N,N
251267 (2006 WW14),251267,2.095623512,3.133112717,2.614368115,0.198420643,11.98512612,142.0174485,233.8383171,2460102.053,1.11846,1544.004402,4.227253666,3.349,Asteroid,MBA,N,N
467504 (2007 BK43),467504,2.209981415,2.958272434,2.584126924,0.144786042,0.22939307,46.25877472,75.33799789,2460179.772,1.22443,1517.292072,4.154119293,3.408,Asteroid,MBA,N,N
 63840 (2001 RS76),63840,2.193784565,2.942389639,2.568087102,0.145751496,5.254065012,76.97411878,333.1535448,2459727.045,1.20495,1503.187139,4.115502091,3.41,Asteroid,MBA,N,N
306454 (1999 BG27),306454,1.969273235,3.160956592,2.565114914,0.232286544,2.095155738,306.9453955,87.26668242,2459954.484,0.976176,1500.578312,4.108359514,3.393,Asteroid,MBA,N,N
299571 (2006 ES1),299571,1.978546839,2.488554289,2.233550564,0.114169667,3.815395129,25.260617,45.55317669,2459616.277,0.993762,1219.248163,3.338119542,3.629,Asteroid,MBA,N,N
369342 (2009 SX331),369342,2.159980084,3.094727921,2.627354003,0.177887684,11.447193,158.8253019,253.017728,2459820.342,1.20077,1555.522565,4.258788679,3.351,Asteroid,MBA,N,N
164028 (2003 UA241),164028,2.423087042,3.022797757,2.722942399,0.110121814,8.455915858,245.6954074,123.9283861,2459384.496,1.43492,1641.179594,4.493304844,3.333,Asteroid,MBA,N,N
482909 (2014 HD38),482909,2.298963404,3.953225193,3.126094299,0.264589234,25.19056483,202.9694616,102.3003885,2461127.792,1.43011,2018.838315,5.527278069,3.017,Asteroid,MBA,N,N
 32672 (6720 P-L),32672,2.589800989,3.304277022,2.947039005,0.121219304,0.844059644,6.603267391,0.708975592,2459402.635,1.58774,1847.89484,5.059260343,3.26,Asteroid,MBA,N,N
597660 (2007 TH59),597660,1.722435617,2.733432374,2.227933996,0.226891093,6.15451693,197.1703647,120.1695586,2460355.47,0.71915,1214.652106,3.325536224,3.603,Asteroid,MBA,N,N
192335 (1995 HD4),192335,2.143239552,2.772470456,2.457855004,0.128004073,3.959189438,103.3069088,41.65353016,2460865.107,1.1561,1407.449482,3.853386671,3.477,Asteroid,MBA,N,N
 71262 (2000 AR23),71262,2.668048567,2.86736643,2.767707499,0.036007754,5.260844785,67.55693693,28.69275762,2459940.115,1.68477,1681.816901,4.604563726,3.332,Asteroid,MBA,N,N
 73608 (4155 T-2),73608,2.044418076,2.396033205,2.220225641,0.079184548,5.906714367,20.61488789,130.1798548,2460533.384,1.05834,1208.35376,3.308292292,3.639,Asteroid,MBA,N,N
315301 (2007 TA174),315301,1.836048727,2.567072135,2.201560431,0.166023925,7.384429953,63.4565088,256.253191,2460227.75,0.839413,1193.148071,3.266661384,3.636,Asteroid,MBA,N,N
271266 (2003 UA168),271266,2.869341729,3.152999438,3.011170583,0.047100903,12.03019562,56.12958462,343.2844343,2460593.862,1.87927,1908.540874,5.225300135,3.214,Asteroid,MBA,N,N
486233 (2013 BK5),486233,2.341148228,2.991276382,2.666212305,0.121919802,18.44114592,132.8868762,312.0505414,2460967.717,1.3902,1590.158883,4.353617749,3.3,Asteroid,MBA,N,N
391839 (2008 SO179),391839,1.716056444,2.744648135,2.230352289,0.230589512,1.452821228,55.72039202,239.4488297,2460672.891,0.700028,1216.630294,3.330952209,3.607,Asteroid,MBA,N,N
104931 (2000 JC29),104931,2.040740897,3.07621107,2.558475983,0.202360737,4.309682468,271.6237794,300.3703459,2460615.934,1.03778,1494.756476,4.092420195,3.403,Asteroid,MBA,N,N
 59593 (1999 JY58),59593,2.265913688,2.992972986,2.629443337,0.138253464,4.283740049,93.23397085,191.9620618,2460814.844,1.24905,1557.378416,4.263869723,3.383,Asteroid,MBA,N,N
376249 (2011 EL83),376249,2.735156348,2.800190408,2.767673378,0.011748868,0.52083468,91.73180876,47.26811047,2460525.983,1.74488,1681.785801,4.604478578,3.339,Asteroid,MBA,N,N
557080 (2014 SN347),557080,2.743187636,2.812172967,2.777680302,0.012417795,6.565102417,175.8460198,183.2136139,2460194.275,1.73678,1690.91515,4.629473375,3.325,Asteroid,MBA,N,N
481447 (2006 WR166),481447,1.88422435,2.508011706,2.196118028,0.142020453,2.445530069,255.6163266,171.1824246,2460011.525,0.896926,1188.726495,3.254555769,3.654,Asteroid,MBA,N,N
392240 (2009 WZ20),392240,2.006019019,2.661299125,2.333659072,0.140397566,2.425735494,24.10559573,147.0940747,2460548.927,1.01081,1302.130589,3.565039258,3.555,Asteroid,MBA,N,N
321673 Huber (2010 CO182),321673,2.394681853,3.196662692,2.795672272,0.143432556,4.987744815,107.7248117,200.4607645,2459390.447,1.38003,1707.370666,4.674526121,3.307,Asteroid,MBA,N,N
525457 (2005 EQ289),525457,2.369161887,3.077663701,2.723412794,0.130076097,14.41737694,121.2807289,97.8197358,2460180.934,1.41165,1641.604889,4.494469238,3.3,Asteroid,MBA,N,N
 44958 (1999 VT78),44958,2.261294998,2.492309017,2.376802007,0.048597657,6.572902709,13.23974902,206.0882097,2460195.247,1.2551,1338.406186,3.66435643,3.53,Asteroid,MBA,N,N
536114 (2015 BZ542),536114,2.610579858,3.248316826,2.929448342,0.108849328,6.933371652,103.5811737,304.4362719,2460314.549,1.62773,1831.374627,5.014030464,3.257,Asteroid,MBA,N,N
506015 (2015 HO67),506015,2.635949943,3.563234757,3.09959235,0.149581737,0.926993585,31.75799441,284.7525568,2459611.198,1.62204,1993.220281,5.457139715,3.205,Asteroid,MBA,N,N
168638 Waltersiegmund (2000 CH149),168638,2.527063627,3.03833058,2.782697103,0.091865362,2.401873199,349.2882362,290.4105348,2460533.231,1.51126,1695.498191,4.642021057,3.325,Asteroid,MBA,N,N
456201 (2006 JY13),456201,3.012967306,3.360610365,3.186788835,0.054544414,18.45942476,66.73641048,67.02031966,2459589.291,2.07587,2077.917771,5.689028805,3.115,Asteroid,MBA,N,N
115436 (2003 TU4),115436,2.278240515,3.043877917,2.661059216,0.14385952,6.258963829,290.2648749,210.6809549,2459720.321,1.29273,1585.551071,4.341002247,3.362,Asteroid,MBA,N,N
 12742 Delisle (1992 OF1),12742,2.439216386,3.803954324,3.121585355,0.218596928,9.694877066,124.6998476,230.6972583,2461050.33,1.44689,2014.472062,5.51532392,3.157,Asteroid,MBA,N,N
286494 (2002 AP209),286494,2.765232359,2.997135644,2.881184002,0.040244442,6.554155701,139.290839,288.0311545,2460890.62,1.78712,1786.302141,4.890628723,3.283,Asteroid,MBA,N,N
562356 (2015 XJ411),562356,2.248306953,2.901905623,2.575106288,0.126907125,9.986926305,268.2664165,274.0776641,2460747.657,1.27591,1509.354194,4.132386569,3.395,Asteroid,MBA,N,N
273586 (2007 CM44),273586,1.976571972,2.822566706,2.399569339,0.176280535,1.653164368,273.7681599,228.6396229,2459594.334,0.988366,1357.683009,3.717133495,3.505,Asteroid,MBA,N,N
408787 (2000 AK221),408787,2.26241677,3.755892151,3.009154461,0.248155321,3.954070958,89.68475858,297.5099288,2460781.629,1.26959,1906.624406,5.220053131,3.199,Asteroid,MBA,N,N
159681 (2002 JB76),159681,2.354104029,3.22936814,2.791736084,0.156759823,12.4997785,22.90825545,272.0062615,2459570.35,1.37922,1703.766077,4.664657295,3.276,Asteroid,MBA,N,N
486505 (2013 GL106),486505,2.345445011,2.765919736,2.555682373,0.082262712,28.07365441,181.9892771,251.5948869,2460406.254,1.43875,1492.308949,4.085719231,3.269,Asteroid,MBA,N,N
504971 (2011 GP32),504971,2.357829565,3.064030317,2.710929941,0.130250646,13.64850698,199.2263605,353.7657207,2460480.34,1.35618,1630.331306,4.46360385,3.31,Asteroid,MBA,N,N
415866 (2001 SP194),415866,2.555608204,3.741151273,3.148379739,0.188278284,13.86734136,359.3621481,273.581907,2459984.035,1.58683,2040.46472,5.58648794,3.136,Asteroid,MBA,N,N
555713 (2014 DP65),555713,2.021465105,2.677266255,2.34936568,0.139569833,3.607762631,92.22761488,48.51805145,2460570.425,1.03534,1315.298598,3.601091302,3.543,Asteroid,MBA,N,N
144986 (2005 ET154),144986,2.084377354,2.82500192,2.454689637,0.150859106,2.744460185,31.41262389,200.9958614,2460608.592,1.07294,1404.731465,3.845945148,3.476,Asteroid,MBA,N,N
207898 (2008 UW1),207898,2.217711771,3.330807895,2.774259833,0.200611369,13.27598292,97.82551353,242.6974484,2459670.987,1.24276,1687.792792,4.620924824,3.268,Asteroid,MBA,N,N
202847 (2008 TK24),202847,1.913866432,2.501201332,2.207533882,0.133029646,3.411428206,215.6328044,225.326845,2459702.651,0.930075,1198.007381,3.279965452,3.646,Asteroid,MBA,N,N
 99154 (2001 FU129),99154,2.346656695,2.863906523,2.605281609,0.099269466,11.30789813,341.5946128,248.9434536,2459878.555,1.36498,1535.96188,4.205234443,3.378,Asteroid,MBA,N,N
224476 (2005 VT74),224476,2.173490564,3.061333755,2.61741216,0.169603245,3.478152761,98.13322342,327.7711098,2459878.051,1.18705,1546.701834,4.234638832,3.383,Asteroid,MBA,N,N
523282 (2017 BR25),523282,2.355403726,2.773734099,2.564568912,0.081559589,6.608259667,93.54351678,301.0333247,2460387.666,1.36969,1500.099226,4.107047847,3.419,Asteroid,MBA,N,N
512647 (2016 TC60),512647,2.357586553,3.980040749,3.168813651,0.256003409,15.13270414,310.2623448,55.34492517,2459709.99,1.38974,2060.361743,5.640963021,3.098,Asteroid,MBA,N,N
223507 (2004 CL19),223507,1.96908117,2.433292418,2.201186794,0.105445674,2.281815773,268.6071791,148.0354276,2460001.043,0.980284,1192.844342,3.265829819,3.656,Asteroid,MBA,N,N
246222 (2007 RL203),246222,2.445225338,2.921077306,2.683151322,0.088674083,1.693279939,191.9018772,133.9677743,2460622.714,1.43311,1605.336855,4.395172772,3.369,Asteroid,MBA,N,N
530807 (2011 UG316),530807,1.832191725,2.760131338,2.296161531,0.202063226,0.494550242,330.5301539,5.463877025,2460763.86,0.821938,1270.872792,3.479460074,3.567,Asteroid,MBA,N,N
141133 (2001 XM91),141133,2.834105219,3.163833101,2.99896916,0.054973537,9.606864327,247.4418782,358.9305698,2460824.915,1.81966,1896.95237,5.193572539,3.23,Asteroid,MBA,N,N
557200 (2014 TW71),557200,2.839263846,3.216479903,3.027871874,0.062290624,12.73557195,77.63185402,52.26754158,2459259.093,1.87309,1924.441296,5.268833116,3.204,Asteroid,MBA,N,N
464597 (2016 CN119),464597,3.02010421,3.110377286,3.065240748,0.014725283,16.12894907,163.593772,98.87771008,2460019.393,2.03663,1960.177104,5.366672428,3.172,Asteroid,MBA,N,N
610538 (2006 BF297),610538,2.818297258,3.424420096,3.121358677,0.097092789,6.710422827,94.93064494,29.63107302,2459835.588,1.83501,2014.252641,5.514723178,3.198,Asteroid,MBA,N,N
446400 (2014 HD185),446400,2.339391878,2.886673495,2.613032687,0.10472154,4.054046427,123.3702468,173.8806539,2460116.406,1.32299,1542.821529,4.224015137,3.397,Asteroid,MBA,N,N
266343 (2007 DT89),266343,2.536575623,2.65787049,2.597223056,0.023350876,4.219973214,153.1044938,254.8212981,2459834.965,1.5472,1528.84093,4.185738345,3.412,Asteroid,MBA,N,N
 61038 (2000 KU59),61038,2.540515996,2.916002535,2.728259265,0.068814307,9.987280662,67.94300061,10.32683416,2460872.801,1.55505,1645.988835,4.506471828,3.33,Asteroid,MBA,N,N
538524 (2016 EV217),538524,2.837818153,3.147180135,2.992499144,0.051689569,9.161049778,197.3425473,239.5374879,2460531.175,1.86375,1890.816916,5.176774582,3.234,Asteroid,MBA,N,N
559700 (2015 DK160),559700,2.988823445,3.372941206,3.180882326,0.060379121,16.15431103,11.36463121,20.37193605,2460536.741,1.99559,2072.143517,5.673219759,3.135,Asteroid,MBA,N,N
395404 (2011 SW126),395404,2.297247187,3.093217155,2.695232171,0.147662598,12.04014714,28.79596465,249.6468872,2460307.096,1.3137,1616.191058,4.42488996,3.323,Asteroid,MBA,N,N
157455 (2004 WV),157455,3.098000233,3.118402645,3.108201439,0.003282029,14.61088984,70.10966518,119.5748945,2460075.277,2.08835,2001.530271,5.479891227,3.17,Asteroid,MBA,N,N
208369 (2001 SL6),208369,2.628793605,3.145432155,2.88711288,0.089473216,0.549190408,231.3374566,35.03398023,2460765.744,1.61219,1791.818735,4.905732333,3.286,Asteroid,MBA,N,N
300265 (2007 HF81),300265,1.80534578,2.571434951,2.188390365,0.175034853,2.28950468,34.73146262,311.692303,2460515.775,0.798701,1182.457712,3.237392777,3.654,Asteroid,MBA,N,N
432486 (2010 EY37),432486,2.786779604,3.389143439,3.087961521,0.09753422,4.274740056,180.1355124,1.071529107,2461129.867,1.78839,1982.011851,5.426452706,3.214,Asteroid,MBA,N,N
151808 (2003 FX77),151808,2.388838999,2.792929394,2.590884196,0.077983106,6.807937251,28.89925636,137.5231111,2460256.334,1.39827,1523.247345,4.170423942,3.405,Asteroid,MBA,N,N
207982 (1997 AY8),207982,2.025792807,3.096177116,2.560984962,0.208979031,6.369361267,134.8497225,253.781887,2460621.221,1.04052,1496.955772,4.098441539,3.395,Asteroid,MBA,N,N
 38072 (1999 GO11),38072,1.903380516,2.729196165,2.316288341,0.178262705,4.232147664,179.4692472,186.4677199,2459633.958,0.900972,1287.618947,3.525308547,3.556,Asteroid,MBA,N,N
 19551 Peterborden (1999 JL62),19551,1.821065674,2.699045894,2.260055784,0.194238617,7.052818669,214.1078581,148.2918652,2460340.961,0.822795,1241.015383,3.397714944,3.586,Asteroid,MBA,N,N
528291 (2008 SL44),528291,1.787813784,2.649782295,2.218798039,0.194242219,5.043903542,194.4436656,182.8315691,2460773.069,0.788625,1207.188493,3.305101965,3.621,Asteroid,MBA,N,N
 46705 (1997 EE37),46705,2.097801047,2.554560412,2.326180729,0.098177962,5.010899941,113.563968,359.5768438,2460780.611,1.11293,1295.876479,3.547916439,3.563,Asteroid,MBA,N,N
490782 (2010 UA70),490782,2.284567542,2.951344378,2.61795596,0.12734684,10.70262866,62.04467685,311.3003762,2460039.518,1.30169,1547.183879,4.235958601,3.37,Asteroid,MBA,N,N
453594 (2010 LP51),453594,2.297447872,2.966548209,2.631998041,0.127108821,11.89541407,241.2496965,50.61678411,2459934.845,1.30057,1559.648635,4.270085242,3.358,Asteroid,MBA,N,N
600837 (2012 PO29),600837,2.243786378,2.921763218,2.582774798,0.131249701,8.216983847,286.0379356,276.9406629,2460237.769,1.25707,1516.101359,4.150859299,3.397,Asteroid,MBA,N,N
126494 (2002 CG57),126494,2.638600405,2.841992506,2.740296456,0.037111332,2.844179721,295.3170514,269.3963665,2460807.407,1.63472,1656.894096,4.536328804,3.347,Asteroid,MBA,N,N
 96478 (1998 HH129),96478,2.23249664,2.648805098,2.440650869,0.08528636,6.034176769,355.8440186,104.8581401,2460335.881,1.25704,1392.697881,3.812998991,3.489,Asteroid,MBA,N,N
145616 (2006 QV54),145616,2.401662199,3.960036826,3.180849513,0.244962017,19.92610313,351.620257,55.67138294,2460355.295,1.46427,2072.111453,5.673131974,3.061,Asteroid,MBA,N,N
415900 (2001 TM206),415900,1.961091953,3.214449008,2.58777048,0.242169285,14.14188138,124.2302972,262.9131158,2459788.36,1.02204,1520.50222,4.162908199,3.338,Asteroid,MBA,N,N
 70691 (1999 UH18),70691,2.057380649,2.7703269,2.413853774,0.147678012,7.038255504,42.4487672,286.2745986,2459544.289,1.05949,1369.824293,3.750374519,3.493,Asteroid,MBA,N,N
548862 (2010 WG44),548862,2.521978373,2.973839331,2.747908852,0.082219059,9.272212304,35.24812657,19.34222354,2460485.855,1.53345,1663.803033,4.555244442,3.323,Asteroid,MBA,N,N
171444 (2007 RL141),171444,2.17130947,3.063163444,2.617236457,0.170380856,11.60636397,184.6119808,129.0108987,2460411.438,1.17883,1546.546095,4.234212443,3.357,Asteroid,MBA,N,N
434884 (2006 SG360),434884,2.868024987,3.449696906,3.158860947,0.092069883,8.87724785,203.1621548,186.5664651,2460117.72,1.87223,2050.662501,5.614407942,3.18,Asteroid,MBA,N,N
463700 (2014 PP30),463700,1.966483965,2.847641829,2.407062897,0.183035903,2.413683163,93.22386108,299.3136393,2459780.34,0.972973,1364.047785,3.734559302,3.498,Asteroid,MBA,N,N
236784 Livorno (2007 PU27),236784,2.278193818,2.80766272,2.542928269,0.104106142,4.276007003,267.3482955,26.20420013,2460180.822,1.26236,1481.151871,4.055172816,3.433,Asteroid,MBA,N,N
409544 (2005 UU38),409544,2.540605125,3.004980209,2.772792667,0.083737794,4.942292711,66.68456941,5.905485718,2460500.459,1.55411,1686.454087,4.617259649,3.326,Asteroid,MBA,N,N
153444 (2001 QU259),153444,1.708136933,2.837231793,2.272684363,0.248405559,5.404071382,25.26919974,287.8532586,2459581.354,0.703612,1251.431587,3.426232955,3.564,Asteroid,MBA,N,N
610440 (2006 BU172),610440,2.684056877,3.416293706,3.050175291,0.120031926,4.043208499,287.8620542,209.1034783,2459648.171,1.69737,1945.743664,5.327155821,3.222,Asteroid,MBA,N,N
372482 (2009 SX210),372482,2.402938496,2.844150887,2.623544691,0.084087074,8.017222489,15.52752434,73.27834914,2460031.367,1.43248,1552.140842,4.249530027,3.385,Asteroid,MBA,N,N
 50990 (2000 GH94),50990,2.814543379,3.309242151,3.061892765,0.080783164,13.00207086,85.10450684,67.65860366,2459239.202,1.85642,1956.966502,5.357882277,3.189,Asteroid,MBA,N,N
348976 (2006 UJ116),348976,2.700302705,3.421266906,3.060784805,0.117774402,12.45594165,210.224551,74.80528042,2459417.838,1.7177,1955.904392,5.35497438,3.187,Asteroid,MBA,N,N
387867 (2004 RY128),387867,2.247645789,2.598185249,2.422915519,0.072338358,5.831226747,172.0080806,95.85364577,2459868.809,1.24031,1377.545126,3.771513006,3.502,Asteroid,MBA,N,N
324334 (2006 PO),324334,1.88827599,2.576892857,2.232584423,0.15421967,4.186384327,263.697563,10.62601855,2459933.275,0.871466,1218.457155,3.33595388,3.622,Asteroid,MBA,N,N
 35191 (1994 CE3),35191,2.231789833,2.868225317,2.550007575,0.124790901,11.01134366,152.8218179,289.8004524,2459623.297,1.27427,1487.341284,4.072118505,3.404,Asteroid,MBA,N,N
340381 (2006 DU197),340381,2.259219392,2.828515853,2.543867623,0.11189585,13.65420893,345.2235258,191.361884,2459721.318,1.2646,1481.97265,4.057419985,3.396,Asteroid,MBA,N,N
576691 (2012 TQ359),576691,2.733244121,2.893096693,2.813170407,0.028411463,5.033966834,44.31742045,223.634489,2460867.574,1.71949,1723.425392,4.718481565,3.314,Asteroid,MBA,N,N
309264 (2007 RA95),309264,1.920234184,2.829676678,2.374955431,0.191465171,3.560601819,40.17917375,297.9905532,2459635.667,0.913826,1336.846745,3.660086913,3.515,Asteroid,MBA,N,N
361434 (2007 AS8),361434,2.389324733,3.752560968,3.070942851,0.221957278,3.632016192,274.2258189,104.2686594,2459586.82,1.39391,1965.649266,5.38165439,3.19,Asteroid,MBA,N,N
410042 (2006 YN36),410042,1.820245822,3.374896878,2.59757135,0.299250886,3.115272453,341.2222051,52.63592627,2460032.142,0.827672,1529.148472,4.186580349,3.35,Asteroid,MBA,N,N
171801 (2001 DE39),171801,1.866846962,2.657652183,2.262249573,0.174782931,2.28780971,336.6280803,84.92456282,2460457.822,0.880239,1242.822763,3.402663281,3.597,Asteroid,MBA,N,N
234259 (2000 UM75),234259,2.166141263,2.801966608,2.484053935,0.127981389,6.752626298,118.4058507,250.0903767,2460311.422,1.17492,1430.012912,3.915161976,3.456,Asteroid,MBA,N,N
530998 (2012 BM112),530998,1.875863806,2.678532128,2.277197967,0.176240347,4.605376519,313.0488001,217.9618153,2459796.304,0.88325,1255.161496,3.436444889,3.583,Asteroid,MBA,N,N
405917 (2006 KO5),405917,2.04661182,2.73151533,2.389063575,0.143341416,5.42925134,231.3526515,7.303124877,2460630.994,1.03382,1348.776489,3.692748773,3.513,Asteroid,MBA,N,N
310520 (2000 YH38),310520,2.477906293,3.745016179,3.111461236,0.203619745,17.38158641,117.3366932,270.1164927,2459608.629,1.55577,2004.679822,5.488514227,3.117,Asteroid,MBA,N,N
 47089 (1999 AC7),47089,2.218422282,2.597058286,2.407740284,0.078628913,7.563630799,140.3650849,357.9971817,2460798.736,1.23033,1364.623624,3.736135864,3.506,Asteroid,MBA,N,N
543436 (2014 GW62),543436,2.217053395,2.555474181,2.386263788,0.070910179,7.491685185,7.850250221,0.76490784,2460010.225,1.21507,1346.406201,3.686259276,3.52,Asteroid,MBA,N,N
440315 (2004 SR56),440315,2.450360862,3.867406436,3.158883649,0.22429531,11.08521745,167.5784216,200.3975193,2459427.968,1.45133,2050.684608,5.614468467,3.137,Asteroid,MBA,N,N
492072 (2013 JY),492072,1.915815077,3.185283005,2.550549041,0.248861698,3.940970509,153.0651028,106.6052766,2459514.773,0.904399,1487.81504,4.073415578,3.393,Asteroid,MBA,N,N
574333 (2010 JZ44),574333,2.345491826,3.85961275,3.102552288,0.244012153,16.98526504,108.5456479,233.0845629,2459774.872,1.3764,1996.076084,5.464958476,3.109,Asteroid,MBA,N,N
495068 (2011 FF76),495068,2.854507426,3.37196767,3.113237548,0.08310645,5.338233064,12.75829559,215.5167024,2459890.669,1.84611,2006.396753,5.493214931,3.206,Asteroid,MBA,N,N
 91622 (1999 TJ40),91622,2.49575042,3.098485198,2.797117809,0.107742115,4.178993836,48.24643265,310.9375518,2459959.658,1.49415,1708.695063,4.678152122,3.314,Asteroid,MBA,N,N
416126 (2002 QF89),416126,2.099170962,2.791248597,2.44520978,0.141517027,6.210477902,326.7967747,41.89750951,2459596.04,1.10152,1396.60185,3.823687474,3.477,Asteroid,MBA,N,N
585673 (2019 AV16),585673,1.942274591,2.921758371,2.432016481,0.201372768,23.16553772,321.1333525,169.5910413,2459947.857,0.957412,1385.313918,3.7927828,3.371,Asteroid,MBA,N,N
425949 (2011 GL84),425949,2.997012501,3.325583272,3.161297886,0.051967702,11.69317474,115.8985918,178.7658841,2460271.33,1.98039,2053.035969,5.620906145,3.17,Asteroid,MBA,N,N
171684 (2000 RN53),171684,1.81717512,2.675366431,2.246270775,0.191025793,5.078844301,240.2945674,112.8508948,2460367.05,0.818971,1229.678521,3.366676306,3.601,Asteroid,MBA,N,N
278818 (2008 SL257),278818,2.416820003,2.895656851,2.656238427,0.090134388,13.64190712,217.8935141,66.61332043,2460620.729,1.43661,1581.244434,4.329211317,3.342,Asteroid,MBA,N,N
  2365 Interkosmos (1980 YQ),2365,2.244563816,2.842324292,2.543444054,0.11751005,5.352954014,282.7436986,207.887191,2459481.45,1.25966,1481.602529,4.056406651,3.428,Asteroid,MBA,N,N
159702 (2002 RY70),159702,3.012451173,3.287460938,3.149956056,0.043652953,7.852671847,270.9315986,198.8374537,2459344.59,2.02909,2041.997328,5.590683992,3.192,Asteroid,MBA,N,N
204644 (2006 BK32),204644,2.106672584,2.60628841,2.356480497,0.106008903,4.774292676,120.5214414,97.35185481,2460593.902,1.1045,1321.277993,3.617461993,3.542,Asteroid,MBA,N,N
209753 (2005 EQ211),209753,2.106628256,2.814874757,2.460751507,0.143908578,2.417753655,100.1335576,1.72014477,2460301.748,1.12216,1409.938165,3.860200315,3.474,Asteroid,MBA,N,N
571623 (2007 TD461),571623,2.479966946,3.209976702,2.844971824,0.12829824,14.88562357,10.33872934,254.8669949,2461033.855,1.51491,1752.731458,4.798717201,3.246,Asteroid,MBA,N,N
164891 (1999 VD104),164891,1.999916925,3.151761794,2.575839359,0.223586317,2.281106887,211.3698249,171.2130192,2460479.689,1.00237,1509.998756,4.134151281,3.391,Asteroid,MBA,N,N
544178 (2014 SB251),544178,2.198383425,2.911873407,2.555128416,0.139619202,4.983402852,277.264024,111.7852244,2459988.046,1.2086,1491.823777,4.084390902,3.419,Asteroid,MBA,N,N
165631 (2001 FM160),165631,2.306839446,2.920394735,2.613617091,0.11737666,14.1141686,182.8699806,283.3342204,2459447.273,1.36833,1543.339135,4.225432266,3.356,Asteroid,MBA,N,N
 14533 Roy (1997 QY),14533,2.097752043,3.04510848,2.571430262,0.184208075,9.277788739,183.3096822,147.3728379,2459759.083,1.09385,1506.123388,4.123541104,3.387,Asteroid,MBA,N,N
194652 (2001 XL177),194652,1.955059634,2.917059192,2.436059413,0.197449938,2.327544432,167.2613817,275.9658649,2460565.492,0.971437,1388.769727,3.802244291,3.476,Asteroid,MBA,N,N
607997 (2002 TQ212),607997,1.971399477,3.511295807,2.741347642,0.280864839,10.58877161,74.31463592,313.2516471,2460886.833,0.993162,1657.847572,4.53893928,3.268,Asteroid,MBA,N,N
363068 (2000 DS91),363068,2.172104658,2.984033381,2.578069019,0.157468384,3.182431199,164.0108194,285.8772253,2460432.059,1.18991,1511.959774,4.139520258,3.406,Asteroid,MBA,N,N
481436 (2006 VW17),481436,1.922124628,2.470116286,2.196120457,0.12476357,3.305313392,27.4601163,39.9541405,2460040.421,0.936052,1188.728467,3.254561168,3.656,Asteroid,MBA,N,N
249706 (2000 JJ8),249706,2.359712444,2.924498545,2.642105494,0.106881823,14.1068631,204.1776425,351.6287551,2459433.95,1.35728,1568.641347,4.294705946,3.344,Asteroid,MBA,N,N
278116 (2007 CA4),278116,1.988518257,2.521169182,2.254843719,0.118112604,6.659678699,307.9030526,309.6429244,2460764.189,0.980089,1236.724878,3.38596818,3.606,Asteroid,MBA,N,N
197131 (2003 UQ232),197131,2.371571172,3.636884893,3.004228033,0.210588828,5.794356535,219.7425698,249.6081,2460848.895,1.39445,1901.944187,5.207239389,3.21,Asteroid,MBA,N,N
251691 (1995 VW17),251691,2.320378309,2.61248849,2.4664334,0.059217123,5.276838234,237.7631172,187.5619818,2459976.847,1.3326,1414.824319,3.873577875,3.478,Asteroid,MBA,N,N
473663 (2015 XJ347),473663,2.278981753,2.963889459,2.621435606,0.130635997,12.48216727,252.6419647,261.2192432,2460705.041,1.328,1550.269554,4.244406718,3.359,Asteroid,MBA,N,N
580304 (2015 BB240),580304,2.534651825,2.691559395,2.61310561,0.030023197,11.67957863,155.9504001,77.68612073,2460628.075,1.55567,1542.886114,4.22419196,3.379,Asteroid,MBA,N,N
556644 (2014 QN313),556644,2.8295572,3.094111179,2.96183419,0.044660498,1.088893664,67.77054299,253.5961325,2460636.613,1.81626,1861.827925,5.097407051,3.264,Asteroid,MBA,N,N
138906 (2000 YO118),138906,1.917413412,2.535546047,2.226479729,0.138813892,7.932169734,319.7621927,111.547667,2460261.856,0.947499,1213.463018,3.322280678,3.62,Asteroid,MBA,N,N
295308 (2008 GU122),295308,2.262870501,3.015964011,2.639417256,0.142662838,2.952304258,60.99784744,165.7072473,2460895.16,1.25241,1566.24791,4.288153072,3.379,Asteroid,MBA,N,N
404185 (2013 CY110),404185,2.115679297,2.75098267,2.433330984,0.130541915,4.796613854,18.31101977,176.0606085,2460649.107,1.11352,1386.437211,3.795858208,3.49,Asteroid,MBA,N,N
296437 (2009 HY48),296437,1.889579701,2.522190367,2.205885034,0.143391577,5.405560858,120.9160483,146.0049672,2459827.128,0.875666,1196.665411,3.276291337,3.642,Asteroid,MBA,N,N
425974 (2011 HX60),425974,3.051592474,3.089861657,3.070727065,0.00623129,10.41901557,205.7916522,142.3052809,2460372.395,2.05306,1965.44209,5.381087173,3.206,Asteroid,MBA,N,N
348239 Societadante (2004 SB26),348239,2.616155818,3.50682606,3.061490939,0.145463478,11.41157229,78.82018641,269.7283828,2460973.644,1.64097,1956.581282,5.356827604,3.187,Asteroid,MBA,N,N
193194 (2000 QH118),193194,1.941814866,3.161867555,2.55184121,0.239053411,17.48866755,181.5706078,204.9465365,2460811.671,0.954515,1488.945827,4.076511504,3.336,Asteroid,MBA,N,N
153463 (2001 RX4),153463,2.099492544,2.832084774,2.465788659,0.148551302,12.14393181,325.6628158,15.5639614,2460621.153,1.09197,1414.26959,3.87205911,3.441,Asteroid,MBA,N,N
192471 (1998 FF59),192471,2.113001066,2.738804804,2.425902935,0.128983672,2.484536688,87.62293631,54.03883921,2460419.864,1.12561,1380.093648,3.77849048,3.498,Asteroid,MBA,N,N
 22137 Annettelee (2000 VM15),22137,2.224024584,2.827665675,2.52584513,0.119492894,1.705895897,197.7046773,238.9497564,2460742.252,1.23862,1466.251619,4.01437815,3.443,Asteroid,MBA,N,N
553439 (2011 QB8),553439,1.827252588,2.803673976,2.315463282,0.210847953,5.752038011,184.9674442,158.675156,2459710.072,0.820628,1286.931036,3.52342515,3.545,Asteroid,MBA,N,N
505298 (2012 WJ24),505298,2.620969878,3.580918698,3.100944288,0.154783306,13.16872766,59.13840657,327.4995787,2460088.54,1.63636,1994.524487,5.460710436,3.163,Asteroid,MBA,N,N
111793 (2002 CG240),111793,2.016746402,2.642510473,2.329628438,0.134305553,3.275532592,240.9977739,42.45592878,2460492.361,1.00114,1298.758538,3.555807085,3.557,Asteroid,MBA,N,N
341615 (2007 UJ131),341615,3.140644769,3.255817361,3.198231065,0.018005671,15.91310067,265.7089319,279.1573903,2459372.154,2.16168,2089.119019,5.719696152,3.135,Asteroid,MBA,N,N
393201 (2013 CQ197),393201,2.115792738,2.923056209,2.519424474,0.160207912,7.105582562,176.2214544,131.5301034,2459911.016,1.10879,1460.664393,3.999081159,3.428,Asteroid,MBA,N,N
308723 (2006 HZ20),308723,1.976716095,2.907964129,2.442340112,0.190646673,3.302063614,130.3193752,163.4599349,2459665.123,0.960307,1394.14402,3.816958302,3.473,Asteroid,MBA,N,N
202191 (2004 XA48),202191,2.386451907,2.931230889,2.658841398,0.102446686,4.589413722,47.59229406,174.1025831,2460204.623,1.37698,1583.569305,4.335576468,3.375,Asteroid,MBA,N,N
410917 (2009 SJ186),410917,2.837287458,3.290913384,3.064100421,0.074022693,8.726609131,45.58569224,305.8778228,2460831.269,1.84312,1959.083373,5.363677954,3.211,Asteroid,MBA,N,N
443076 (2013 GP27),443076,2.933666904,3.124966392,3.029316648,0.031574693,10.57391709,56.17093025,52.75759969,2459864.419,1.96145,1925.818854,5.272604666,3.217,Asteroid,MBA,N,N
122807 (2000 SS99),122807,2.006042791,3.206229472,2.606136131,0.230261702,5.438782339,342.8971839,0.002112037,2460967.158,0.997514,1536.717627,4.207303564,3.368,Asteroid,MBA,N,N
265519 (2005 MN9),265519,2.12642539,2.731554869,2.428990129,0.124564005,6.873346301,130.3588856,234.9376669,2460684.326,1.13149,1382.728938,3.785705511,3.488,Asteroid,MBA,N,N
603067 (2014 WC242),603067,2.385878955,3.324222924,2.85505094,0.164330513,13.41388157,282.4976734,93.10388492,2460566.713,1.43245,1762.054021,4.824240988,3.244,Asteroid,MBA,N,N
244507 (2002 TK154),244507,2.743850911,3.105053271,2.924452091,0.061755561,11.29871395,226.1345356,167.3186765,2460045.649,1.75101,1826.691439,5.001208594,3.247,Asteroid,MBA,N,N
279977 (2001 TU104),279977,1.83891732,2.787226757,2.313072038,0.20498917,4.31693695,7.983623323,288.0563114,2459687.844,0.828209,1284.937976,3.51796845,3.551,Asteroid,MBA,N,N
569909 (2005 YX226),569909,2.49634293,2.884407727,2.690375328,0.07212094,4.068575947,117.9283606,143.8453681,2460876.186,1.48139,1611.824432,4.412934789,3.365,Asteroid,MBA,N,N
583475 (2016 GV257),583475,2.269171042,2.825322875,2.547246958,0.109167239,4.160051262,168.8719083,207.8162462,2459712.377,1.27037,1484.926663,4.065507633,3.43,Asteroid,MBA,N,N
338867 (2003 YT174),338867,2.948862468,3.103271549,3.026067008,0.025513163,7.187592322,92.39945788,150.6643267,2459438.878,1.93605,1922.720859,5.264122818,3.232,Asteroid,MBA,N,N
263372 (2008 CM166),263372,2.049481922,2.80811635,2.428799136,0.156174798,2.865608594,132.532274,316.0395075,2459815.233,1.0658,1382.565853,3.785259009,3.49,Asteroid,MBA,N,N
 21976 (1999 XV2),21976,1.975116627,2.791783368,2.383449998,0.171320301,7.826916271,258.7624836,273.9091663,2460005.651,0.997387,1344.025457,3.679741157,3.504,Asteroid,MBA,N,N
 55144 (2001 QK198),55144,2.575624546,3.743266078,3.159445312,0.184785843,1.551566995,165.1738897,188.9947483,2460262.942,1.57004,2051.231563,5.615965949,3.178,Asteroid,MBA,N,N
489163 (2006 ET67),489163,2.777102123,3.229426083,3.003264103,0.075305392,6.366019067,138.8086889,206.2523909,2460581.889,1.77007,1901.02888,5.204733415,3.238,Asteroid,MBA,N,N
 64800 (2001 XA210),64800,2.048498217,2.745270619,2.396884418,0.145349604,6.585433739,147.9810574,194.4051724,2460067.63,1.04015,1355.404943,3.710896489,3.505,Asteroid,MBA,N,N
106244 (2000 UX48),106244,2.892791325,3.255216854,3.074004089,0.058950073,11.31547473,54.46100205,284.4134285,2459346.396,1.91161,1968.589155,5.389703368,3.197,Asteroid,MBA,N,N
422808 (2001 YP58),422808,1.940276634,3.259044433,2.599660534,0.253642309,14.87205506,86.56607988,309.9805675,2459777.156,0.982359,1530.993647,4.19163216,3.323,Asteroid,MBA,N,N
346220 (2007 YK57),346220,2.856876174,3.135830442,2.996353308,0.046548961,12.06729149,270.152996,142.717321,2459993.134,1.87792,1894.470985,5.186778877,3.219,Asteroid,MBA,N,N
  9070 Ensab (1993 OZ2),9070,1.719029689,4.297107145,3.008068417,0.428527064,21.61835036,116.3875359,248.9966444,2460668.805,0.830863,1905.59231,5.217227407,3.007,Asteroid,MBA,N,N
158623 Perali (2003 BS4),158623,1.987763218,2.606505104,2.297134161,0.134676915,6.597228133,184.3573863,202.7703771,2459981.002,0.992458,1271.68037,3.481671101,3.573,Asteroid,MBA,N,N
 33471 Ozuna (1999 FV38),33471,1.945147067,2.606601413,2.27587424,0.145318738,3.774117174,323.4109377,267.8307851,2460207.014,0.938136,1254.067223,3.433448935,3.592,Asteroid,MBA,N,N
139946 (2001 RR138),139946,2.342283953,3.037967689,2.690125821,0.129303197,11.7068587,3.058706127,179.8610834,2459487.627,1.34353,1611.600214,4.412320915,3.331,Asteroid,MBA,N,N
  5719 Krizik (1983 RX),5719,1.841788892,2.594233663,2.218011278,0.169621493,4.366122643,319.6462928,339.9809293,2459944.74,0.826346,1206.546466,3.303344192,3.629,Asteroid,MBA,N,N
423632 (2005 WW196),423632,2.027198048,3.267916991,2.647557519,0.234313879,13.61650813,223.2321684,196.4320744,2459986.032,1.04133,1573.499224,4.308006089,3.313,Asteroid,MBA,N,N
319092 (2005 WE147),319092,2.744025829,3.217919472,2.98097265,0.079486412,1.113897834,339.47227,177.5565553,2459739.54,1.75196,1879.902884,5.14689359,3.254,Asteroid,MBA,N,N
307851 (2003 YT146),307851,2.000985063,3.188160864,2.594572964,0.228780577,13.58530181,83.04827676,29.52602519,2460601.052,1.02699,1526.501584,4.179333563,3.342,Asteroid,MBA,N,N
576686 (2012 TH357),576686,2.448586379,2.87626084,2.66242361,0.080316757,4.717500409,196.1681819,152.8545857,2460799.516,1.44285,1586.770656,4.34434129,3.376,Asteroid,MBA,N,N
  8684 Reichwein (1992 FO3),8684,2.073562757,2.257262535,2.165412646,0.042416806,1.237493054,184.8554089,202.878579,2459847.088,1.07623,1163.883282,3.186538759,3.692,Asteroid,MBA,N,N
555223 (2013 TP85),555223,2.786559948,2.832974712,2.80976733,0.008259539,0.989322829,59.14928272,146.5399973,2460930.622,1.7774,1720.29911,4.709922273,3.321,Asteroid,MBA,N,N
118788 (2000 RN99),118788,2.385318553,2.790741713,2.588030133,0.078326592,13.29051455,306.3154353,115.7144671,2459638.661,1.43077,1520.731072,4.163534763,3.379,Asteroid,MBA,N,N
192824 (1999 VD91),192824,2.522699807,2.895391835,2.709045821,0.068786586,8.81951911,214.7255696,190.5768336,2459691.736,1.53085,1628.63196,4.458951294,3.343,Asteroid,MBA,N,N
135785 (2002 RH84),135785,2.126629771,3.14790318,2.637266476,0.193623477,2.420318066,337.2760602,59.88137997,2460472.355,1.13411,1564.333869,4.282912713,3.369,Asteroid,MBA,N,N
283320 (1994 SB12),283320,1.970285094,2.607313969,2.288799532,0.139162226,4.751858704,176.4413566,148.6212549,2459633.4,0.959808,1264.765646,3.46273962,3.582,Asteroid,MBA,N,N
239962 (2001 KB52),239962,2.018798609,3.48514106,2.751969835,0.266416883,26.42344949,137.2979633,138.9034476,2460478.441,1.05391,1667.492659,4.565346088,3.146,Asteroid,MBA,N,N
623172 (2015 PR231),623172,1.991155495,3.087665628,2.539410561,0.215898553,2.273520494,155.5012246,175.3153119,2460196.411,0.979801,1478.079553,4.046761266,3.412,Asteroid,MBA,N,N
236579 (2006 HE101),236579,2.671233853,2.913263408,2.792248631,0.043339542,4.045224946,136.5381762,248.813361,2459690.466,1.6765,1704.235301,4.66594196,3.324,Asteroid,MBA,N,N
598930 (2009 HN111),598930,2.041823427,2.714287783,2.378055605,0.141389536,3.387072944,62.02067365,200.9179156,2460415.843,1.02595,1339.4652,3.667255851,3.524,Asteroid,MBA,N,N
237277 Nevaruth (2008 XR2),237277,2.527704538,3.558306675,3.043005607,0.169339507,1.666327902,253.6130307,238.5463219,2460891.34,1.54131,1938.887254,5.308383995,3.217,Asteroid,MBA,N,N
263622 (2008 GS36),263622,1.977993582,2.774053062,2.376023322,0.16751929,9.234972664,62.89146415,49.13670423,2459614.299,1.00673,1337.748509,3.662555809,3.505,Asteroid,MBA,N,N
 57635 (2001 TF183),57635,1.962528184,2.782650484,2.372589334,0.172832755,4.184883231,314.5220739,260.0260608,2460849.598,0.960372,1334.849452,3.654618622,3.52,Asteroid,MBA,N,N
  9835 (1984 UD),9835,2.070773533,3.420932753,2.745853143,0.24585423,9.176717058,26.99143035,25.56645623,2461002.429,1.08431,1661.936347,4.550133735,3.285,Asteroid,MBA,N,N
 86584 (2000 ES57),86584,1.988255333,2.697481085,2.342868209,0.151358439,4.008808863,330.2733409,92.98851536,2460437.884,1.0051,1309.845933,3.586162718,3.544,Asteroid,MBA,N,N
242889 (2006 JP47),242889,1.857205562,3.247336763,2.552271163,0.272332192,12.9313927,43.00490852,256.6723685,2459997.153,0.891819,1489.322145,4.077541807,3.352,Asteroid,MBA,N,N
512963 (2017 SQ35),512963,2.035122785,2.825402897,2.430262841,0.16259149,7.34775489,76.35821747,264.3737291,2460684.266,1.04188,1383.815838,3.788681281,3.479,Asteroid,MBA,N,N
500250 (2012 KE5),500250,2.488409802,2.923616107,2.706012955,0.080414675,6.374793246,90.74170261,187.355095,2459463.969,1.47148,1625.897765,4.451465475,3.352,Asteroid,MBA,N,N
101445 (1998 VG47),101445,2.19991802,2.895240082,2.547579051,0.13646722,14.04879469,59.21440574,169.9306477,2460765.106,1.18942,1485.217064,4.066302707,3.387,Asteroid,MBA,N,N
614034 (2008 RU81),614034,2.246968146,3.862606068,3.054787107,0.26444362,22.52845188,333.0160804,49.91119167,2460706.127,1.3039,1950.158231,5.339242248,3.068,Asteroid,MBA,N,N
113458 (2002 SH49),113458,1.832552871,2.620288361,2.226420616,0.17690626,5.552422545,46.90652087,271.5054989,2459696.332,0.829318,1213.414692,3.322148368,3.619,Asteroid,MBA,N,N
458328 (2010 VN121),458328,2.352610857,3.215347797,2.783979327,0.154946722,10.63440139,79.32662316,338.4259603,2460595.62,1.36771,1696.670215,4.645229884,3.289,Asteroid,MBA,N,N
414049 (2007 RQ210),414049,2.066616662,2.442304095,2.254460379,0.083320922,3.455415816,317.8417008,14.28879768,2460501.941,1.05536,1236.409512,3.385104756,3.618,Asteroid,MBA,N,N
588544 (2008 FT138),588544,2.834812446,3.274179606,3.054496026,0.071921384,10.32217504,157.8836888,54.01571543,2460375.578,1.84461,1949.879501,5.338479126,3.207,Asteroid,MBA,N,N
431100 (2006 EL4),431100,2.411053497,2.910548819,2.660801158,0.093861828,6.621429645,146.2910176,188.809204,2460888.854,1.40053,1585.320437,4.340370805,3.37,Asteroid,MBA,N,N
303029 (2003 YV9),303029,2.032908979,3.094660829,2.563784904,0.207067264,4.825100897,268.1654322,167.1881277,2460459.929,1.04722,1499.411391,4.105164657,3.398,Asteroid,MBA,N,N
112526 (2002 PJ32),112526,2.711526302,3.260244811,2.985885556,0.091885389,2.413088764,307.6087146,293.1861364,2459656.371,1.69923,1884.552167,5.159622634,3.25,Asteroid,MBA,N,N
 48493 (1992 WG),48493,2.589900242,3.459287443,3.024593842,0.143719661,12.41129246,53.36868718,353.7969487,2460484.417,1.59935,1921.316986,5.260279223,3.194,Asteroid,MBA,N,N
308238 (2005 EC328),308238,2.250494013,2.781057174,2.515775593,0.105447235,5.111082418,183.6460821,1.232130981,2460726.985,1.25102,1457.492324,3.990396506,3.446,Asteroid,MBA,N,N
192891 (1999 XK117),192891,1.801430555,3.458529832,2.629980193,0.315040258,4.211127161,313.2306513,75.52564587,2460786.232,0.811076,1557.855398,4.265175629,3.324,Asteroid,MBA,N,N
 72082 (2000 YG40),72082,1.766566759,2.859243969,2.312905364,0.236213125,2.511307755,245.1586552,152.4072881,2460746.506,0.773536,1284.799094,3.517588212,3.544,Asteroid,MBA,N,N
566760 (2018 UW18),566760,2.774532151,3.3923896,3.083460876,0.100188955,10.22695324,1.994267613,111.6039473,2460770.814,1.80949,1977.680313,5.414593601,3.195,Asteroid,MBA,N,N
496830 (1995 UM81),496830,2.369507221,3.880606319,3.12505677,0.241771464,25.82972258,11.94965434,85.34157115,2460364.633,1.5403,2017.833341,5.524526601,3.019,Asteroid,MBA,N,N
184408 (2005 MZ22),184408,1.707133422,2.987786531,2.347459977,0.272774216,9.729032592,155.4641567,161.996545,2460143.404,0.696627,1313.698553,3.596710617,3.49,Asteroid,MBA,N,N
300752 (2007 VX211),300752,2.529176809,2.972715579,2.750946194,0.080615675,4.755627361,187.2562941,69.75206565,2460364.977,1.51859,1666.562368,4.562799092,3.336,Asteroid,MBA,N,N
359108 (2009 BH23),359108,1.962506762,2.787547828,2.375027295,0.17369086,5.390718803,0.967420275,87.62446997,2460079.784,0.986346,1336.907423,3.660253039,3.516,Asteroid,MBA,N,N
615529 (2003 SC451),615529,2.849043203,3.177779635,3.013411419,0.054545561,12.63135785,131.3109892,322.966681,2460880.639,1.87414,1910.671701,5.23113402,3.21,Asteroid,MBA,N,N
221846 (2008 FR80),221846,2.133324192,2.512106551,2.322715372,0.081538695,3.778016039,198.0768402,89.29355983,2460034.6,1.12052,1292.981819,3.53999129,3.569,Asteroid,MBA,N,N
 77003 (2001 CT4),77003,2.07082156,2.490426766,2.280624163,0.091993502,3.377763882,31.72494202,41.05790116,2460523.475,1.08554,1257.995272,3.444203346,3.598,Asteroid,MBA,N,N
335123 (2004 TF272),335123,2.207058898,2.922342122,2.56470051,0.13944771,2.706452179,313.6266908,93.15928949,2460816.936,1.21768,1500.214691,4.107363973,3.418,Asteroid,MBA,N,N
622633 (2014 OU265),622633,2.117160816,3.401078549,2.759119682,0.232668003,8.828742893,92.84696736,247.8686536,2460297.998,1.12652,1673.995306,4.583149365,3.286,Asteroid,MBA,N,N
588527 (2008 FL17),588527,2.013975217,2.809872486,2.411923852,0.164992205,2.629344269,88.25195931,331.9357014,2459651.222,1.02598,1368.18182,3.745877673,3.499,Asteroid,MBA,N,N
303213 (2004 JZ20),303213,2.625147193,3.110017991,2.867582592,0.084543476,14.72507184,207.2462793,325.8295319,2460085.473,1.63771,1773.667996,4.85603832,3.245,Asteroid,MBA,N,N
252999 (2002 QM134),252999,2.055317473,2.828604829,2.441961151,0.158333263,3.553965463,94.81261827,197.6388389,2460747.942,1.03885,1393.819553,3.816069959,3.481,Asteroid,MBA,N,N
421598 (2014 OP228),421598,2.006406606,2.857892336,2.432149471,0.175047985,2.226824989,203.0778655,175.9935244,2459738.854,1.00775,1385.427549,3.793093905,3.485,Asteroid,MBA,N,N
 64519 (2001 VQ96),64519,2.150532075,2.715966331,2.433249203,0.116189138,16.48293121,119.3251481,62.70815537,2459572.915,1.20476,1386.367317,3.795666851,3.441,Asteroid,MBA,N,N
495384 (2014 QX129),495384,1.965513908,2.738637295,2.352075602,0.164349179,1.070132972,337.1159037,301.8593439,2460671.637,0.948672,1317.574989,3.607323721,3.538,Asteroid,MBA,N,N
 52471 (1995 SG4),52471,1.765681191,2.805807166,2.285744179,0.227524581,21.68581888,312.5258206,42.19619578,2460058.196,0.797456,1262.23396,3.45580824,3.476,Asteroid,MBA,N,N
152589 (1995 ME3),152589,2.190973578,3.140773558,2.665873568,0.178140477,11.38998453,199.9734394,187.1042383,2460001.062,1.19472,1589.855852,4.352788096,3.333,Asteroid,MBA,N,N
611788 (2007 EO240),611788,2.897789378,3.327304954,3.112547166,0.068997441,10.98300405,36.14475886,233.7584045,2460536.642,1.89801,2005.729392,5.491387795,3.187,Asteroid,MBA,N,N
501461 (2014 AS49),501461,2.775145249,3.30957765,3.04236145,0.087831839,10.50958521,114.1538978,45.29886386,2460731.231,1.79573,1938.271638,5.306698531,3.208,Asteroid,MBA,N,N
112633 (2002 PR78),112633,2.460709917,2.702859061,2.581784489,0.046895693,6.177256192,104.4213055,116.6894131,2459678.235,1.45745,1515.229468,4.148472191,3.414,Asteroid,MBA,N,N
360969 (2005 UB209),360969,2.464909364,3.620349964,3.042629664,0.189875326,16.98748996,217.621062,303.9954414,2460100.915,1.51168,1938.52796,5.307400302,3.146,Asteroid,MBA,N,N
320140 (2007 EX214),320140,2.705285631,3.132870589,2.91907811,0.073239725,2.335962805,40.83051768,101.7097414,2459403.574,1.71762,1821.658653,4.987429577,3.275,Asteroid,MBA,N,N
173995 (2001 XV204),173995,2.663512372,3.419726905,3.041619638,0.12431116,10.44828726,106.5360685,267.4067773,2459750.656,1.68937,1937.562776,5.304757771,3.203,Asteroid,MBA,N,N
241263 (2007 TB350),241263,1.950661989,2.811667427,2.381164708,0.180795019,2.458608274,79.59623979,208.3349953,2459589.895,0.934097,1342.092911,3.674450134,3.515,Asteroid,MBA,N,N
388965 (2008 TP90),388965,1.987811783,3.160472828,2.574142305,0.227777043,3.914909111,189.6131275,211.9125322,2460812.111,0.996347,1508.50674,4.130066367,3.388,Asteroid,MBA,N,N
 96127 (2202 T-3),96127,2.921376695,3.31087245,3.116124572,0.06249682,8.946777509,221.6417595,229.8841636,2459847.364,1.94584,2009.188313,5.500857804,3.196,Asteroid,MBA,N,N
 59618 (1999 JR70),59618,2.210156849,2.977245503,2.593701176,0.147875295,4.749006198,121.7909823,174.0514238,2460708.125,1.19367,1525.732282,4.177227329,3.398,Asteroid,MBA,N,N
540566 (2017 SJ127),540566,3.040484794,3.215961281,3.128223038,0.028047311,12.77846827,80.81259875,60.13362224,2460653.828,2.07493,2020.900782,5.532924797,3.175,Asteroid,MBA,N,N
493387 (2014 WX136),493387,2.028554143,3.048905921,2.538730032,0.200957125,3.780342281,237.5370403,91.48491873,2459647.616,1.02117,1477.485433,4.045134656,3.415,Asteroid,MBA,N,N
 23853 (1998 RZ35),23853,2.380672846,2.919853459,2.650263152,0.10172209,12.95683804,175.9788667,354.179924,2459737.613,1.38528,1575.911862,4.314611532,3.347,Asteroid,MBA,N,N
  5499 (1981 SU2),5499,1.963668106,2.573356555,2.26851233,0.134380678,2.121233109,312.7907724,84.59306468,2459964.726,0.971232,1247.987235,3.416802833,3.601,Asteroid,MBA,N,N
529299 (2009 UY126),529299,2.208412637,3.243764147,2.726088392,0.189896907,7.327347268,224.9590331,121.3492815,2459910.596,1.21204,1644.024658,4.501094204,3.318,Asteroid,MBA,N,N
111206 (2001 WM29),111206,1.837908292,2.483792644,2.160850468,0.149451422,4.465311228,156.732612,195.0199043,2460168.89,0.831727,1160.207046,3.176473774,3.679,Asteroid,MBA,N,N
270078 (2001 QG1),270078,1.899196294,2.883944194,2.391570244,0.205878941,1.739194085,220.592434,129.2077586,2460294.735,0.893022,1350.899804,3.698562093,3.502,Asteroid,MBA,N,N
 89242 (2001 UP157),89242,2.540491613,2.888613537,2.714552575,0.064121419,4.743232139,180.2296646,160.1250932,2460084.457,1.53192,1633.600332,4.472553955,3.353,Asteroid,MBA,N,N
443669 (2015 HA43),443669,2.547880815,3.607901892,3.077891354,0.172199236,16.6912146,184.9174798,73.97181463,2459231.771,1.59456,1972.324435,5.399930008,3.142,Asteroid,MBA,N,N
527198 (2007 TP164),527198,1.823444803,2.909773965,2.366609384,0.229511716,6.369820754,205.2185753,178.0898192,2459706.949,0.826109,1329.806037,3.640810505,3.503,Asteroid,MBA,N,N
 30214 (2000 GS125),30214,1.973978386,2.627089156,2.300533771,0.14194766,7.369039046,110.6529389,243.5946606,2459751.996,0.980354,1274.504421,3.489402932,3.567,Asteroid,MBA,N,N
404011 (2012 CP10),404011,2.557218582,3.453557412,3.005387997,0.149121982,5.155398826,327.5729359,165.2138638,2459734.15,1.57053,1903.045834,5.210255535,3.228,Asteroid,MBA,N,N
597288 (2006 XJ74),597288,2.18360378,4.034150346,3.108877063,0.297622989,24.08971529,281.3072507,87.12876643,2459807.185,1.33111,2002.182909,5.481678054,3.021,Asteroid,MBA,N,N
467537 (2007 RM296),467537,2.932220857,3.443901254,3.188061055,0.080249466,15.04395966,236.4483139,156.7119963,2460514.31,1.94503,2079.162205,5.69243588,3.139,Asteroid,MBA,N,N
287353 (2002 UL7),287353,2.118373416,3.181390769,2.649882093,0.200578236,9.59323604,157.9508417,195.9993635,2460338.977,1.11392,1575.571993,4.313681021,3.342,Asteroid,MBA,N,N
 26188 Zengqingcun (1996 YE2),26188,2.102817992,2.53072065,2.316769321,0.092349,4.658670732,297.889168,136.7041056,2460637.781,1.11961,1288.020031,3.526406657,3.57,Asteroid,MBA,N,N
500435 (2012 TY154),500435,2.69313219,3.391927224,3.042529707,0.114837833,11.52511587,20.19710272,313.206474,2459898.702,1.69918,1938.432434,5.307138766,3.199,Asteroid,MBA,N,N
439850 (1998 TK3),439850,1.864847928,3.410459491,2.637653709,0.292989856,13.24009444,214.091404,180.7952271,2460528.205,0.870662,1564.678421,4.283856047,3.298,Asteroid,MBA,N,N
606674 (2018 RH32),606674,1.818013611,3.420152112,2.619082861,0.305858689,29.14106816,182.5384856,256.5291962,2460058.947,1.011,1548.182966,4.238693953,3.167,Asteroid,MBA,N,N
198838 (2005 GB54),198838,2.415097097,3.853323066,3.134210081,0.229439944,18.40911111,211.2279809,313.6282767,2459357.849,1.4548,2026.705199,5.548816425,3.094,Asteroid,MBA,N,N
325856 (2010 TL84),325856,2.066483527,2.655916637,2.361200082,0.124816426,7.651746382,20.59257542,342.6536603,2460754.082,1.06525,1325.249385,3.628335071,3.529,Asteroid,MBA,N,N
 79158 (1993 FB17),79158,2.740527457,3.513138911,3.126833184,0.123545359,16.18837201,176.8192867,112.4243425,2459633.938,1.77368,2019.554118,5.52923783,3.142,Asteroid,MBA,N,N
240730 (2005 JK),240730,2.247169179,4.102152355,3.174660767,0.29215455,20.54927308,14.81225717,249.0051908,2459787.835,1.32262,2066.067063,5.656583335,3.038,Asteroid,MBA,N,N
313367 (2002 JL27),313367,1.945033997,2.82958726,2.387310629,0.185261451,7.574212124,83.46028817,207.4320491,2460657.845,0.931626,1347.292289,3.688685254,3.499,Asteroid,MBA,N,N
337386 (2001 QG144),337386,1.901883369,2.82408553,2.362984449,0.195135047,1.490090819,160.9358065,157.4063142,2460047.088,0.888196,1326.751912,3.632448767,3.523,Asteroid,MBA,N,N
596527 (2005 VN143),596527,2.011620286,2.824887153,2.41825372,0.168151683,3.186147907,99.56072466,207.8472384,2460202.595,0.996801,1373.571349,3.7606334,3.494,Asteroid,MBA,N,N
 83542 (2001 SP166),83542,2.751798565,2.922703536,2.837251051,0.030118056,1.882203992,181.2355824,265.2058547,2459547.387,1.76752,1745.601374,4.779196096,3.309,Asteroid,MBA,N,N
297671 (2001 UA88),297671,2.203023297,2.292024462,2.24752388,0.019799826,4.520289865,43.85433151,340.452158,2460815.798,1.20532,1230.707647,3.369493899,3.625,Asteroid,MBA,N,N
529133 (2009 SV34),529133,2.015654017,3.429204489,2.722429253,0.259611975,14.26369308,201.4726851,183.3171367,2460048.875,1.01871,1640.715689,4.492034739,3.265,Asteroid,MBA,N,N
604646 (2015 TS19),604646,2.854222549,3.351897851,3.1030602,0.080191049,9.922297547,226.3967325,117.2399538,2461138.871,1.86447,1996.566264,5.466300516,3.193,Asteroid,MBA,N,N
219422 (2000 SY335),219422,2.204925479,3.029558711,2.617242095,0.157538585,5.645183619,63.33311683,1.272831771,2459690.174,1.21723,1546.551092,4.234226126,3.382,Asteroid,MBA,N,N
 39063 (2000 UZ110),39063,2.586933381,2.957283975,2.772108678,0.066799436,4.482275718,22.30283006,200.3648305,2459391.726,1.57796,1685.830106,4.615551283,3.329,Asteroid,MBA,N,N
460103 (2014 PW8),460103,2.240369297,2.824772702,2.532571,0.115377497,2.233266484,238.1470491,61.68086885,2459781.121,1.22517,1472.112062,4.030423167,3.44,Asteroid,MBA,N,N
470031 (2006 SX10),470031,2.42707426,3.431462355,2.929268308,0.171440099,10.75479093,290.8772189,68.26628568,2459545.959,1.44671,1831.205804,5.013568252,3.229,Asteroid,MBA,N,N
324761 (2007 GC18),324761,2.619633281,3.496472018,3.058052649,0.14336554,3.594555871,330.6905155,333.4791462,2460459.533,1.60452,1953.286121,5.347805944,3.216,Asteroid,MBA,N,N
 47039 (1998 WA3),47039,2.498719886,3.692747713,3.095733799,0.192850533,17.12792104,124.2108368,299.6379351,2460857.057,1.56055,1989.499527,5.446952845,3.127,Asteroid,MBA,N,N
418063 (2007 VE190),418063,2.034034984,2.565709317,2.299872151,0.115587802,6.940243502,22.68508661,25.49402351,2460766.456,1.04459,1273.95465,3.487897742,3.574,Asteroid,MBA,N,N
125697 (2001 XJ92),125697,2.320394727,2.755543485,2.537969106,0.085727749,1.755621952,243.5274113,246.3178046,2459865.41,1.33444,1476.821219,4.043316137,3.441,Asteroid,MBA,N,N
597001 (2006 QY76),597001,1.983341711,2.761155117,2.372248414,0.163940126,1.055769151,348.9900772,344.3633318,2460650.368,0.972495,1334.561753,3.653830946,3.525,Asteroid,MBA,N,N
588628 (2008 LF1),588628,2.942249795,3.397873093,3.170061444,0.071863481,10.23984445,138.5861702,142.5234179,2461052.256,1.93302,2061.578835,5.644295237,3.174,Asteroid,MBA,N,N
195723 (2002 PL69),195723,2.635446784,3.527610279,3.081528532,0.144759895,9.326191089,243.2790794,63.57597954,2460280.027,1.63646,1975.821544,5.409504571,3.191,Asteroid,MBA,N,N
580395 (2015 BZ378),580395,2.004218589,3.322690761,2.663454675,0.247511659,12.94038041,325.4029415,341.8317269,2459431.956,0.993381,1587.692498,4.346865157,3.305,Asteroid,MBA,N,N
292388 (2006 SA267),292388,3.022187454,3.231037637,3.126612545,0.033398795,9.491988543,359.7377042,122.536533,2460552.163,2.04685,2019.340363,5.528652602,3.192,Asteroid,MBA,N,N
550852 (2012 TS289),550852,2.27173346,3.01765813,2.644695795,0.141022773,8.649142305,299.4553977,356.1110446,2460540.08,1.25527,1570.948739,4.301023241,3.363,Asteroid,MBA,N,N
231432 (2007 EJ142),231432,2.139258911,2.672088121,2.405673516,0.11074429,6.220879398,340.014419,289.1771964,2459896.042,1.13236,1362.866943,3.731326332,3.507,Asteroid,MBA,N,N
530447 (2011 HH25),530447,2.371485478,2.718667073,2.545076275,0.068206521,7.644581955,43.95637916,156.4407601,2460067.624,1.36846,1483.028956,4.060311995,3.428,Asteroid,MBA,N,N
519336 (2011 FJ159),519336,2.285456094,2.798567339,2.542011716,0.100926216,15.25073147,13.77466387,53.225033,2459604.13,1.32497,1480.351161,4.052980592,3.389,Asteroid,MBA,N,N
105064 (2000 KH63),105064,2.588373093,3.715812561,3.152092827,0.178839826,8.979230085,167.008541,356.9814232,2459575.753,1.59482,2044.075463,5.596373614,3.164,Asteroid,MBA,N,N
205057 (1999 JW44),205057,1.947770996,2.74985246,2.348811728,0.170741966,0.630591079,12.67120732,223.1691619,2460537.318,0.935359,1314.833428,3.599817736,3.539,Asteroid,MBA,N,N
366588 (2002 TO240),366588,2.246137881,3.980388698,3.11326329,0.278526205,15.21385117,275.3715985,94.70052549,2460691.819,1.30667,2006.421639,5.493283062,3.105,Asteroid,MBA,N,N
189289 (2005 UT11),189289,2.663518142,2.888458292,2.775988217,0.040515329,5.714088154,91.47540069,205.0972703,2459940.288,1.64805,1689.370299,4.625243802,3.327,Asteroid,MBA,N,N
306905 (2001 TR176),306905,2.325137754,2.736543534,2.530840644,0.081278484,2.116200481,4.26619445,306.2402728,2460740.342,1.31089,1470.603609,4.026293248,3.445,Asteroid,MBA,N,N
250219 (2002 VS86),250219,2.126268273,3.060884653,2.593576463,0.180179068,2.958065236,324.9241397,88.1168031,2460228.421,1.13879,1525.62224,4.176926052,3.393,Asteroid,MBA,N,N
580947 (2015 EE42),580947,2.572028267,2.835910152,2.70396921,0.048795283,4.852062514,280.4326923,88.92792482,2459677.436,1.57563,1624.056147,4.446423402,3.359,Asteroid,MBA,N,N
357100 (2001 TM143),357100,2.535433673,2.971574916,2.753504295,0.079197487,3.772607236,102.5644456,253.8970671,2460460.733,1.53324,1668.887509,4.56916498,3.337,Asteroid,MBA,N,N
527845 (2008 CL11),527845,1.955950024,2.695993906,2.325971965,0.159082717,5.219104324,108.3148708,2.586619052,2459599.242,0.971246,1295.702034,3.547438835,3.552,Asteroid,MBA,N,N
223727 (2004 RX116),223727,2.414461954,3.041474604,2.727968279,0.11492301,5.621522594,47.83064871,274.7386875,2459754.425,1.40971,1645.725509,4.50575088,3.339,Asteroid,MBA,N,N
533095 (2014 BP66),533095,2.811880975,2.899607019,2.855743997,0.015359578,6.611553331,134.7448999,85.14620787,2460669.865,1.81112,1762.695662,4.825997705,3.294,Asteroid,MBA,N,N
225620 (2001 AR34),225620,2.328921856,3.038214253,2.683568055,0.132154725,15.93540722,88.55212484,63.23404545,2460122.245,1.38616,1605.710868,4.396196765,3.308,Asteroid,MBA,N,N
516749 (2009 SY74),516749,1.843628903,2.546828832,2.195228868,0.160165516,4.108752071,92.69093383,205.343916,2459644.607,0.82817,1188.004634,3.252579421,3.649,Asteroid,MBA,N,N
 13773 (1998 TY17),13773,2.269776336,2.900163758,2.584970047,0.121933216,3.965500379,162.7729078,32.88485862,2460824.362,1.26877,1518.034702,4.156152503,3.409,Asteroid,MBA,N,N
227911 (2007 EC197),227911,2.320405421,2.812730564,2.566567993,0.095911183,5.470607232,198.5409574,240.1238916,2459735.497,1.34015,1501.853558,4.111850947,3.419,Asteroid,MBA,N,N
105501 (2000 QA232),105501,2.25284437,3.714965738,2.983905054,0.245001322,7.573410185,56.68244778,308.1325022,2459333.697,1.26031,1882.677476,5.154490011,3.199,Asteroid,MBA,N,N
343130 (2009 EU29),343130,2.670422622,3.630321969,3.150372295,0.15234697,14.6530146,16.23936461,102.4255448,2460674.796,1.73152,2042.40209,5.59179217,3.14,Asteroid,MBA,N,N
211074 (2002 CF241),211074,2.038931116,2.562517602,2.300724359,0.113787313,2.576552357,233.8820783,252.7844917,2459863.921,1.05453,1274.662804,3.489836561,3.582,Asteroid,MBA,N,N
254064 (2004 HW20),254064,2.046322208,3.406817448,2.726569828,0.249488428,9.307390227,63.86858765,175.8076633,2459757.352,1.03322,1644.460188,4.502286619,3.292,Asteroid,MBA,N,N
498713 (2008 TN90),498713,1.836317855,2.447465418,2.141891636,0.142665379,1.825696911,167.8618083,217.6714793,2460468.823,0.839666,1144.971481,3.13476107,3.699,Asteroid,MBA,N,N
185125 (2006 ST73),185125,2.068006569,2.508123453,2.288065011,0.096176656,3.103682206,82.49891706,193.0733576,2459989.039,1.05111,1264.156863,3.461072863,3.592,Asteroid,MBA,N,N
621943 (2011 SO319),621943,2.683891267,2.841339161,2.762615214,0.028496168,5.467166678,119.7874598,331.5284427,2459502.23,1.70073,1677.177493,4.591861718,3.334,Asteroid,MBA,N,N
114936 (2003 QH51),114936,2.118412854,2.622903736,2.370658295,0.106403121,6.886437579,39.60991815,41.27456473,2459827.971,1.13785,1333.220142,3.650157815,3.528,Asteroid,MBA,N,N
188954 (2007 EK114),188954,2.190400677,2.929042617,2.559721647,0.144281692,7.24328662,158.5460946,189.8734061,2459548.272,1.18333,1495.848253,4.095409318,3.41,Asteroid,MBA,N,N
114084 (2002 VT35),114084,2.629311104,3.222501917,2.92590651,0.101368723,2.292585094,163.6179353,247.7200632,2459863.338,1.63995,1828.054313,5.004939939,3.269,Asteroid,MBA,N,N
611497 (2006 WR214),611497,2.141701565,2.594541662,2.368121614,0.095611664,7.055963785,89.62051384,334.5915301,2460781.052,1.15666,1331.080831,3.644300702,3.53,Asteroid,MBA,N,N
290651 (2005 UB284),290651,2.845355333,3.399478394,3.122416864,0.088733037,4.517905534,165.0215242,167.2651006,2459404.403,1.83453,2015.277019,5.517527774,3.205,Asteroid,MBA,N,N
538714 (2016 FX66),538714,2.341703578,3.138429265,2.740066421,0.145384375,12.43561666,262.8687163,279.2224355,2460710.88,1.38089,1656.685468,4.535757612,3.301,Asteroid,MBA,N,N
268250 (2005 MS20),268250,2.100344557,2.549856199,2.325100378,0.096664997,3.092253198,297.6126179,13.32812953,2460067.994,1.08541,1294.973816,3.545445081,3.567,Asteroid,MBA,N,N
383525 (2007 DT6),383525,1.969096734,2.940769678,2.454933206,0.197902114,14.06404252,326.219428,16.36844898,2460480.569,0.962962,1404.940549,3.846517589,3.426,Asteroid,MBA,N,N
468113 (2013 YC53),468113,2.806079739,3.318178125,3.062128932,0.083618031,7.981552434,269.2400151,52.76655436,2459955.823,1.80127,1957.192921,5.358502179,3.213,Asteroid,MBA,N,N
278924 (2008 TY183),278924,2.174177748,2.965033221,2.569605484,0.153886555,7.772647268,242.9154259,48.98899978,2460450.255,1.1666,1504.520476,4.119152569,3.401,Asteroid,MBA,N,N
209480 (2004 HD30),209480,2.88479645,3.413521062,3.149158756,0.083946961,4.668779851,208.3750616,356.2372818,2461211.57,1.87971,2041.222088,5.588561502,3.198,Asteroid,MBA,N,N
218411 (2004 RZ72),218411,2.742987434,3.260484352,3.001735893,0.086199609,9.963442463,359.2103873,302.2279553,2460583.856,1.74369,1899.578058,5.20076128,3.224,Asteroid,MBA,N,N
126077 (2001 YX86),126077,2.223963131,3.14112681,2.68254497,0.17095029,11.09318515,98.38574488,101.5342193,2460617.073,1.25149,1604.792713,4.393682993,3.328,Asteroid,MBA,N,N
300778 (2007 VT279),300778,2.21244372,3.277975467,2.745209594,0.19407111,3.738933748,40.20761217,292.2425689,2460781.883,1.20491,1661.352115,4.548534197,3.317,Asteroid,MBA,N,N
 61588 (2000 QD85),61588,2.210069983,2.621033358,2.41555167,0.085066153,5.747304926,218.4068541,4.281895095,2459609.724,1.20045,1371.269841,3.754332215,3.505,Asteroid,MBA,N,N
286821 (2002 LH61),286821,2.976621455,3.367119288,3.171870372,0.061556398,14.89771389,298.664937,11.52160145,2460771.967,1.96227,2063.343681,5.64912712,3.147,Asteroid,MBA,N,N
468478 (2004 RJ309),468478,2.104053152,3.011971813,2.558012483,0.177465643,7.601772006,233.7040525,91.53962095,2460624.247,1.10852,1494.350303,4.091308154,3.402,Asteroid,MBA,N,N
123848 (2001 CX34),123848,2.677389194,3.44115502,3.059272107,0.124828031,12.16182095,56.47072244,49.13560841,2459621.636,1.71068,1954.454603,5.351005074,3.188,Asteroid,MBA,N,N
508386 (2016 FE63),508386,2.112038874,3.117110548,2.614574711,0.192205576,8.448093222,70.5454486,231.3285164,2460865.928,1.10787,1544.187424,4.227754754,3.366,Asteroid,MBA,N,N
358469 (2007 NO2),358469,1.796622877,2.650672321,2.223647599,0.192037948,7.723810943,180.2987506,161.007326,2460445.943,0.790194,1211.148428,3.315943676,3.611,Asteroid,MBA,N,N
293147 (2006 YK5),293147,2.161696266,2.630724171,2.396210218,0.097868689,8.090880654,83.5361884,170.5479544,2460081.169,1.14648,1354.833107,3.709330888,3.509,Asteroid,MBA,N,N
475600 (2006 UP87),475600,2.562114666,3.493697195,3.027905931,0.153832806,5.847745361,45.62711021,317.0436042,2459608.016,1.56313,1924.473764,5.268922009,3.218,Asteroid,MBA,N,N
   843 Nicolaia (A916 SO),843,1.801239664,2.758338463,2.279789063,0.209909508,7.996925996,4.040064793,317.2306946,2460005.051,0.798264,1257.304372,3.442311765,3.564,Asteroid,MBA,N,N
488924 (2005 UZ38),488924,1.94964925,2.940084491,2.44486687,0.202554023,2.510311483,73.83681138,305.6582856,2460576.539,0.952521,1396.308077,3.822883168,3.47,Asteroid,MBA,N,N
263246 (2008 AV113),263246,1.936823417,2.58896006,2.262891738,0.144093646,9.155394716,58.38584979,85.76601528,2460744.121,0.973137,1243.351985,3.404112212,3.588,Asteroid,MBA,N,N
478913 (2012 XZ),478913,2.374131325,2.926746638,2.650438982,0.104249771,5.246488286,242.4880563,228.6338145,2459572.786,1.39333,1576.068693,4.315040913,3.377,Asteroid,MBA,N,N
557909 (2014 WK377),557909,2.564590869,2.942375097,2.753482983,0.068601155,7.19640481,101.622169,285.6322449,2460223.812,1.5802,1668.868134,4.569111933,3.33,Asteroid,MBA,N,N
300415 (2007 RW296),300415,2.645735199,3.048299495,2.847017347,0.070699305,1.002868745,282.5340179,43.41863502,2461011.529,1.63326,1754.622107,4.803893517,3.303,Asteroid,MBA,N,N
267195 (2000 RL88),267195,2.422493877,2.743322257,2.582908067,0.062106039,24.98751602,181.193398,97.9083072,2460630.093,1.5058,1516.218704,4.151180573,3.289,Asteroid,MBA,N,N
239861 (2000 AL123),239861,2.389703692,3.104991493,2.747347593,0.130177885,13.89103127,129.8999635,21.37675614,2459994.74,1.40535,1663.293312,4.553848903,3.293,Asteroid,MBA,N,N
503702 (2016 JP11),503702,3.011420267,3.374026122,3.192723195,0.056786297,12.43850763,130.6424351,128.5309001,2459727.635,2.0124,2083.724643,5.704927154,3.157,Asteroid,MBA,N,N
189682 (2001 SV83),189682,2.179534672,2.445415796,2.312475234,0.057488426,7.03788627,334.7313687,148.5018647,2460345.598,1.19614,1284.440711,3.516607011,3.571,Asteroid,MBA,N,N
105647 (2000 SL22),105647,2.81965983,3.176634659,2.998147245,0.059532571,13.3079783,4.846877546,103.7534574,2459911.591,1.87018,1896.172588,5.191437613,3.21,Asteroid,MBA,N,N
183927 (2004 DP),183927,2.067560041,2.840801731,2.454180886,0.157535595,3.247283849,69.62726873,55.58637121,2460009.546,1.0837,1404.294778,3.844749563,3.474,Asteroid,MBA,N,N
458852 (2011 UR80),458852,1.995049685,2.766253724,2.380651704,0.161973303,1.492976649,21.60370171,49.7481387,2459963.508,1.00878,1341.659219,3.67326275,3.52,Asteroid,MBA,N,N
 19448 Jenniferling (1998 FJ122),19448,2.069427028,2.562130458,2.315778743,0.106379643,2.293153081,241.143808,195.119999,2460818.809,1.08348,1287.194044,3.524145227,3.573,Asteroid,MBA,N,N
396363 (2014 DL89),396363,1.952488594,2.572193888,2.262341241,0.136961057,3.934213178,107.853502,330.6015365,2460141.723,0.967952,1242.898305,3.402870101,3.603,Asteroid,MBA,N,N
227814 (2007 BE50),227814,2.062974242,2.570914538,2.31694439,0.109614261,4.199204216,25.97689641,119.9018883,2460594.406,1.07696,1288.16603,3.526806378,3.569,Asteroid,MBA,N,N
620470 (2003 UU424),620470,1.781529275,3.429227039,2.605378157,0.316210865,28.0421665,221.6907354,101.5806134,2460452.66,0.967234,1536.047262,4.205468206,3.182,Asteroid,MBA,N,N
 90872 (1996 TZ40),90872,2.30511046,2.923533168,2.614321814,0.118275934,13.20218668,13.29093356,120.4734112,2460139.697,1.34559,1543.963385,4.22714137,3.361,Asteroid,MBA,N,N
146980 (2002 NV49),146980,1.861604427,2.680998091,2.271301259,0.180379785,5.18175572,106.3402519,203.6377536,2459992.412,0.847717,1250.289371,3.423105739,3.585,Asteroid,MBA,N,N
258616 (2002 CM313),258616,2.94712547,3.216238497,3.081681984,0.043663335,11.66668632,97.2615861,308.877905,2459781.772,1.97318,1975.969132,5.409908644,3.194,Asteroid,MBA,N,N
552916 (2010 VX180),552916,2.025340281,3.175795401,2.600567841,0.221193061,10.69516096,233.228704,86.54391338,2459790.147,1.04612,1531.795215,4.193826734,3.356,Asteroid,MBA,N,N
 86987 (2000 JW30),86987,2.058333978,2.554487043,2.30641051,0.107559574,4.00622025,351.5334579,249.6660465,2460666.363,1.0492,1279.391142,3.502782046,3.577,Asteroid,MBA,N,N
520590 (2014 ON134),520590,2.616102842,2.841250506,2.728676674,0.041255834,7.962284348,110.9192518,209.0646597,2460233.517,1.60436,1646.366591,4.507506066,3.34,Asteroid,MBA,N,N
100067 (1992 EY26),100067,2.05514265,3.16751921,2.61133093,0.212990347,5.786665632,153.6855063,277.916199,2460758.395,1.07805,1541.314614,4.219889428,3.37,Asteroid,MBA,N,N
 58942 (1998 QH33),58942,1.975602939,2.61927425,2.297438594,0.140084552,3.597986492,277.9941163,86.43461667,2460032.674,0.976605,1271.933177,3.482363249,3.578,Asteroid,MBA,N,N
377988 (2006 QY160),377988,1.772266495,2.84897565,2.310621073,0.232991287,2.038879134,173.7874934,183.3769422,2460422.407,0.767456,1282.896208,3.512378393,3.547,Asteroid,MBA,N,N
 45215 (1999 XB183),45215,1.79501884,2.748638463,2.271828652,0.209879302,5.840357029,316.1904988,28.45230698,2460049.773,0.788958,1250.72487,3.42429807,3.576,Asteroid,MBA,N,N
239077 (2006 GP31),239077,2.149587004,3.07306534,2.611326172,0.176821713,3.67897144,39.47760904,255.6673667,2460261.405,1.13667,1541.310401,4.219877895,3.384,Asteroid,MBA,N,N
261441 (2005 VY7),261441,2.41468831,3.020111541,2.717399926,0.111397521,3.739881641,251.4365248,67.543529,2459938.817,1.40398,1636.171282,4.479592832,3.348,Asteroid,MBA,N,N
371562 (2006 VF58),371562,1.986544507,2.797030625,2.391787566,0.169431042,2.657032702,191.2155963,247.1969358,2460863.998,1.00255,1351.083943,3.699066236,3.51,Asteroid,MBA,N,N
604127 (2015 LB),604127,1.761711705,3.442206978,2.601959342,0.322928811,28.94386534,194.3838183,74.00649748,2460299.848,0.931965,1533.024818,4.197193206,3.171,Asteroid,MBA,N,N
556195 (2014 MA49),556195,2.868729947,3.447188646,3.157959296,0.091587422,6.32716031,84.88922015,166.6346984,2460736.445,1.85396,2049.784566,5.612004288,3.19,Asteroid,MBA,N,N
427768 (2004 TR202),427768,2.517290335,2.952267147,2.734778741,0.079526874,14.67662277,38.29945245,75.10871866,2460163.283,1.57806,1651.892265,4.522634539,3.301,Asteroid,MBA,N,N
196621 (2003 RH5),196621,2.18887826,3.408904182,2.798891221,0.217948078,7.10824745,351.9365218,73.11980823,2459990.376,1.21359,1710.320325,4.682601848,3.28,Asteroid,MBA,N,N
268600 (2006 BB247),268600,2.609292072,3.006657288,2.80797468,0.070756553,3.177373615,136.1419563,246.2464191,2460081.839,1.61309,1718.65303,4.70541555,3.316,Asteroid,MBA,N,N
297776 (2001 XY219),297776,1.92993821,2.602198014,2.266068112,0.148331774,2.794215461,2.254348014,58.2580733,2459711.287,0.943094,1245.970804,3.411282148,3.6,Asteroid,MBA,N,N
393383 (2000 CO132),393383,2.593902293,2.76568508,2.679793687,0.032051495,5.759653939,134.8889969,291.3816289,2460906.461,1.61348,1602.324474,4.386925323,3.369,Asteroid,MBA,N,N
 96952 (1999 TP174),96952,2.256730979,2.711475737,2.484103358,0.091530966,5.868329364,81.58628254,200.5531619,2459631.3,1.24071,1430.055589,3.915278821,3.464,Asteroid,MBA,N,N
383991 (2008 TP163),383991,2.603689224,2.860683732,2.732186478,0.047030924,1.832792863,310.1433015,341.7324269,2460913.934,1.58694,1649.54411,4.516205639,3.351,Asteroid,MBA,N,N
 40260 (1999 CU98),40260,2.528741205,2.889398748,2.709069977,0.066564826,6.760807832,100.6106262,245.538244,2460258.649,1.52904,1628.653743,4.459010932,3.351,Asteroid,MBA,N,N
622347 (2013 QQ59),622347,2.020376956,2.582937248,2.301657102,0.122207668,6.991970664,342.5147852,334.5220552,2460310.193,1.00931,1275.438029,3.491959012,3.571,Asteroid,MBA,N,N
136982 (1998 SK3),136982,1.956663835,2.794700465,2.37568215,0.176378105,6.082096851,68.48161198,139.7410087,2459902.336,0.95476,1337.460389,3.66176698,3.513,Asteroid,MBA,N,N
296678 (2009 SQ209),296678,1.99754708,2.880088691,2.438817886,0.18093635,2.942885218,24.25303224,344.8038646,2460679.75,0.996294,1391.129255,3.808704327,3.478,Asteroid,MBA,N,N
341569 (2007 UG51),341569,2.60607676,3.698843047,3.152459903,0.173319617,27.39628287,71.57677995,283.3217763,2460291.06,1.75001,2044.432536,5.597351229,3.012,Asteroid,MBA,N,N
 46097 (2001 FN1),46097,1.979939335,2.660991842,2.320465588,0.146749107,7.448560541,343.1853013,349.1573454,2460237.88,0.96969,1291.103699,3.534849279,3.552,Asteroid,MBA,N,N
140041 (2001 SZ77),140041,2.62613893,3.089014919,2.857576924,0.080990994,1.289703391,209.8941845,174.6920621,2459340.35,1.62879,1764.392984,4.830644719,3.298,Asteroid,MBA,N,N
436411 (2011 AW13),436411,1.865516425,2.775481243,2.320498834,0.196070949,8.834471696,89.54709496,346.5349158,2460647.734,0.880914,1291.131446,3.534925246,3.536,Asteroid,MBA,N,N
354337 (2003 DV4),354337,2.053387066,3.77383193,2.913609498,0.295242871,9.224699441,324.8943325,159.6850536,2459918.945,1.06997,1816.541998,4.97342094,3.197,Asteroid,MBA,N,N
115501 (2003 UV27),115501,2.746384211,3.175400265,2.960892238,0.07244709,10.51610605,165.7018663,302.16121,2460723.064,1.77804,1860.939821,5.094975553,3.237,Asteroid,MBA,N,N
 75111 (1999 VJ56),75111,2.006781198,2.749691157,2.378236177,0.156189273,5.371858752,208.4470047,223.5985434,2459609.881,1.02387,1339.617767,3.667673557,3.518,Asteroid,MBA,N,N
540863 (2017 XY25),540863,3.002969237,3.196502009,3.099735623,0.031217626,14.16691763,57.23396692,49.66845969,2460326.039,2.03378,1993.358482,5.457518088,3.175,Asteroid,MBA,N,N
335896 (2007 RC219),335896,2.919388839,3.16344408,3.04141646,0.04012197,1.108950241,283.4520616,39.84964144,2459955.996,1.90624,1937.368636,5.304226246,3.238,Asteroid,MBA,N,N
553266 (2011 FG102),553266,2.051050938,2.848112646,2.449581792,0.162693426,9.011712279,202.0725659,26.29039778,2460029.439,1.04521,1400.349191,3.833947134,3.461,Asteroid,MBA,N,N
413579 (2005 UB14),413579,2.558617011,2.944302005,2.751459508,0.070087347,7.730512724,192.2208439,266.0846972,2460631.8,1.58851,1667.028849,4.564076247,3.329,Asteroid,MBA,N,N
 61005 (2000 KA35),61005,1.912930506,2.785150601,2.349040553,0.185654542,6.740921176,169.4932144,170.2014198,2459857.959,0.904181,1315.025573,3.6003438,3.526,Asteroid,MBA,N,N
359726 (2011 UD28),359726,2.400169501,3.120684892,2.760427196,0.13050795,8.088670288,6.445687225,60.0130336,2460969.133,1.42424,1675.185376,4.586407601,3.315,Asteroid,MBA,N,N
367655 (2009 WR202),367655,2.188460721,4.047728307,3.118094514,0.298141634,23.64168762,117.8147283,312.857067,2461088.902,1.26112,2011.093858,5.506074901,3.023,Asteroid,MBA,N,N
572297 (2008 FE46),572297,2.877568316,3.456812451,3.167190383,0.091444477,16.64464434,3.029704361,86.42672457,2460286.328,1.95371,2058.778774,5.636629087,3.132,Asteroid,MBA,N,N
517173 (2013 PL77),517173,2.78745644,3.388385652,3.087921046,0.097303202,1.858353568,162.4270225,163.5831593,2460429.357,1.77508,1981.972882,5.426346016,3.218,Asteroid,MBA,N,N
488832 (2005 QX35),488832,1.861673903,3.424283212,2.642978558,0.295615207,12.76909105,354.9423956,333.3665139,2459847.29,0.859963,1569.418929,4.296834851,3.297,Asteroid,MBA,N,N
342337 (2008 TS119),342337,2.038775857,2.885764624,2.46227024,0.171993462,2.503793917,4.608504181,79.86460672,2460595.433,1.05539,1411.243651,3.863774541,3.467,Asteroid,MBA,N,N
404069 (2012 DF60),404069,2.843535372,3.085367168,2.96445127,0.040788627,9.936366462,147.4698333,176.2473471,2460564.45,1.8308,1864.296141,5.104164656,3.241,Asteroid,MBA,N,N
290243 (2005 SD95),290243,3.09126732,3.14241908,3.1168432,0.0082057,16.58452824,296.3381477,237.8834387,2460595.681,2.11104,2009.883379,5.502760792,3.153,Asteroid,MBA,N,N
224455 (2005 VR27),224455,2.29966648,3.010518639,2.655092559,0.133865796,13.93388909,33.72503965,221.0758698,2460984.189,1.3038,1580.22135,4.326410268,3.334,Asteroid,MBA,N,N
108005 (2001 FX138),108005,1.864487654,2.697530333,2.281008993,0.182603988,6.213501386,295.1831681,344.5394312,2459787.957,0.848233,1258.313695,3.445075139,3.575,Asteroid,MBA,N,N
480793 (2016 PV45),480793,2.060189131,3.138876286,2.599532708,0.207477127,13.27939748,113.4383422,260.4470252,2460833.759,1.10777,1530.88073,4.191323011,3.348,Asteroid,MBA,N,N
340598 (2006 QG22),340598,2.764962056,3.453003407,3.108982731,0.110653775,14.10588455,144.4214272,188.217608,2459998.929,1.75422,2002.284989,5.481957534,3.164,Asteroid,MBA,N,N
472887 (2015 FS321),472887,2.380100024,4.018365847,3.199232936,0.25604041,14.39551298,144.772196,127.3825836,2459496.479,1.39453,2090.100745,5.722383971,3.095,Asteroid,MBA,N,N
197237 (2003 WQ57),197237,2.879636101,3.33902743,3.109331766,0.073873,7.79152884,251.2839718,201.7589334,2461153.086,1.89657,2002.622183,5.48288072,3.201,Asteroid,MBA,N,N
296097 (2009 BQ34),296097,2.820603918,3.284450863,3.052527391,0.075977524,15.20578242,321.2064697,76.95619578,2460224.691,1.87121,1947.994746,5.33331895,3.179,Asteroid,MBA,N,N
457076 (2008 EP77),457076,2.193765373,2.878815055,2.536290214,0.135049546,8.142470101,157.2024158,24.9373873,2460440.318,1.19893,1475.356063,4.039304759,3.421,Asteroid,MBA,N,N
336590 (2009 SZ358),336590,2.14317633,2.503322331,2.32324933,0.077509116,6.214828897,217.0155634,203.0087363,2460308.799,1.15541,1293.427701,3.541212049,3.564,Asteroid,MBA,N,N
315408 (2007 VJ193),315408,2.250903695,2.599663406,2.42528355,0.071900812,5.8456429,267.2998498,178.3797519,2459902.59,1.26585,1379.56513,3.777043477,3.5,Asteroid,MBA,N,N
366776 (2004 TH136),366776,2.287731442,3.342654746,2.815193094,0.187362513,6.490627908,288.0564043,91.27563371,2460193.02,1.30051,1725.284456,4.723571405,3.284,Asteroid,MBA,N,N
426176 (2012 JZ12),426176,2.731154121,3.238517825,2.984835973,0.084990215,10.19147382,130.4615783,165.7018342,2460102.413,1.71609,1883.558582,5.156902347,3.229,Asteroid,MBA,N,N
156766 (2003 AE31),156766,1.943072468,2.767660143,2.355366306,0.175044466,1.556124096,206.9743675,258.5536333,2460481.191,0.959256,1320.341014,3.614896684,3.533,Asteroid,MBA,N,N
324494 (2006 UA235),324494,1.873737286,3.209505473,2.541621379,0.262778752,5.396044005,80.47284764,275.7339123,2459691.465,0.878239,1480.010203,4.052047099,3.39,Asteroid,MBA,N,N
316679 (1995 UD16),316679,2.410284064,3.577213238,2.993748651,0.194894313,3.566115649,86.84539669,285.8268911,2459347.23,1.41302,1892.001296,5.180017237,3.223,Asteroid,MBA,N,N
109082 (2001 QB27),109082,2.039635967,2.811336444,2.425486206,0.159081605,6.587909295,6.567359453,341.4788208,2460433.655,1.03397,1379.738047,3.777516899,3.484,Asteroid,MBA,N,N
246510 (2008 CE102),246510,2.672766667,3.180788303,2.926777485,0.086788565,11.93869593,150.8758323,138.5664909,2460756.671,1.66911,1828.870628,5.007174887,3.24,Asteroid,MBA,N,N
405856 (2006 DB10),405856,1.889926754,2.74675652,2.318341637,0.18479368,5.057598887,103.3533492,104.588652,2460358.983,0.891611,1289.33146,3.529997152,3.551,Asteroid,MBA,N,N
176651 (2002 NP52),176651,2.081926848,2.705979632,2.39395324,0.130339385,7.673417038,114.0069643,217.5722566,2460666.687,1.07572,1352.919392,3.704091422,3.507,Asteroid,MBA,N,N
323504 (2004 QC13),323504,2.073217588,3.391402707,2.732310147,0.241221722,11.39408904,110.7697048,179.4841791,2459717.724,1.05633,1649.656108,4.516512274,3.283,Asteroid,MBA,N,N
 20806 (2000 SW220),20806,2.670311653,3.151392202,2.910851927,0.082635696,13.23127899,77.33726214,295.0635139,2460813.842,1.70383,1813.963724,4.966362008,3.239,Asteroid,MBA,N,N
479381 (2013 YR3),479381,1.814432536,2.817851331,2.316141934,0.216614271,2.432912021,147.9233089,248.7400115,2460408.049,0.822247,1287.496868,3.524974313,3.548,Asteroid,MBA,N,N
261634 (2005 YE41),261634,2.569435842,3.036937859,2.80318685,0.083387595,7.01300836,103.0791411,245.5147926,2460188.924,1.57125,1714.259235,4.693385995,3.308,Asteroid,MBA,N,N
165477 (2001 AP44),165477,2.168681304,2.735179167,2.451930235,0.115520796,3.311646109,99.12164667,84.50685557,2460503.138,1.17262,1402.363471,3.839461932,3.484,Asteroid,MBA,N,N
305343 (2008 AX116),305343,2.568534875,3.796996944,3.18276591,0.192986557,25.98113847,319.0821117,310.4862863,2459391.71,1.61592,2073.984343,5.678259666,3.015,Asteroid,MBA,N,N
118310 (1998 VP32),118310,1.799661335,2.78617278,2.292917058,0.215121485,25.61782408,110.5234277,6.196165552,2460156.888,0.815875,1268.180131,3.472087969,3.438,Asteroid,MBA,N,N
416052 (2002 GP74),416052,1.869160496,2.751387129,2.310273812,0.190935513,11.31339766,194.8915978,10.72635054,2460073.381,0.865882,1282.607012,3.511586616,3.535,Asteroid,MBA,N,N
245910 (2006 QV135),245910,2.680751965,3.109342787,2.895047376,0.074021383,2.023019858,306.4585611,43.83986805,2459431.562,1.67418,1799.210346,4.925969461,3.284,Asteroid,MBA,N,N
276246 (2002 RJ155),276246,2.695878714,3.330436097,3.013157406,0.105297749,9.967233477,185.8077124,142.2684028,2460081.977,1.69306,1910.430118,5.230472603,3.218,Asteroid,MBA,N,N
486973 (2014 NH20),486973,2.323046125,3.046058332,2.684552229,0.134661602,11.38707454,218.2173102,8.550223016,2459757.566,1.31358,1606.594269,4.398615383,3.334,Asteroid,MBA,N,N
 29945 (1999 JU83),29945,2.775727013,3.458718476,3.117222744,0.109551277,23.21800332,184.3798028,291.3588836,2460746.525,1.86945,2010.250512,5.503765946,3.083,Asteroid,MBA,N,N
369241 (2008 WU24),369241,2.43977481,3.819264097,3.129519453,0.220399539,3.50805606,125.1755347,263.0836099,2460766.611,1.44685,2022.157182,5.536364632,3.173,Asteroid,MBA,N,N
 88160 (2000 XV17),88160,2.061638756,3.345697884,2.70366832,0.237466097,12.36210523,318.6774424,356.1210061,2459649.559,1.0476,1623.785075,4.445681247,3.293,Asteroid,MBA,N,N
301476 (2009 DR128),301476,2.366541691,3.014764065,2.690652878,0.120458194,11.79666009,15.25404906,153.1195404,2459755.84,1.37612,1612.073861,4.41361769,3.331,Asteroid,MBA,N,N
 58511 (1996 XB4),58511,2.401884851,3.420508572,2.911196711,0.174949312,4.037861996,53.91170442,1.274778904,2459452.454,1.41243,1814.286023,4.967244416,3.257,Asteroid,MBA,N,N
622433 (2013 TY212),622433,1.970318086,2.620903354,2.29561072,0.141702002,6.639766751,305.9493908,30.08504164,2460231.185,0.962594,1270.415527,3.47820815,3.573,Asteroid,MBA,N,N
271964 (2005 AW60),271964,2.466428567,3.66833194,3.067380254,0.195916918,1.491967852,49.67667324,20.79153817,2461054.561,1.47976,1962.229737,5.37229223,3.202,Asteroid,MBA,N,N
528521 (2008 UH123),528521,2.710041574,2.815253852,2.762647713,0.019041928,13.93211467,27.18371728,47.78126837,2459904.705,1.7286,1677.207088,4.591942746,3.298,Asteroid,MBA,N,N
337398 (2001 QW184),337398,2.252052451,3.855048894,3.053550672,0.262480734,13.25364948,299.0124931,4.555918358,2459827.771,1.23637,1948.974352,5.336000963,3.143,Asteroid,MBA,N,N
524267 (2001 TE30),524267,1.715830807,2.809294797,2.262562802,0.241642793,2.877417234,299.8811166,102.0495547,2459680.495,0.726233,1243.080893,3.40337,3.578,Asteroid,MBA,N,N
 42281 (2001 SW267),42281,2.645240117,2.87865408,2.761947098,0.042255328,4.112001603,196.4784835,36.48058788,2459800.903,1.63481,1676.569112,4.590196063,3.336,Asteroid,MBA,N,N
359073 (2008 YX132),359073,2.115621629,2.736789253,2.426205441,0.128012165,2.381232923,6.436295718,196.5288796,2460636.044,1.11125,1380.351798,3.779197257,3.498,Asteroid,MBA,N,N
261580 (2005 XS4),261580,2.737608559,3.019790905,2.878699732,0.049012119,3.288845855,99.97098159,314.0036216,2460621.993,1.74906,1783.99231,4.884304749,3.291,Asteroid,MBA,N,N
106679 (2000 WV152),106679,1.780904022,2.684324286,2.232614154,0.20232342,6.554098353,357.2446075,1.755088889,2460278.548,0.776566,1218.481493,3.336020516,3.605,Asteroid,MBA,N,N
326700 (2003 BM2),326700,1.889122499,3.393048953,2.641085726,0.284717463,10.91587284,307.0769754,79.4785636,2460218.984,0.927881,1567.733266,4.292219757,3.311,Asteroid,MBA,N,N
474132 (1995 SA45),474132,1.969656128,3.231185556,2.600420842,0.242562551,4.9389531,193.4566423,197.6130571,2460745.867,0.974887,1531.665337,4.19347115,3.368,Asteroid,MBA,N,N
578285 (2013 YQ154),578285,2.606979937,2.808574681,2.707777309,0.037225134,10.26511197,294.5317407,266.8433223,2460290.717,1.6274,1627.488183,4.455819802,3.34,Asteroid,MBA,N,N
 53094 (1998 YW12),53094,2.480812635,2.759101151,2.619956893,0.053109369,2.468863131,106.9715343,110.6121063,2460885.168,1.47323,1548.958012,4.240815914,3.402,Asteroid,MBA,N,N
 13348 (1998 SF138),13348,2.707361074,3.603322746,3.15534191,0.14197537,1.23161874,32.6375072,230.1133254,2460724.741,1.69126,2047.236734,5.605028705,3.19,Asteroid,MBA,N,N
564444 (2016 GZ184),564444,2.744901575,3.373875846,3.05938871,0.102794109,11.6274955,174.382779,141.5723961,2459920.769,1.74267,1954.566345,5.351311005,3.195,Asteroid,MBA,N,N
539970 (2017 JR),539970,2.119910687,2.573666181,2.346788434,0.096675842,6.850277483,100.0820266,154.6716404,2460596.87,1.10627,1313.134875,3.59516735,3.545,Asteroid,MBA,N,N
272674 (2005 XS3),272674,2.415062782,3.867245435,3.141154108,0.231154315,16.4271646,256.5377092,152.5404217,2459663.55,1.43723,2033.444356,5.567267231,3.107,Asteroid,MBA,N,N
543276 (2013 WO63),543276,2.330601694,3.943508424,3.137055059,0.257073386,13.49452367,288.0526681,49.46777972,2460430.66,1.34485,2029.465339,5.556373277,3.118,Asteroid,MBA,N,N
379442 (2010 CD80),379442,2.675200912,3.272891983,2.974046447,0.100484488,1.096015296,38.3189843,64.66128786,2460593.004,1.69096,1873.354842,5.128966029,3.254,Asteroid,MBA,N,N
304673 (2006 WP95),304673,2.558241849,3.605758789,3.082000319,0.169941082,2.145457576,130.9390191,243.5527459,2459812.61,1.55921,1976.275314,5.410746924,3.204,Asteroid,MBA,N,N
418221 (2008 CY181),418221,2.268869345,2.534702476,2.401785911,0.055340722,13.37254511,130.4810242,124.3061865,2460281.983,1.27556,1359.564657,3.722285165,3.486,Asteroid,MBA,N,N
106310 (2000 UX92),106310,2.786655893,3.386196053,3.086425973,0.09712531,9.551391873,253.3614596,253.6775939,2460343.57,1.81676,1980.533644,5.422405597,3.198,Asteroid,MBA,N,N
259855 (2004 CF86),259855,2.067077398,2.698503295,2.382790347,0.132497158,1.981205272,131.226502,335.0976959,2459643.728,1.08272,1343.467531,3.678213638,3.524,Asteroid,MBA,N,N
234155 (2000 GO150),234155,1.889726604,2.637388364,2.263557484,0.165151927,1.53581036,170.8922793,130.4402396,2460648.485,0.874088,1243.900719,3.405614563,3.599,Asteroid,MBA,N,N
 60941 (2000 JQ54),60941,1.995772826,2.611645507,2.303709167,0.133669799,5.439531627,205.7661029,105.2172465,2459574.705,0.989521,1277.144103,3.496629988,3.572,Asteroid,MBA,N,N
116877 (2004 FV111),116877,2.005780487,2.5298079,2.267794193,0.11553681,7.000591916,284.9363062,359.1081576,2459601.728,0.988696,1247.394674,3.415180489,3.596,Asteroid,MBA,N,N
599554 (2010 LJ135),599554,2.339358665,2.971263389,2.655311027,0.118988834,15.2484756,97.30089369,88.22494567,2460019.164,1.39973,1580.416391,4.326944261,3.328,Asteroid,MBA,N,N
130334 (2000 FD24),130334,2.311966239,4.069233725,3.190599982,0.275381981,26.05235204,49.65782901,238.1591081,2460312.052,1.39169,2081.646423,5.699237297,2.983,Asteroid,MBA,N,N
265415 (2004 TM167),265415,2.623669555,3.055909675,2.839789615,0.07610425,1.279290727,206.5814457,125.5378041,2460126.105,1.61267,1747.944652,4.785611642,3.305,Asteroid,MBA,N,N
565609 (2017 FN14),565609,2.31952257,2.888291114,2.603906842,0.109214457,22.29359318,173.8286069,211.3279618,2460268.901,1.33556,1534.746286,4.201906327,3.3,Asteroid,MBA,N,N
 40026 (1998 JF3),40026,2.316589346,2.607027082,2.461808214,0.058988701,7.987936064,171.7048276,214.9914321,2460013.934,1.32245,1410.846456,3.862687079,3.474,Asteroid,MBA,N,N
344588 (2003 BN81),344588,2.500268118,3.675134507,3.087701312,0.190249359,10.78949366,149.3786449,311.2397861,2460418.173,1.53082,1981.761333,5.425766826,3.171,Asteroid,MBA,N,N
235291 (2003 UY56),235291,2.43518405,3.81438225,3.12478315,0.220687026,25.0424986,223.3062184,85.57992513,2460596.544,1.571,2017.568334,5.523801051,3.035,Asteroid,MBA,N,N
217948 (2001 TT231),217948,2.083152327,3.043736375,2.563444351,0.187361986,16.01274417,132.9847767,239.7017366,2459674.892,1.12589,1499.112646,4.104346738,3.355,Asteroid,MBA,N,N
289462 (2005 EB66),289462,2.123744867,3.162488475,2.643116671,0.196499765,3.745352469,351.5517733,243.2866681,2459926.656,1.1149,1569.54195,4.297171664,3.363,Asteroid,MBA,N,N
 26600 (2000 EX182),26600,1.769147375,2.599990676,2.184569026,0.190161833,2.354005373,325.8886215,12.34249797,2460531.745,0.759444,1179.361875,3.228916838,3.653,Asteroid,MBA,N,N
111094 (2001 VA66),111094,2.344279795,2.734406092,2.539342943,0.076816386,3.80401861,297.1388364,15.382127,2460688.205,1.32963,1478.020517,4.046599635,3.439,Asteroid,MBA,N,N
623537 (2016 NT110),623537,1.871317405,3.043236643,2.457277024,0.238458917,6.026931225,108.5872299,228.7590431,2460394.145,0.867568,1406.953055,3.852027529,3.445,Asteroid,MBA,N,N
277747 (2006 DQ108),277747,2.491731149,3.052775236,2.772253192,0.101189186,4.825695528,192.7352499,26.84502291,2460721.87,1.48427,1685.961936,4.615912213,3.324,Asteroid,MBA,N,N
  6809 Sakuma (1938 DM1),6809,2.117371784,2.611341172,2.364356478,0.104461699,6.089085874,358.068302,220.6952968,2459646.171,1.11368,1327.907615,3.635612909,3.534,Asteroid,MBA,N,N
402121 (2004 CP118),402121,2.368969315,2.835177499,2.602073407,0.08958398,2.348821852,64.88454142,48.85354745,2460625.951,1.38489,1533.125627,4.197469205,3.407,Asteroid,MBA,N,N
 63380 (2001 HE51),63380,2.236343379,2.680814284,2.458578832,0.090391835,4.622433823,314.8691086,345.1636416,2460805.437,1.22055,1408.071259,3.855089005,3.481,Asteroid,MBA,N,N
286689 (2002 FK11),286689,2.109130843,2.660264288,2.384697565,0.115556256,1.265905879,9.204772583,166.9749187,2460414.647,1.11207,1345.080849,3.682630661,3.527,Asteroid,MBA,N,N
394619 (2007 VE333),394619,2.041903158,3.117590148,2.579746653,0.208486944,7.883204363,249.1230597,107.8165396,2460253.506,1.0542,1513.435837,4.143561497,3.381,Asteroid,MBA,N,N
181513 (2006 UC71),181513,2.810059195,3.485447377,3.147753286,0.107280991,10.22295233,185.6969737,286.1768946,2460421.942,1.84674,2039.855744,5.584820655,3.175,Asteroid,MBA,N,N
 95789 (2003 FY15),95789,2.024752521,2.411938175,2.218345348,0.087269021,7.534606681,297.9707865,276.9688974,2460016.997,1.03305,1206.819066,3.304090531,3.635,Asteroid,MBA,N,N
  9963 Sandage (1992 AN),9963,1.68453351,2.998447096,2.341490303,0.280572075,23.46552854,116.8815212,241.2979565,2460136.404,0.773847,1308.690568,3.582999501,3.403,Asteroid,MBA,N,N
399119 (2014 DE122),399119,2.182812043,3.205695744,2.694253894,0.189826895,2.308385119,257.2409374,303.0338194,2460054.794,1.18013,1615.311205,4.422481053,3.343,Asteroid,MBA,N,N
412480 (2014 HP194),412480,2.064135262,2.448709051,2.256422156,0.085217606,4.6363102,136.4351448,68.19015957,2460432.909,1.06472,1238.023704,3.389524173,3.614,Asteroid,MBA,N,N
249134 (2007 YN64),249134,2.011225345,2.892111445,2.451668395,0.179650336,3.088370906,37.52726703,323.8139689,2459725.707,1.00869,1402.13884,3.838846927,3.471,Asteroid,MBA,N,N
399872 (2005 UL501),399872,2.515326155,3.760544946,3.137935551,0.198413698,26.74107266,199.104451,227.1739271,2459797.508,1.58324,2030.319829,5.558712741,3.018,Asteroid,MBA,N,N
237553 (2000 WG83),237553,2.256295845,2.765491694,2.510893769,0.10139733,6.938119909,126.9683165,258.3239554,2460436.618,1.27104,1453.25202,3.978787188,3.444,Asteroid,MBA,N,N
294675 (2008 AM104),294675,2.570228064,2.921063557,2.74564581,0.06388943,6.856935495,112.1454801,270.4028139,2460747.189,1.58361,1661.748117,4.549618391,3.335,Asteroid,MBA,N,N
496792 (2017 HY33),496792,2.360517868,3.068171281,2.714344575,0.130354381,14.46391863,67.57855358,109.4995384,2461008.106,1.4052,1633.412576,4.472039906,3.304,Asteroid,MBA,N,N
452542 (2004 TD343),452542,1.86618163,2.862608381,2.364395006,0.21071495,3.722640608,209.2371815,175.2351324,2459907.615,0.869143,1327.940073,3.635701775,3.516,Asteroid,MBA,N,N
454799 (2015 QV10),454799,2.575279937,2.70699027,2.641135104,0.024934418,13.60582096,248.7072354,315.9085917,2459560.913,1.57434,1567.777232,4.292340129,3.355,Asteroid,MBA,N,N
588550 (2008 GJ25),588550,2.701701852,3.533973779,3.117837815,0.133469407,16.81033327,183.0769966,28.88621802,2460686.633,1.7089,2010.845516,5.505394979,3.138,Asteroid,MBA,N,N
105861 (2000 SP170),105861,2.577022996,3.647303704,3.11216335,0.171951242,4.186698053,214.7279094,118.5813152,2459626.705,1.56974,2005.358406,5.490372091,3.192,Asteroid,MBA,N,N
 28578 (2000 EE97),28578,2.204676288,2.599322977,2.401999633,0.082149615,5.646229384,326.0780819,293.9856836,2460006.283,1.19578,1359.746131,3.722782016,3.514,Asteroid,MBA,N,N
 58922 (1998 KK58),58922,2.593829829,3.137510007,2.865669918,0.094860921,1.67126575,356.7315887,261.4584863,2459897.972,1.57861,1771.893741,4.851180673,3.293,Asteroid,MBA,N,N
575438 (2011 SA273),575438,2.425851595,3.761875841,3.093863718,0.215915174,18.41698492,161.8708649,176.5169269,2459661.288,1.41681,1987.697064,5.44201797,3.111,Asteroid,MBA,N,N
317970 (2003 YQ72),317970,2.113227218,2.604252239,2.358739729,0.104086308,3.833514732,297.664048,96.04222604,2460775.332,1.12259,1323.178574,3.622665501,3.542,Asteroid,MBA,N,N
 79766 (1998 UQ4),79766,1.855278091,2.896307253,2.375792672,0.219090911,2.22727539,351.432976,343.150833,2460431.842,0.844904,1337.553723,3.662022513,3.508,Asteroid,MBA,N,N
 16269 Merkord (2000 JP44),16269,2.550568429,3.660454447,3.105511438,0.178696173,0.758947223,145.8638658,216.0025788,2460328.919,1.54714,1998.932488,5.472778887,3.196,Asteroid,MBA,N,N
324143 (2005 YE112),324143,2.77123069,3.25661268,3.013921685,0.080523325,3.887866204,114.6390888,235.2531404,2460806.27,1.76638,1911.157027,5.232462772,3.24,Asteroid,MBA,N,N
227899 (2007 EF128),227899,2.260822319,3.010231626,2.635526973,0.142174471,3.945629191,347.8888843,27.94154654,2459785.777,1.2619,1562.786406,4.278675992,3.38,Asteroid,MBA,N,N
259632 (2003 WZ34),259632,1.94213319,2.694774867,2.318454028,0.162315419,2.856043021,281.8968235,161.4737771,2460760.945,0.957171,1289.42522,3.530253852,3.56,Asteroid,MBA,N,N
600429 (2011 WC25),600429,2.829100904,3.271106709,3.050103807,0.072457502,11.06941038,55.81909972,92.91668929,2460260.042,1.86652,1945.675263,5.32696855,3.205,Asteroid,MBA,N,N
527954 (2008 EU12),527954,1.914722914,2.85352125,2.384122082,0.196885542,4.94332816,129.4303973,78.75287598,2460005.005,0.916528,1344.593979,3.681297685,3.505,Asteroid,MBA,N,N
568460 (2004 BV165),568460,2.206220748,2.668476935,2.437348842,0.094827662,5.807429214,126.8840598,231.0326763,2459519.292,1.20601,1389.872506,3.805263534,3.491,Asteroid,MBA,N,N
512394 (2016 OA6),512394,2.238753632,3.35393299,2.796343311,0.199399579,23.58126999,309.209965,97.62812128,2459469.212,1.38256,1707.985427,4.676209245,3.178,Asteroid,MBA,N,N
362761 (2011 WL27),362761,2.012137972,2.648610801,2.330374387,0.13656021,6.359431694,154.0717289,229.025795,2459663.289,1.02025,1299.382383,3.55751508,3.551,Asteroid,MBA,N,N
124804 (2001 SX278),124804,1.742365746,2.650040707,2.196203227,0.206646396,2.39869441,235.4850102,128.3042053,2460457.342,0.74074,1188.795671,3.254745162,3.639,Asteroid,MBA,N,N
538186 (2016 CD14),538186,2.324197641,2.474943666,2.399570654,0.031411041,3.919414153,304.6067191,209.7110249,2460187.931,1.33355,1357.684124,3.717136549,3.523,Asteroid,MBA,N,N
333631 (2008 GN50),333631,1.922140479,2.734264442,2.32820246,0.174410082,3.66465843,35.23107005,212.0385407,2459883.251,0.909,1297.566255,3.552542793,3.55,Asteroid,MBA,N,N
253353 (2003 FP81),253353,2.22571704,3.382636084,2.804176562,0.206284986,24.11700351,178.7487453,267.3620766,2460921.919,1.38412,1715.167186,4.695871831,3.167,Asteroid,MBA,N,N
504358 (2007 US33),504358,2.607891566,3.536406722,3.072149144,0.151118177,13.25108471,248.611875,144.2142099,2460260.734,1.62713,1966.807566,5.384825643,3.172,Asteroid,MBA,N,N
460344 (2014 RN23),460344,2.12550551,3.132209317,2.628857414,0.19147174,4.578321292,308.4077573,111.652375,2460282.178,1.1422,1556.857896,4.262444615,3.37,Asteroid,MBA,N,N
133947 (2004 TX71),133947,2.249788564,2.477596444,2.363692504,0.048188984,6.173420231,197.7716444,334.0010708,2460475.807,1.25402,1327.348287,3.634081552,3.54,Asteroid,MBA,N,N
567842 (2002 RK291),567842,2.425476285,3.292656637,2.859066461,0.151654458,15.42689507,9.853472862,334.7958244,2459617.814,1.4276,1765.772721,4.834422235,3.233,Asteroid,MBA,N,N
415565 (2014 QQ235),415565,2.752852539,2.802434808,2.777643673,0.008925239,6.166162544,2.964502205,82.1860465,2460744.782,1.76976,1690.881704,4.629381804,3.326,Asteroid,MBA,N,N
422447 (2014 SY305),422447,2.093140821,3.177847285,2.635494053,0.205788069,4.211756291,226.1952022,115.1057875,2459966.586,1.08864,1562.757126,4.278595827,3.363,Asteroid,MBA,N,N
113203 Szabo (2002 RC112),113203,1.925668233,3.205341086,2.565504659,0.24939983,2.582945427,225.3172505,79.09172172,2459844.681,0.911984,1500.920324,4.10929589,3.387,Asteroid,MBA,N,N
536056 (2015 BK538),536056,2.9083234,3.461715186,3.185019293,0.086874165,4.676097602,29.80305874,199.3745425,2459397.128,1.8979,2076.18729,5.684291005,3.187,Asteroid,MBA,N,N
453806 (2011 SO61),453806,1.925870945,2.529919143,2.227895044,0.135564779,7.95039876,216.4861697,4.271809609,2460308.433,0.916973,1214.620252,3.325449013,3.62,Asteroid,MBA,N,N
 87777 (2000 SR107),87777,2.441212982,3.007374373,2.724293677,0.103909758,1.123135098,259.4428928,77.42224491,2459884.364,1.43136,1642.401415,4.496650008,3.349,Asteroid,MBA,N,N
423406 (2005 MK3),423406,2.074102581,2.556767157,2.315434869,0.10422763,8.70403994,124.3443208,141.2118845,2459999.171,1.06493,1286.907348,3.523360296,3.559,Asteroid,MBA,N,N
456500 (2006 WX191),456500,2.331197439,2.995547136,2.663372288,0.124719646,13.71004777,67.5825802,41.43051935,2460554.376,1.36364,1587.618832,4.346663469,3.333,Asteroid,MBA,N,N
195397 (2002 GB16),195397,2.403955795,3.124534598,2.764245197,0.130339162,9.128531417,15.576465,257.1983982,2459432.187,1.40798,1678.66205,4.595926215,3.309,Asteroid,MBA,N,N
394488 (2007 TK98),394488,2.393925965,2.789458874,2.591692419,0.076307842,3.335109937,39.9124052,287.4025621,2460280.994,1.38441,1523.960163,4.172375532,3.413,Asteroid,MBA,N,N
477919 (2011 PR8),477919,2.506649558,3.270036191,2.888342874,0.132149587,24.25626769,337.0472765,127.3462295,2459911.063,1.57698,1792.963907,4.908867645,3.148,Asteroid,MBA,N,N
403609 (2010 RP55),403609,2.325728334,2.937741908,2.631735121,0.116275678,9.940669778,330.3951742,217.2792937,2459425.315,1.33554,1559.414942,4.269445426,3.369,Asteroid,MBA,N,N
206800 (2004 DA44),206800,2.380267287,3.784147074,3.082207181,0.227739361,25.57771601,337.564685,71.39698407,2460488.531,1.50692,1976.474287,5.411291682,3.04,Asteroid,MBA,N,N
307216 (2002 GR71),307216,1.947387034,2.701282407,2.324334721,0.162174442,4.355219275,54.12507071,122.9908958,2460101.617,0.953917,1294.334214,3.543693947,3.554,Asteroid,MBA,N,N
237470 (2000 CT135),237470,2.43858397,3.10519934,2.771891655,0.120245567,5.361361699,138.946776,209.7739326,2460998.232,1.4328,1685.63214,4.615009281,3.32,Asteroid,MBA,N,N
 93825 (2000 WA74),93825,2.697490499,2.97792525,2.837707874,0.049412195,3.723442076,292.1722774,280.6988787,2459620.134,1.69292,1746.022978,4.780350385,3.306,Asteroid,MBA,N,N
409422 (2005 JG98),409422,2.323163912,2.775201183,2.549182547,0.088663182,6.674492165,75.44098135,143.820908,2460893.494,1.31726,1486.619522,4.070142428,3.426,Asteroid,MBA,N,N
446108 (2013 DU4),446108,2.471905984,2.938895641,2.705400812,0.086306926,2.113304913,11.31129122,107.8793152,2459476.93,1.48754,1625.346091,4.449955074,3.359,Asteroid,MBA,N,N
 45773 (2000 NL22),45773,2.079589676,2.738630906,2.409110291,0.136781042,9.381643913,285.1819273,47.77177942,2459964.141,1.08023,1365.788498,3.739325116,3.49,Asteroid,MBA,N,N
255828 (2006 SC86),255828,2.068946414,2.738614554,2.403780484,0.139294778,1.157325274,193.5775666,270.7340511,2459729.84,1.08483,1361.258592,3.726922909,3.51,Asteroid,MBA,N,N
425546 (2010 RE67),425546,1.958701644,2.503764033,2.231232839,0.122143772,7.098876066,57.15171058,334.6637389,2460390.249,0.966794,1217.350859,3.332925008,3.622,Asteroid,MBA,N,N
 41428 (2000 EL85),41428,2.225376159,2.457788098,2.341582128,0.049627117,6.273820399,245.7679482,280.2224077,2460788.164,1.23986,1308.767552,3.583210272,3.554,Asteroid,MBA,N,N
239413 (2007 TD68),239413,2.699507832,3.538402456,3.118955144,0.134483278,24.12514052,65.05983898,295.8335812,2460258.638,1.78581,2011.926543,5.508354668,3.069,Asteroid,MBA,N,N
298826 (2004 RY102),298826,1.958929734,2.65217913,2.305554432,0.150343316,7.121992965,323.6690444,85.49200485,2459818.129,0.983138,1278.678894,3.500832017,3.563,Asteroid,MBA,N,N
367156 (2006 UM248),367156,2.022422055,3.046579123,2.534500589,0.20204317,6.260830319,39.35150548,205.4181604,2460853.25,1.01075,1473.794806,4.035030269,3.412,Asteroid,MBA,N,N
426810 (2013 TD139),426810,1.859567605,3.202626078,2.531096842,0.265311554,10.30375415,143.3270553,189.6714639,2460784.497,0.849224,1470.826919,4.026904639,3.379,Asteroid,MBA,N,N
 84871 (2003 BV28),84871,1.895979432,3.218238188,2.55710881,0.258545657,14.75694595,176.7028823,236.8639436,2460023.035,0.945133,1493.558506,4.089140332,3.345,Asteroid,MBA,N,N
618363 (1996 RH34),618363,2.441680351,2.854561777,2.648121064,0.07795743,13.75921035,158.6208077,105.1945838,2459466.813,1.46726,1574.00164,4.30938163,3.347,Asteroid,MBA,N,N
300355 (2007 RP65),300355,2.030643236,2.912219342,2.471431289,0.178353351,0.581521391,339.0314192,309.2890909,2459870.178,1.01373,1419.126918,3.88535775,3.462,Asteroid,MBA,N,N
393477 (2002 JB16),393477,1.984569612,3.089077681,2.536823647,0.217695083,16.13507282,30.71849729,199.5526412,2459795.795,0.981129,1475.821533,4.040579147,3.36,Asteroid,MBA,N,N
415423 (2013 QM7),415423,2.962501438,3.334650236,3.148575837,0.059097957,9.091353786,275.3020327,236.1454648,2459565.801,1.98497,2040.65536,5.587009884,3.186,Asteroid,MBA,N,N
 59210 (1999 BJ13),59210,2.043048717,2.580851571,2.311950144,0.116309354,1.893110211,259.7139667,175.9166581,2460021.859,1.05697,1284.003252,3.515409314,3.574,Asteroid,MBA,N,N
288799 (2004 RA154),288799,1.960031381,2.541651681,2.250841531,0.129200633,7.398114108,285.5357977,330.4650921,2460377.06,0.947753,1233.43369,3.3769574,3.605,Asteroid,MBA,N,N
240743 (2005 JG96),240743,2.518334597,2.98196647,2.750150534,0.08429209,1.661452817,15.22483831,349.3018437,2460917.331,1.51533,1665.839387,4.560819677,3.34,Asteroid,MBA,N,N
586042 (2000 VR38),586042,2.41195606,2.756825526,2.584390793,0.066721617,14.15799224,224.1317103,251.6564045,2459698.885,1.46701,1517.524477,4.154755583,3.377,Asteroid,MBA,N,N
511531 (2014 SY282),511531,3.092248611,3.20244929,3.147348951,0.017506905,17.57253526,193.8784779,298.4784406,2459532.668,2.11567,2039.462722,5.583744618,3.136,Asteroid,MBA,N,N
250926 (2005 WA74),250926,2.262700084,4.114731463,3.188715773,0.290403961,13.64649358,169.4617344,251.0225582,2459879.17,1.31594,2079.802721,5.694189516,3.088,Asteroid,MBA,N,N
358346 (2006 WR19),358346,2.683195642,3.060335535,2.871765589,0.065663419,9.119430789,199.0835578,344.0750887,2460004.014,1.68444,1777.550336,4.866667586,3.276,Asteroid,MBA,N,N
387197 (2012 TK303),387197,2.900902028,3.489503726,3.195202877,0.092107093,14.74434058,229.3552655,224.3421656,2460725.324,1.93466,2086.152654,5.711574687,3.138,Asteroid,MBA,N,N
 13019 (1988 NW),13019,2.171333677,3.106695416,2.639014547,0.177217996,13.060058,304.0004665,354.1728632,2459876.822,1.15547,1565.889468,4.287171712,3.337,Asteroid,MBA,N,N
464847 (2005 EM252),464847,1.903712993,2.840604825,2.372158909,0.197476617,7.324590125,191.4346026,58.51269928,2460272.983,0.901686,1334.486224,3.653624159,3.507,Asteroid,MBA,N,N
122243 (2000 OG18),122243,1.942245825,2.613172332,2.277709078,0.147280992,8.329890969,132.5208274,152.4210103,2460469.265,0.929473,1255.584096,3.437601906,3.579,Asteroid,MBA,N,N
491489 (2012 HU57),491489,2.689876349,3.51816013,3.10401824,0.133421217,7.429537851,56.98126101,165.3478186,2460018.965,1.68091,1997.490966,5.468832212,3.194,Asteroid,MBA,N,N
500453 (2012 TD202),500453,2.92858732,3.284418347,3.106502834,0.057271962,9.306721204,35.19618205,12.66977301,2460381.426,1.93746,1999.889766,5.475399771,3.197,Asteroid,MBA,N,N
522034 (2015 XQ408),522034,2.555449684,3.187255065,2.871352375,0.110018782,13.19735211,186.8037466,336.5589116,2459358.123,1.56562,1777.166696,4.865617237,3.25,Asteroid,MBA,N,N
 39120 (2000 WZ38),39120,2.264368178,2.819986678,2.542177428,0.10928004,6.024797995,168.2166904,268.1799902,2460781.343,1.28794,1480.495918,4.053376915,3.429,Asteroid,MBA,N,N
136350 (2004 CS71),136350,2.980516356,3.37354908,3.177032718,0.061855316,10.26476977,110.3717126,189.2045939,2460069.21,1.96455,2068.382992,5.662924002,3.173,Asteroid,MBA,N,N
530210 (2011 BX90),530210,1.815606614,3.472532116,2.644069365,0.313328675,5.059056548,271.72362,127.7138341,2460061.867,0.828115,1570.390623,4.299495203,3.317,Asteroid,MBA,N,N
185657 (1992 WL6),185657,2.373330236,2.94597072,2.659650478,0.107653334,15.48558011,58.6505719,255.8623894,2459670.91,1.41295,1584.292175,4.337555579,3.326,Asteroid,MBA,N,N
 31861 Darleshimizu (2000 EX68),31861,2.036567864,2.765775414,2.401171639,0.151844112,1.659373694,145.0584001,97.2246742,2459942.796,1.02371,1359.043114,3.72085726,3.509,Asteroid,MBA,N,N
496990 (2002 RR240),496990,1.846142626,2.967298949,2.406720788,0.232921976,2.460316177,239.6539397,119.0015241,2460742.653,0.843387,1363.756993,3.733763157,3.484,Asteroid,MBA,N,N
527365 (2007 TL456),527365,1.922178487,2.494309561,2.208244024,0.12954435,6.403978082,24.00991868,2.066240302,2460435.242,0.925336,1198.585509,3.281548278,3.64,Asteroid,MBA,N,N
125247 (2001 UC176),125247,2.015927807,2.788405842,2.402166824,0.160787758,4.992460257,353.0200584,206.1874676,2459641.385,1.01426,1359.888102,3.72317071,3.502,Asteroid,MBA,N,N
494355 (2016 TX79),494355,2.791047846,3.498726688,3.144887267,0.112512593,11.80047951,346.8624314,44.042277,2459720.832,1.8076,2037.070456,5.577194951,3.167,Asteroid,MBA,N,N
248863 (2006 UW10),248863,2.875675501,3.398222437,3.136948969,0.08328904,28.1097409,36.3019315,165.550801,2461035.789,1.87342,2029.362391,5.556091419,3.024,Asteroid,MBA,N,N
331174 (2011 AE25),331174,2.25358699,3.232429958,2.743008474,0.178425072,4.191463761,132.4363443,303.6755975,2460436.792,1.2709,1659.354398,4.543064745,3.322,Asteroid,MBA,N,N
  9569 Quintenmatsijs (1988 CL2),9569,1.964813408,2.903424847,2.434119127,0.192803102,5.536860099,124.828441,244.7269107,2460705.569,0.970698,1387.110855,3.797702547,3.474,Asteroid,MBA,N,N
248309 (2005 ND17),248309,2.503679551,3.307519889,2.90559972,0.138326063,16.47144085,337.28444,347.4837692,2460864.534,1.49419,1809.056389,4.95292646,3.21,Asteroid,MBA,N,N
519737 (2013 CE226),519737,2.482616508,3.575344024,3.028980266,0.180378778,9.195917794,318.8447019,306.2330594,2460654.571,1.47956,1925.498092,5.271726467,3.199,Asteroid,MBA,N,N
519440 (2011 WX48),519440,2.103534802,3.101676357,2.602605579,0.191758129,14.1695878,87.08156374,281.536156,2460331.842,1.15673,1533.59598,4.198756962,3.345,Asteroid,MBA,N,N
458927 (2011 UO283),458927,2.230967505,2.866226728,2.548597116,0.124629197,4.149660622,142.3307357,297.9889909,2460425.707,1.24909,1486.107438,4.06874042,3.427,Asteroid,MBA,N,N
220891 (2004 XF134),220891,2.760302309,3.381479807,3.070891058,0.101139618,6.564622778,38.08019279,97.87548686,2459561.209,1.78245,1965.599539,5.381518245,3.213,Asteroid,MBA,N,N
199126 (2005 YA94),199126,2.163493647,2.640391163,2.401942405,0.099273304,7.482268277,331.8789786,114.9074626,2460463.387,1.19097,1359.697538,3.722648975,3.507,Asteroid,MBA,N,N
 37905 (1998 FU70),37905,2.4827171,2.630804563,2.556760832,0.028959976,21.79734079,190.583421,309.2150173,2459638.881,1.50522,1493.253646,4.088305669,3.336,Asteroid,MBA,N,N
192492 (1998 HA35),192492,2.060442969,3.093631956,2.577037462,0.200460607,5.256523191,100.261907,69.79156373,2459905.818,1.07257,1511.052399,4.137036001,3.392,Asteroid,MBA,N,N
300084 (2006 UF223),300084,2.362059873,4.013268825,3.187664349,0.258999815,12.54889072,231.9182116,245.936974,2460575.054,1.40935,2078.774137,5.691373407,3.108,Asteroid,MBA,N,N
423007 (2003 SO282),423007,2.267237094,3.595229157,2.931233126,0.22652447,4.94499579,241.3189231,132.5997338,2460289.435,1.27105,1833.048546,5.018613404,3.232,Asteroid,MBA,N,N
189304 (2005 WN115),189304,2.428906002,2.890644668,2.659775335,0.086800314,13.67565117,273.1326538,31.9139776,2459418.85,1.42198,1584.403738,4.337861022,3.34,Asteroid,MBA,N,N
167750 (2004 XW61),167750,1.859867375,2.470419905,2.16514364,0.140995849,2.751513633,214.7707622,169.4167174,2460210.495,0.862665,1163.666407,3.185944989,3.679,Asteroid,MBA,N,N
445570 (2011 QA33),445570,1.912094417,2.864734952,2.388414684,0.199429467,2.891762685,148.9628526,235.5992592,2459956.667,0.916648,1348.227017,3.691244401,3.505,Asteroid,MBA,N,N
184261 (2004 TW124),184261,2.752884579,3.352455056,3.052669818,0.098204279,4.659744892,203.9391847,73.19341202,2460629.123,1.74067,1948.131084,5.333692222,3.224,Asteroid,MBA,N,N
 28382 Stevengillen (1999 JZ48),28382,1.951832711,2.889036741,2.420434726,0.193602418,0.486151247,274.2764176,65.02961489,2459886.954,0.942421,1375.42999,3.765722081,3.488,Asteroid,MBA,N,N
467720 (2009 DW11),467720,1.937063942,2.504059697,2.22056182,0.127669437,3.800902857,348.3413267,175.5383236,2459756.468,0.943329,1208.628217,3.309043716,3.636,Asteroid,MBA,N,N
 97329 (1999 XO243),97329,2.549918073,3.81203077,3.180974422,0.198384603,23.39085353,326.866302,225.0363678,2460190.245,1.60027,2072.23351,5.673466145,3.042,Asteroid,MBA,N,N
 54693 Garymyers (2001 FM6),54693,1.936366256,2.767325523,2.351845889,0.17666108,3.603971278,3.050005258,336.4019773,2460356.404,0.927716,1317.381975,3.606795278,3.533,Asteroid,MBA,N,N
544200 (2014 SZ322),544200,2.461992197,3.039743176,2.750867686,0.105012499,5.69522424,105.5519991,269.8208365,2460282.01,1.47037,1666.491027,4.56260377,3.331,Asteroid,MBA,N,N
397532 (2007 TL212),397532,2.709673983,2.834490427,2.772082205,0.022513121,5.587386784,337.2701491,30.15287984,2461004.819,1.70634,1685.805958,4.615485168,3.33,Asteroid,MBA,N,N
396377 (2014 DW113),396377,2.518424579,3.653472156,3.085948367,0.183905795,26.68719955,341.8096643,119.1048878,2460446.226,1.62492,1980.073949,5.421147019,3.039,Asteroid,MBA,N,N
280384 (2003 UW118),280384,2.513557835,3.113462721,2.813510278,0.106611461,3.053327587,344.43833,33.72411591,2459821.457,1.51507,1723.737723,4.719336681,3.31,Asteroid,MBA,N,N
334340 (2001 XS217),334340,2.301691235,2.792647349,2.547169292,0.096372886,13.61988919,275.6450125,183.286285,2459647.266,1.31731,1484.85875,4.065321697,3.396,Asteroid,MBA,N,N
464275 (2015 XG168),464275,2.423454328,3.846643938,3.135049133,0.226980431,16.12025291,163.9358171,284.7280252,2459287.549,1.49708,2027.5191,5.551044765,3.112,Asteroid,MBA,N,N
349272 (2007 TJ266),349272,2.435870685,3.168954045,2.802412365,0.130795055,9.526654494,202.8192689,173.906946,2459468.439,1.43706,1713.548842,4.691441045,3.292,Asteroid,MBA,N,N
578554 (2014 DD139),578554,2.682228618,3.130358617,2.906293617,0.077096477,3.417362943,305.1974801,100.6098737,2459764.882,1.69322,1809.70447,4.954700807,3.278,Asteroid,MBA,N,N
203818 (2002 TU237),203818,2.263961712,4.043762558,3.153862135,0.282162119,15.69041237,252.2581794,113.4529143,2460692.279,1.31586,2045.796751,5.601086244,3.088,Asteroid,MBA,N,N
 83085 (2001 QC228),83085,2.859512915,3.265114144,3.062313529,0.066224641,9.36556015,218.9805692,138.1613444,2460062.415,1.86422,1957.369904,5.358986733,3.21,Asteroid,MBA,N,N
232668 (2003 XJ2),232668,2.411022746,3.60715608,3.009089413,0.198753372,5.337556737,159.7843084,242.2584741,2460545.522,1.42402,1906.562585,5.219883873,3.213,Asteroid,MBA,N,N
407517 (2010 VV135),407517,2.631791733,3.174003662,2.902897698,0.093391498,10.56363587,52.0696973,335.3882944,2460833.794,1.64057,1806.533516,4.946019208,3.255,Asteroid,MBA,N,N
 61205 (2000 OL6),61205,2.104209344,2.586962655,2.345586,0.10290676,7.882423979,255.4259597,61.34499785,2459669.084,1.10274,1312.125779,3.592404596,3.541,Asteroid,MBA,N,N
358565 (2007 TS247),358565,2.222692567,2.85431816,2.538505363,0.124408954,3.673376675,262.8232182,191.7303487,2460524.789,1.23826,1477.289309,4.044597697,3.433,Asteroid,MBA,N,N
 11944 Shaftesbury (1993 OK9),11944,2.833855958,2.938249978,2.886052968,0.01808595,2.977549105,128.9354858,138.6963769,2459803.727,1.81785,1790.832111,4.903031105,3.29,Asteroid,MBA,N,N
251910 (1999 VG147),251910,2.797108434,3.495363773,3.146236104,0.110966774,14.1155309,235.0325552,147.7262168,2459461.982,1.81216,2038.38114,5.58078341,3.153,Asteroid,MBA,N,N
209939 (2006 DX34),209939,1.912917865,2.762256848,2.337587356,0.181669998,3.003261098,160.770742,146.0347768,2460726.771,0.898395,1305.419817,3.574044673,3.542,Asteroid,MBA,N,N
117379 (2004 XW169),117379,2.762096181,2.917333386,2.839714783,0.027333239,3.308199738,45.04236354,102.2573006,2460756.57,1.7737,1747.875562,4.785422484,3.307,Asteroid,MBA,N,N
259451 (2003 SP68),259451,2.170152637,2.528849111,2.349500874,0.076334612,4.803527252,311.2746602,288.5132385,2460413.86,1.1624,1315.412133,3.601402143,3.55,Asteroid,MBA,N,N
 31043 Sturm (1996 LT),31043,2.161666748,3.071740855,2.616703802,0.173897043,8.894110265,105.3955572,146.4234937,2459542.277,1.1524,1546.073993,4.232919899,3.368,Asteroid,MBA,N,N
104209 (2000 EN115),104209,2.879243679,3.09303789,2.986140784,0.035797745,7.349338753,343.1990604,231.6484948,2459356.186,1.87978,1884.793804,5.160284201,3.244,Asteroid,MBA,N,N
115872 (2003 UC280),115872,2.20610872,2.565316744,2.385712732,0.075283168,7.932479106,96.74510425,173.6415732,2460521.96,1.18937,1345.939843,3.684982458,3.519,Asteroid,MBA,N,N
565461 (2017 DR102),565461,2.012051801,2.659363493,2.335707647,0.138568646,6.632577158,320.4304495,37.19170495,2459814.385,1.01097,1303.845555,3.569734579,3.546,Asteroid,MBA,N,N
296689 (2009 SD242),296689,2.845600368,3.449932832,3.1477666,0.095993849,9.646773761,273.2256215,58.79753862,2461098.182,1.8486,2039.868686,5.584856087,3.18,Asteroid,MBA,N,N
442280 (2011 RE2),442280,2.095653712,3.194326577,2.644990145,0.207689406,3.963394092,173.4163742,183.0513629,2460534.889,1.09067,1571.211011,4.301741305,3.359,Asteroid,MBA,N,N
208002 (1998 MT43),208002,2.247295981,2.923151275,2.585223628,0.130715054,14.11498135,108.546606,114.7685961,2459887.891,1.2754,1518.258082,4.156764085,3.368,Asteroid,MBA,N,N
393274 (2013 WJ82),393274,2.383601664,2.719988482,2.551795073,0.065911801,0.961491032,325.5068081,29.18067548,2460837.596,1.37768,1488.905447,4.076400949,3.436,Asteroid,MBA,N,N
176162 (2001 HM54),176162,1.984328233,2.911607539,2.447967886,0.189397768,6.684506512,82.7015387,164.7180843,2460501.267,0.970551,1398.965489,3.830158766,3.463,Asteroid,MBA,N,N
155573 (1999 XG66),155573,2.783432622,3.592259001,3.187845812,0.126860963,6.004752694,71.27084632,13.80830947,2459884.528,1.79874,2078.951645,5.691859398,3.177,Asteroid,MBA,N,N
 97320 (1999 XM219),97320,2.740565257,3.006238677,2.873401967,0.046229769,3.119214154,102.6054163,209.7554112,2459660.908,1.72608,1779.069867,4.870827836,3.293,Asteroid,MBA,N,N
239618 (2008 UT250),239618,2.674796991,3.358999288,3.01689814,0.113394995,8.289185133,225.2123485,122.0479761,2460275.766,1.67978,1913.988825,5.24021581,3.222,Asteroid,MBA,N,N
450562 (2006 FQ28),450562,1.954777132,2.774745833,2.364761483,0.17337239,4.052392546,39.87431992,140.3572935,2460409.204,0.958459,1328.248828,3.636547099,3.525,Asteroid,MBA,N,N
245575 (2005 UA254),245575,1.813744968,2.814955829,2.314350399,0.216304943,2.042791064,267.1186019,121.3872521,2460062.37,0.818824,1286.003339,3.520885254,3.55,Asteroid,MBA,N,N
381509 (2008 SL155),381509,2.288793435,3.105420327,2.697106881,0.15138942,6.850788332,157.4502623,265.4865778,2459754.173,1.31297,1617.877601,4.429507464,3.342,Asteroid,MBA,N,N
116900 (2004 FO143),116900,1.956305893,2.791145005,2.373725449,0.175849973,13.6974568,104.8703649,172.0278733,2459981.94,0.94001,1335.808356,3.657243958,3.484,Asteroid,MBA,N,N
593943 (2016 CG239),593943,1.925785577,2.598318981,2.262052279,0.148655584,25.7538858,3.896792566,316.252118,2460508.318,0.962399,1242.660185,3.402218165,3.475,Asteroid,MBA,N,N
599356 (2009 WP295),599356,1.927757151,2.476247418,2.202002285,0.124543528,7.666640413,224.9198018,359.3263817,2460468.545,0.917723,1193.507286,3.267644863,3.642,Asteroid,MBA,N,N
329905 (2005 JC100),329905,2.097265104,2.54410342,2.320684262,0.096272966,6.38241974,147.5666428,91.81886403,2459967.425,1.09598,1291.286208,3.535348961,3.563,Asteroid,MBA,N,N
182965 (2002 KX8),182965,1.803853225,2.592848297,2.198350761,0.179451589,4.343286398,117.2417732,157.9741203,2459646.59,0.787688,1190.539774,3.259520256,3.642,Asteroid,MBA,N,N
342478 (2008 UD147),342478,2.428417122,2.812204613,2.620310867,0.073233198,1.423304505,263.0715072,149.6558426,2460973.662,1.43835,1549.271936,4.241675389,3.401,Asteroid,MBA,N,N
216783 (2006 QO122),216783,2.29520836,3.236766132,2.765987246,0.17020284,8.374678058,192.7550079,193.2260967,2460808.727,1.29904,1680.249159,4.600271483,3.303,Asteroid,MBA,N,N
618375 (1998 HB25),618375,2.093398171,2.845794178,2.469596175,0.152331789,2.987320791,55.28175112,106.4919282,2460729.184,1.10257,1417.546593,3.881031055,3.467,Asteroid,MBA,N,N
 77159 (2001 ED16),77159,1.97982108,2.582299016,2.281060048,0.132060955,5.487959214,346.3185305,261.5656287,2459736.875,0.974596,1258.355941,3.445190804,3.588,Asteroid,MBA,N,N
217216 (2002 VR26),217216,2.485019519,3.688530084,3.086774802,0.194946286,15.77024135,231.2789451,251.5068958,2460758.963,1.55205,1980.869414,5.423324885,3.14,Asteroid,MBA,N,N
185794 (1999 VB127),185794,2.739664718,3.353454296,3.046559507,0.100734874,3.856118106,49.95832531,256.9520767,2460839.078,1.72756,1942.28486,5.317686134,3.227,Asteroid,MBA,N,N
145116 (2005 GT126),145116,2.013790603,2.511509801,2.262650202,0.109985891,8.383303966,215.9709954,153.0525643,2460205.423,1.01711,1243.152922,3.403567205,3.597,Asteroid,MBA,N,N
185088 (2006 RD93),185088,2.102977531,2.518916002,2.310946766,0.089993088,3.743871098,193.9728813,310.8110583,2459590.903,1.11559,1283.167464,3.513121051,3.576,Asteroid,MBA,N,N
166736 (2002 TP276),166736,2.393190338,2.924926845,2.659058591,0.099985858,2.076036859,249.6556951,136.7609502,2460489.757,1.39702,1583.763345,4.336107721,3.378,Asteroid,MBA,N,N
308605 (2005 VG119),308605,2.828943722,3.312627501,3.070785612,0.078755706,10.50800516,87.56013446,321.2890286,2459595.822,1.84798,1965.4983,5.381241067,3.2,Asteroid,MBA,N,N
414750 (2010 FV73),414750,1.82470348,2.807871204,2.316287342,0.212229223,4.256757042,263.6927413,14.41188548,2460505.046,0.807991,1287.618114,3.525306267,3.547,Asteroid,MBA,N,N
294256 (2007 UT76),294256,2.42255439,2.984626539,2.703590464,0.103949203,3.865761477,245.4523147,251.2447901,2459629.188,1.43833,1623.714937,4.445489218,3.355,Asteroid,MBA,N,N
401552 (2013 EK128),401552,2.617159506,3.332411147,2.974785326,0.120219035,11.16194511,52.6697694,265.4913084,2460786.226,1.6338,1874.053016,5.130877526,3.222,Asteroid,MBA,N,N
273929 (2007 JH4),273929,2.356026387,2.855329719,2.605678053,0.095810634,23.03032754,78.17628103,142.9701208,2460330.138,1.36637,1536.312483,4.206194342,3.293,Asteroid,MBA,N,N
274624 (2008 TP74),274624,2.843861001,3.275855297,3.059858149,0.070590576,10.75154318,221.7686444,347.9114631,2459581.212,1.83765,1955.016231,5.352542727,3.204,Asteroid,MBA,N,N
376572 (2013 PB14),376572,2.763836214,3.037841703,2.900838959,0.047228663,1.849440752,243.4588605,312.1807825,2459410.491,1.76113,1804.612063,4.940758556,3.285,Asteroid,MBA,N,N
246313 (2007 TJ160),246313,2.660535936,3.334714321,2.997625128,0.112452084,11.18176622,14.53882405,25.99149348,2460059.604,1.6713,1895.677293,5.190081568,3.216,Asteroid,MBA,N,N
618215 (2007 DO62),618215,2.657756052,2.929050549,2.793403301,0.048559851,6.678198199,119.7028641,203.4619905,2460080.965,1.64551,1705.292531,4.668836497,3.316,Asteroid,MBA,N,N
146562 (2001 TY6),146562,2.445031417,2.763081343,2.60405638,0.061068172,6.439861698,90.24336296,271.5253305,2459796.259,1.45158,1534.878494,4.202268293,3.401,Asteroid,MBA,N,N
320106 (2007 EV131),320106,2.662874301,3.547404826,3.105139564,0.142430076,0.516419659,140.8141043,128.8558872,2460562.105,1.6461,1998.573451,5.471795896,3.205,Asteroid,MBA,N,N
611499 (2006 WM218),611499,2.723957387,2.829820762,2.776889075,0.019061506,7.364170775,100.8417912,227.1216456,2460484.902,1.7145,1690.192712,4.627495446,3.323,Asteroid,MBA,N,N
238044 (2003 AF33),238044,1.915482732,2.52199607,2.218739401,0.136679715,1.375464096,48.30447865,63.58369809,2459884.717,0.931173,1207.140638,3.304970946,3.639,Asteroid,MBA,N,N
324678 (2007 DB93),324678,2.652355865,2.807104654,2.729730259,0.02834507,5.860597448,338.888482,217.5036234,2460926.21,1.65289,1647.320215,4.510116947,3.347,Asteroid,MBA,N,N
592422 (2014 WW150),592422,2.297838104,2.379270541,2.338554322,0.01741085,3.833750329,90.65940348,95.31967939,2460100.94,1.29816,1306.2299,3.576262561,3.563,Asteroid,MBA,N,N
596778 (2006 CW86),596778,2.204611659,3.174963009,2.689787334,0.180376965,5.091406295,298.7438228,289.0281064,2460530.933,1.20021,1611.296053,4.411488167,3.343,Asteroid,MBA,N,N
244494 (2002 TB63),244494,2.677022598,2.860109543,2.76856607,0.033065302,5.061655818,232.9491279,114.195089,2460836.323,1.67446,1682.599537,4.606706468,3.332,Asteroid,MBA,N,N
480946 (2003 SR237),480946,1.871732931,3.31747718,2.594605056,0.278605841,13.72850688,20.19370162,8.615585625,2460572.721,0.876429,1526.529906,4.179411104,3.323,Asteroid,MBA,N,N
419119 (2009 SB205),419119,2.542794939,2.983579701,2.76318732,0.079760203,2.029015422,18.67072271,27.16286538,2460213.284,1.55117,1677.698506,4.593288175,3.335,Asteroid,MBA,N,N
 74233 (1998 SU35),74233,2.072704589,3.089168492,2.580936541,0.196917647,11.94743462,21.81187522,345.0401319,2460177.223,1.07382,1514.483048,4.146428604,3.367,Asteroid,MBA,N,N
469856 (2005 UN15),469856,2.093659501,2.846782809,2.470221155,0.152440462,2.065458456,61.54789533,25.84196039,2459494.157,1.10895,1418.084734,3.882504406,3.467,Asteroid,MBA,N,N
614394 (2009 DF53),614394,2.400988054,2.661892871,2.531440462,0.051532877,3.756652872,102.522577,148.0867246,2459662.924,1.38667,1471.126448,4.027724702,3.446,Asteroid,MBA,N,N
460428 (2014 SS157),460428,2.63539679,2.887257695,2.761327242,0.045605045,8.362427847,15.09936412,242.2084009,2459733.936,1.6331,1676.004742,4.588650903,3.324,Asteroid,MBA,N,N
299592 (2006 HT28),299592,2.134671489,2.700518204,2.417594847,0.117026787,5.929584413,98.85180347,306.8236401,2460079.839,1.14967,1373.010027,3.759096582,3.499,Asteroid,MBA,N,N
440041 (2002 QN15),440041,2.40900506,2.874744227,2.641874644,0.088145584,13.34992262,331.7303168,331.745016,2460250.713,1.40175,1568.435764,4.294143092,3.351,Asteroid,MBA,N,N
545427 (2011 HN105),545427,2.519399767,2.717192513,2.61829614,0.037771271,21.53584646,209.1686673,274.448087,2459981.459,1.5867,1547.485453,4.236784265,3.306,Asteroid,MBA,N,N
157273 (2004 RH226),157273,2.357880487,3.110002586,2.733941536,0.137552703,6.492003171,194.9423876,175.1049577,2459880.261,1.35683,1651.133777,4.52055791,3.33,Asteroid,MBA,N,N
603567 (2015 FV39),603567,2.100380481,2.824729932,2.462555206,0.147072733,1.991844953,73.23970064,197.2650279,2460138.496,1.08363,1411.488649,3.864445308,3.473,Asteroid,MBA,N,N
161119 (2002 RK17),161119,2.192902582,3.668715525,2.930809053,0.25177569,5.386508878,169.7234494,236.8808754,2460047.154,1.20687,1832.650769,5.017524351,3.222,Asteroid,MBA,N,N
 42175 Yuyang (2001 CR21),42175,2.806602633,3.498517927,3.15256028,0.10973863,5.252115565,13.54192714,161.3020034,2460374.718,1.81044,2044.530182,5.597618568,3.191,Asteroid,MBA,N,N
171619 (2000 CX2),171619,2.283775163,2.986919377,2.63534727,0.133406368,3.598607407,101.1288201,352.4518914,2460813.661,1.29924,1562.626571,4.278238387,3.382,Asteroid,MBA,N,N
524759 (2003 UA313),524759,1.994517576,2.6754794,2.334998488,0.145816331,9.74140009,257.6195102,223.5269354,2459718.969,1.02125,1303.251797,3.568108957,3.535,Asteroid,MBA,N,N
596543 (2005 WK50),596543,2.443984251,3.641867386,3.042925819,0.196830815,1.77414785,244.4014929,176.5475118,2459504.796,1.45568,1938.810998,5.308175217,3.209,Asteroid,MBA,N,N
455036 (2015 TY349),455036,2.738305657,3.338762817,3.038534237,0.098807042,9.138073239,154.3492685,199.3570692,2460988.82,1.73365,1934.615345,5.296688144,3.214,Asteroid,MBA,N,N
207727 (2007 RW165),207727,2.163604285,2.981671962,2.572638124,0.158993927,3.63706783,208.8342308,262.6260425,2460825.535,1.18243,1507.184706,4.126446834,3.408,Asteroid,MBA,N,N
619209 (2000 QQ109),619209,2.424043039,3.699553683,3.061798361,0.208294357,20.86622926,153.0139521,248.0496205,2459858.327,1.50956,1956.875997,5.357634489,3.102,Asteroid,MBA,N,N
293133 (2006 XA60),293133,2.401997591,3.116920473,2.759459032,0.129540405,6.665383455,314.5319148,218.7814333,2459365.337,1.41079,1674.304147,4.583994927,3.32,Asteroid,MBA,N,N
588238 (2007 TV271),588238,1.810670255,2.85694703,2.333808642,0.224156504,2.252377112,358.4920473,47.67364054,2459630.793,0.820053,1302.255776,3.565382002,3.534,Asteroid,MBA,N,N
147637 (2004 JO6),147637,2.449297508,2.764416107,2.606856807,0.060440335,9.455624681,237.81264,295.7087784,2460599.014,1.46705,1537.355094,4.209048855,3.39,Asteroid,MBA,N,N
489297 (2006 SW248),489297,2.528624835,2.836322623,2.682473729,0.057353365,21.5953526,195.5917938,249.4057257,2460727.566,1.59506,1604.728785,4.393507967,3.273,Asteroid,MBA,N,N
485662 (2011 WK85),485662,2.080261106,2.960685073,2.520473089,0.174654506,1.991119085,147.6511465,182.853397,2459955.203,1.06878,1461.576408,4.001578118,3.434,Asteroid,MBA,N,N
168820 (2000 SK266),168820,1.951504809,2.589324864,2.270414837,0.14046333,5.88181524,91.3317929,331.0595159,2460670.678,0.966063,1249.557516,3.421102029,3.593,Asteroid,MBA,N,N
 35556 (1998 FC122),35556,2.091176105,3.145130253,2.618153179,0.201278167,4.870523717,137.3212639,297.2192815,2459775.132,1.11038,1547.358714,4.236437273,3.372,Asteroid,MBA,N,N
448445 (2010 BU74),448445,2.164459302,2.904090317,2.53427481,0.145925574,10.58238855,282.9114749,335.1962229,2459865.845,1.15286,1473.597877,4.034491106,3.411,Asteroid,MBA,N,N
 31364 (1998 WM6),31364,2.018447409,2.311097922,2.164772665,0.067593821,2.568194904,92.89072998,200.7480806,2460037.276,1.00192,1163.367347,3.185126207,3.689,Asteroid,MBA,N,N
385652 (2005 RU21),385652,2.870184235,3.497771872,3.183978053,0.098554014,12.38037477,169.1467895,113.2321503,2459528.237,1.88223,2075.169259,5.681503789,3.155,Asteroid,MBA,N,N
536478 (2015 DL151),536478,2.390188385,3.129782647,2.759985516,0.133985171,10.87789196,105.0636803,187.3437723,2460985.389,1.37375,1674.783337,4.585306877,3.303,Asteroid,MBA,N,N
298141 (2002 ST4),298141,2.090195713,3.404144865,2.747170289,0.239145923,10.01989173,192.6125756,185.4285529,2460878.03,1.0914,1663.1323,4.553408077,3.284,Asteroid,MBA,N,N
623284 (2015 TY211),623284,2.738581514,3.294764846,3.01667318,0.092184884,10.85473273,206.6387732,159.463181,2461123.239,1.74018,1913.774749,5.239629704,3.214,Asteroid,MBA,N,N
 44766 (1999 TM123),44766,1.941548802,2.785312623,2.363430713,0.178504032,5.800799648,54.86171934,69.17247071,2459737.337,0.964716,1327.127777,3.633477829,3.521,Asteroid,MBA,N,N
431952 (2008 UD61),431952,2.487322955,3.076390183,2.781856569,0.105876636,2.81114503,334.0035725,41.75459143,2459747.212,1.48832,1694.730042,4.63991798,3.323,Asteroid,MBA,N,N
 34150 (2000 QK18),34150,1.903528193,2.482096599,2.192812396,0.131923827,3.420209995,181.0160505,79.05633414,2459886.644,0.891181,1186.04357,3.247210322,3.658,Asteroid,MBA,N,N
152881 (2000 AY257),152881,2.098157376,2.377399943,2.23777866,0.062392803,6.152311234,149.2463256,40.4228326,2460309.501,1.10242,1222.711843,3.347602582,3.627,Asteroid,MBA,N,N
259951 (2004 EK71),259951,2.260537699,2.93198053,2.596259114,0.129309672,9.297934268,177.0330334,296.1091419,2460497.916,1.29296,1527.989881,4.183408298,3.387,Asteroid,MBA,N,N
479479 (2014 AE14),479479,2.101473991,3.032371177,2.566922584,0.181325528,28.19734503,302.377583,90.78870655,2460820.863,1.29656,1502.164808,4.112703102,3.245,Asteroid,MBA,N,N
489979 (2008 SC112),489979,2.783273099,3.33200657,3.057639834,0.089731541,3.823138281,93.69923024,240.9839121,2460404.037,1.77511,1952.890615,5.346723107,3.225,Asteroid,MBA,N,N
323405 (2004 BQ55),323405,2.038685779,2.895148652,2.466917216,0.173589707,12.72431915,132.7982983,317.3204914,2459974.365,1.07203,1415.240637,3.874717693,3.432,Asteroid,MBA,N,N
524633 (2003 SP105),524633,1.954038963,2.876284994,2.415161979,0.190928401,0.966863163,359.9528329,31.9643506,2459827.667,0.959009,1370.938022,3.753423743,3.492,Asteroid,MBA,N,N
281536 (2008 TY174),281536,2.367898983,2.88437959,2.626139287,0.09833458,2.7327262,82.91165558,274.9324855,2460876.917,1.36503,1554.443932,4.255835543,3.394,Asteroid,MBA,N,N
142920 (2002 VG57),142920,2.316717863,2.951201244,2.633959553,0.120442886,13.81991426,53.51856148,41.75822276,2460586.818,1.34889,1561.392466,4.274859592,3.347,Asteroid,MBA,N,N
380099 (2013 TT8),380099,1.895901222,3.42247629,2.659188756,0.287037741,0.619552111,190.5061082,134.9769592,2459651.57,0.883521,1583.879638,4.336426112,3.326,Asteroid,MBA,N,N
425809 (2011 DK13),425809,2.323330573,3.216163472,2.769747023,0.161175893,3.120421276,288.1832327,175.349431,2460515.83,1.33886,1683.67624,4.609654319,3.317,Asteroid,MBA,N,N
413688 (2005 XF43),413688,2.670142333,2.874166084,2.772154209,0.036798774,4.039446251,40.05497406,129.265761,2460870.039,1.67581,1685.87164,4.615664997,3.332,Asteroid,MBA,N,N
525947 (2005 UQ114),525947,2.008282452,3.296508094,2.652395273,0.242841943,15.07804046,76.73190197,356.4076632,2460086.408,1.02227,1577.813962,4.319819198,3.299,Asteroid,MBA,N,N
273157 (2006 HO43),273157,2.980389222,3.135862074,3.058125648,0.025419631,9.463203552,230.175964,22.51094305,2459851.123,1.96812,1953.356062,5.347997431,3.213,Asteroid,MBA,N,N
 96031 (2004 PG33),96031,2.522471015,3.018841287,2.770656151,0.089576303,6.444977967,125.9306788,218.9470745,2460032.261,1.51741,1684.505271,4.611924081,3.322,Asteroid,MBA,N,N
176731 (2002 RZ48),176731,2.35363512,2.492279124,2.422957122,0.028610495,7.929603523,151.6431734,335.8256739,2459915.981,1.36774,1377.580606,3.771610145,3.499,Asteroid,MBA,N,N
303702 (2005 OE27),303702,2.473585537,2.986014872,2.729800204,0.093858396,13.00737095,292.4630327,348.2486363,2460018.815,1.4578,1647.38353,4.510290295,3.311,Asteroid,MBA,N,N
 75403 (1999 XH102),75403,2.078448692,2.793416088,2.43593239,0.14675436,5.344372077,281.9404063,88.3031295,2459611.288,1.0855,1388.661107,3.801946904,3.484,Asteroid,MBA,N,N
485800 (2012 DL33),485800,2.726696887,3.392007215,3.059352051,0.108733862,27.06414268,357.0099091,317.7666468,2460611.669,1.75675,1954.531214,5.351214821,3.058,Asteroid,MBA,N,N
299999 (2006 UE30),299999,2.756293664,3.164207413,2.960250538,0.068898518,9.712178248,214.8878834,46.06591193,2460843.802,1.75131,1860.334885,5.093319329,3.241,Asteroid,MBA,N,N
109774 (2001 RG80),109774,2.1799128,2.894025953,2.536969377,0.140741382,19.51170789,14.5742826,43.19948082,2459683.499,1.21835,1475.948705,4.040927324,3.354,Asteroid,MBA,N,N
513810 (2013 CA225),513810,2.585571735,3.693285544,3.13942864,0.176419651,16.78880922,173.8974749,58.05350858,2460664.743,1.62059,2031.769098,5.562680624,3.121,Asteroid,MBA,N,N
 68536 (2001 VU115),68536,1.935691314,2.607218678,2.271454996,0.147818769,5.811945063,269.8107991,48.66626124,2460668.185,0.927339,1250.416316,3.423453295,3.591,Asteroid,MBA,N,N
166798 (2002 VK55),166798,2.636751403,3.597120178,3.116935791,0.154056554,7.864261416,157.733538,269.9523394,2460689.169,1.66434,2009.97294,5.503005996,3.184,Asteroid,MBA,N,N
290989 (2005 XO53),290989,2.55648259,3.060760852,2.808621721,0.089773261,2.810933261,301.6359334,14.39531751,2460162.959,1.5423,1719.247107,4.707042044,3.314,Asteroid,MBA,N,N
368714 (2005 TO106),368714,1.827505081,3.359100022,2.593302552,0.295298159,18.62474617,339.6052171,10.66166421,2459673.199,0.822477,1525.380562,4.176264374,3.285,Asteroid,MBA,N,N
315148 (2007 EJ183),315148,2.355139881,3.661738784,3.008439332,0.217155601,2.824117296,109.4623305,52.58303745,2459888.446,1.36349,1905.94478,5.218192417,3.212,Asteroid,MBA,N,N
122235 (2000 OT10),122235,2.009357782,3.346052935,2.677705358,0.249597132,3.421328759,295.9539564,34.27094806,2459844.726,0.998903,1600.451834,4.381798312,3.33,Asteroid,MBA,N,N
555785 (2014 ER4),555785,2.094164169,2.439390168,2.266777168,0.076149082,1.743258102,88.27174616,57.08480676,2460387.061,1.10531,1246.55565,3.412883366,3.611,Asteroid,MBA,N,N
296240 (2009 CE60),296240,1.976344048,3.172984687,2.574664368,0.232387696,12.38068351,348.9598718,62.57345306,2460632.511,1.01811,1508.965675,4.13132286,3.358,Asteroid,MBA,N,N
301088 (2008 UW339),301088,2.275925124,2.521530798,2.398727961,0.051194983,5.882632492,208.9807589,294.163302,2460530.642,1.29315,1356.96899,3.715178618,3.518,Asteroid,MBA,N,N
511895 (2015 HP15),511895,2.32029425,3.019205405,2.669749827,0.130894503,13.39462884,184.5892571,68.74343464,2460463.364,1.34554,1593.324659,4.362285172,3.331,Asteroid,MBA,N,N
  7276 Maymie (1983 RE),7276,1.854157499,2.533450555,2.193804027,0.154820815,5.527744474,289.3705564,338.4596784,2459655.234,0.838662,1186.848187,3.249413244,3.649,Asteroid,MBA,N,N
178449 (1999 FO15),178449,2.196650827,3.221550168,2.709100497,0.189158605,7.1270996,350.021527,93.97255297,2460789.189,1.22516,1628.681266,4.459086285,3.327,Asteroid,MBA,N,N
585464 (2018 RP36),585464,1.852680416,2.560601774,2.206641095,0.160407001,7.711535772,54.65140072,246.6556468,2460615.691,0.852746,1197.280694,3.277975891,3.632,Asteroid,MBA,N,N
485243 (2010 VO89),485243,2.841234474,3.262591782,3.051913128,0.069031668,7.127435342,250.9614954,191.1545845,2459511.041,1.85612,1947.406781,5.331709188,3.221,Asteroid,MBA,N,N
 53026 (1998 WV3),53026,1.785201391,2.530290517,2.157745954,0.172654506,3.367320507,302.7770825,39.61660741,2460215.598,0.777803,1157.707624,3.16963073,3.678,Asteroid,MBA,N,N
147604 (2004 GS34),147604,2.39861808,2.678712131,2.538665106,0.055165616,3.397437593,278.9227795,288.0968461,2460509.071,1.39495,1477.428755,4.044979479,3.442,Asteroid,MBA,N,N
464766 (2003 UJ62),464766,1.873214094,3.641653574,2.757433834,0.320667618,11.02994724,164.727545,202.3289536,2459591.21,0.875293,1672.4613,4.578949486,3.241,Asteroid,MBA,N,N
567389 (2001 KD88),567389,2.096587409,3.072500467,2.584543938,0.188797924,6.027169364,126.225672,337.9001526,2460336.78,1.11344,1517.659366,4.15512489,3.39,Asteroid,MBA,N,N
  8922 Kumanodake (1996 VQ30),8922,2.042229533,2.550626059,2.296427796,0.110692905,4.867278819,30.40318324,85.0740341,2460737.821,1.06401,1271.093855,3.480065312,3.582,Asteroid,MBA,N,N
613566 (2006 SN408),613566,1.778707327,3.356122879,2.567415103,0.307199165,5.497854838,135.3742861,191.2986823,2459891.292,0.766783,1502.597162,4.113886823,3.357,Asteroid,MBA,N,N
395058 (2009 FD4),395058,2.666934211,2.805082437,2.736008324,0.02524631,6.21877463,93.26200106,231.0527726,2460513.345,1.65739,1653.00645,4.525685012,3.343,Asteroid,MBA,N,N
323957 (2005 UA52),323957,2.598064401,3.081632593,2.839848497,0.085139787,9.785592745,253.1365774,123.8965442,2460581.369,1.6154,1747.999017,4.785760486,3.283,Asteroid,MBA,N,N
 82703 (2001 PC40),82703,2.899400716,3.251483111,3.075441914,0.057240944,8.898047777,223.2063788,57.01988518,2459682.771,1.89459,1969.970488,5.393485252,3.209,Asteroid,MBA,N,N
222411 (2001 FF130),222411,2.258254461,3.703001454,2.980627957,0.242356143,4.563550327,340.5131384,144.8223991,2459362.421,1.27401,1879.576831,5.146000906,3.21,Asteroid,MBA,N,N
206549 (2003 UW219),206549,2.382672801,2.872851791,2.627762296,0.093269279,3.93067618,0.771020723,62.42306743,2460837.542,1.39754,1555.885174,4.259781448,3.392,Asteroid,MBA,N,N
354217 (2002 GP58),354217,2.06758279,2.78254233,2.42506256,0.147410535,6.560061219,203.5153153,307.6773786,2460492.118,1.08385,1379.376577,3.776527246,3.487,Asteroid,MBA,N,N
 43960 (1997 CE27),43960,1.831340387,2.792307699,2.311824043,0.207837468,6.213550963,291.1401133,40.927073,2460199.473,0.825079,1283.898203,3.515121706,3.547,Asteroid,MBA,N,N
116846 (2004 FE49),116846,1.989379459,2.589540362,2.28945991,0.131070411,6.037983378,197.7706742,88.36877819,2459741.166,0.983787,1265.313063,3.464238366,3.581,Asteroid,MBA,N,N
145943 (1999 XG89),145943,2.016843576,2.590570438,2.303707007,0.124522532,7.435734434,96.29374921,312.6993267,2460337.132,1.03507,1277.142307,3.496625071,3.568,Asteroid,MBA,N,N
319481 (2006 QO9),319481,1.722869012,2.923429588,2.3231493,0.258390749,6.400225494,295.9969749,1.316859177,2460344.199,0.706417,1293.344167,3.540983345,3.523,Asteroid,MBA,N,N
571664 (2007 UK17),571664,2.006148542,2.693078668,2.349613605,0.146179381,7.532839538,20.51194942,313.9271241,2460833.601,1.00489,1315.506805,3.601661343,3.533,Asteroid,MBA,N,N
611996 (2007 MS5),611996,2.329880515,2.778482838,2.554181676,0.087817231,9.137904942,287.0355687,24.54552446,2460315.843,1.3176,1490.994716,4.082121057,3.415,Asteroid,MBA,N,N
 92102 (1999 XO47),92102,3.004548516,3.273836516,3.139192516,0.042891285,11.50310055,248.6014091,76.30499231,2461149.243,2.01715,2031.539881,5.562053062,3.178,Asteroid,MBA,N,N
268664 (2006 ED43),268664,2.866172893,3.398527498,3.132350196,0.084976866,18.11022727,146.7174495,358.4310848,2459677.714,1.87688,2024.901453,5.543878037,3.131,Asteroid,MBA,N,N
466024 (2011 HJ71),466024,2.54502446,3.563725495,3.054374978,0.166760965,11.70340472,72.98158354,24.95661839,2461010.485,1.56555,1949.763593,5.338161787,3.183,Asteroid,MBA,N,N
542425 (2013 CQ136),542425,1.844955378,2.852464748,2.348710063,0.214481427,23.55982174,135.6490098,60.5457791,2460395.598,0.937605,1314.748063,3.599584019,3.418,Asteroid,MBA,N,N
 55362 (2001 SM178),55362,2.355431185,2.904411647,2.629921416,0.104372028,14.9697167,194.535818,51.21569179,2460919.023,1.37225,1557.803174,4.265032646,3.345,Asteroid,MBA,N,N
243411 (2009 BA90),243411,2.87302023,3.49034982,3.181685025,0.097012995,0.680608353,214.8552964,350.2025642,2459337.818,1.86788,2072.927928,5.67536736,3.192,Asteroid,MBA,N,N
513818 (2013 EX9),513818,2.731186937,3.301781313,3.016484125,0.094579377,9.37042057,199.914962,286.6714133,2460063.233,1.76301,1913.594847,5.239137159,3.221,Asteroid,MBA,N,N
 54003 (2000 GN91),54003,2.237824714,3.377654656,2.807739685,0.202979989,17.12642785,66.12973464,262.0921075,2460714.033,1.3016,1718.437287,4.704824879,3.228,Asteroid,MBA,N,N
437509 (2013 YQ80),437509,2.563836016,2.983140773,2.773488395,0.075591583,3.050562994,318.5801019,66.90145956,2459679.879,1.56844,1687.088855,4.618997548,3.33,Asteroid,MBA,N,N
347273 (2011 KH37),347273,2.120600575,3.055573417,2.588086996,0.180630103,1.522132808,122.0769878,197.3529265,2460511.361,1.10703,1520.781192,4.163671983,3.397,Asteroid,MBA,N,N
109088 (2001 QL29),109088,1.883617124,3.289348347,2.586482735,0.271745719,3.909680151,8.895850879,24.6819166,2459792.044,0.889739,1519.367396,4.15980122,3.366,Asteroid,MBA,N,N
329906 (2005 JM107),329906,1.797709064,2.79075266,2.294230862,0.216421898,2.852481838,99.96555524,178.4014531,2459954.155,0.78061,1269.270257,3.475072572,3.563,Asteroid,MBA,N,N
225767 (2001 SL283),225767,2.0586301,2.774754721,2.416692411,0.148162136,0.720457412,268.4954442,207.2096173,2460757.358,1.07363,1372.241326,3.756991995,3.501,Asteroid,MBA,N,N
226240 (2002 XX31),226240,2.102145829,2.534610994,2.318378412,0.093268891,5.86097658,288.2026559,136.4808779,2460324.308,1.11924,1289.362138,3.530081144,3.567,Asteroid,MBA,N,N
378252 (2007 DP18),378252,2.033954276,3.515548167,2.774751221,0.266977789,16.2703674,154.0825653,111.1627761,2459575.149,1.08092,1688.241235,4.622152595,3.226,Asteroid,MBA,N,N
201777 Deronda (2003 WE98),201777,2.176317288,4.034336773,3.105327031,0.299166475,20.57379087,86.46168443,280.0492897,2460736.509,1.28316,1998.754444,5.472291428,3.056,Asteroid,MBA,N,N
182770 (2001 XZ223),182770,2.607697753,2.797581032,2.702639392,0.03512923,7.073891403,57.03858687,322.1904411,2460147.704,1.61406,1622.858224,4.443143666,3.355,Asteroid,MBA,N,N
578925 (2014 HG143),578925,2.672014191,3.383447266,3.027730728,0.117486187,7.923246955,184.3443189,189.0822021,2459497.768,1.67181,1924.306734,5.268464706,3.219,Asteroid,MBA,N,N
533759 (2014 OQ96),533759,1.725066179,2.819904601,2.27248539,0.24089009,4.403760566,334.8671793,11.40083789,2460655.449,0.717507,1251.267246,3.425783015,3.569,Asteroid,MBA,N,N
545474 (2011 LK6),545474,2.109453607,3.185049269,2.647251438,0.203153287,14.72473477,88.80996982,273.458551,2460830.552,1.16724,1573.226366,4.307259044,3.316,Asteroid,MBA,N,N
583560 (2016 JD25),583560,2.120486015,3.071060903,2.595773459,0.18310051,2.145940912,276.6113319,77.50095231,2459498.874,1.11607,1527.561163,4.182234532,3.392,Asteroid,MBA,N,N
320814 (2008 FU13),320814,2.476936644,3.025129654,2.751033149,0.099634025,8.083034665,352.693477,20.34266939,2460442.87,1.47748,1666.641387,4.563015432,3.324,Asteroid,MBA,N,N
155638 (2000 GD23),155638,1.80429236,2.779215261,2.291753811,0.212702363,3.506003759,25.43027261,318.802382,2459721.767,0.79807,1267.21519,3.469446105,3.565,Asteroid,MBA,N,N
572563 (2008 RG88),572563,2.313758514,3.037826257,2.675792385,0.135299687,5.007885893,286.7524713,93.39456257,2459568.34,1.32204,1598.737078,4.377103566,3.36,Asteroid,MBA,N,N
304707 (2006 WD195),304707,2.937120212,3.414918467,3.17601934,0.07521967,12.36737629,229.2898829,108.3631047,2459765.117,1.95929,2067.393442,5.660214762,3.16,Asteroid,MBA,N,N
  8499 (1990 SC13),8499,2.880335772,2.935041535,2.907688653,0.009407087,0.907499517,265.9769853,327.202272,2460215.877,1.86672,1811.007627,4.958268658,3.284,Asteroid,MBA,N,N
261503 (2005 WY30),261503,2.857282534,3.389115302,3.123198918,0.085142314,2.670337411,303.0168856,0.620129674,2461086.28,1.84139,2016.0342,5.519600821,3.208,Asteroid,MBA,N,N
196510 (2003 NR1),196510,2.171033206,3.239893045,2.705463125,0.197537314,8.355756649,299.3456321,355.1643483,2460949.368,1.15454,1625.402246,4.450108817,3.322,Asteroid,MBA,N,N
242550 (2005 EU47),242550,2.380634371,3.214172194,2.797403283,0.148984208,10.03310482,157.6206719,9.524897222,2460300.368,1.38724,1708.956653,4.678868318,3.288,Asteroid,MBA,N,N
264020 Stuttgart (2009 QS1),264020,2.186901335,2.719459355,2.453180345,0.108544409,6.683702779,356.2798739,123.7058793,2459803.701,1.20922,1403.436094,3.842398613,3.477,Asteroid,MBA,N,N
103214 (1999 XG260),103214,2.56362329,2.866875906,2.715249598,0.055842494,1.424814463,176.7190259,255.7396294,2459722.841,1.57746,1634.229568,4.47427671,3.358,Asteroid,MBA,N,N
294399 (2007 VD170),294399,2.868069737,3.177142667,3.022606202,0.051126893,10.34699003,62.37388587,231.3987894,2459482.499,1.86421,1919.42338,5.255094812,3.219,Asteroid,MBA,N,N
229574 (2006 AX95),229574,2.173114143,2.964159591,2.568636867,0.153981565,0.764628138,262.4016089,123.7417442,2460929.463,1.17653,1503.669858,4.116823705,3.414,Asteroid,MBA,N,N
454030 (2012 FE14),454030,2.137670975,3.576648653,2.857159814,0.251819599,8.47833728,92.95050653,117.33749,2459609.758,1.14654,1764.006685,4.829587091,3.24,Asteroid,MBA,N,N
142820 (2002 UU49),142820,1.781693589,3.584508249,2.683100919,0.335957296,7.93801019,3.487616467,22.44779438,2460515.171,0.787465,1605.291621,4.395048929,3.279,Asteroid,MBA,N,N
337897 (2001 XF51),337897,2.519501312,3.806825601,3.163163456,0.203486843,10.21352722,68.97851091,310.7158495,2460307.781,1.53635,2054.853568,5.625882459,3.148,Asteroid,MBA,N,N
123053 (2000 SV297),123053,2.115689523,3.174435239,2.645062381,0.200136247,10.56689941,218.7948421,225.3686521,2459899.362,1.14432,1571.275378,4.301917531,3.341,Asteroid,MBA,N,N
574345 (2010 JE112),574345,2.056989207,2.552922871,2.304956039,0.107579853,6.0719183,229.660055,54.30635666,2460589.224,1.04699,1278.181116,3.499469176,3.573,Asteroid,MBA,N,N
182874 (2002 CC230),182874,2.740087303,3.614034447,3.177060875,0.137540195,4.830635426,329.8861597,309.1495558,2459209.624,1.72638,2068.410489,5.662999285,3.18,Asteroid,MBA,N,N
559336 (2015 CV20),559336,2.680197182,3.502642489,3.091419835,0.133020643,0.415757019,291.1900167,205.5486411,2460964.175,1.69254,1985.342367,5.435571163,3.211,Asteroid,MBA,N,N
 79146 (1992 JP3),79146,2.092111106,2.972812727,2.532461916,0.173882501,7.987531322,41.95790818,198.7102192,2460565.249,1.0809,1472.016952,4.030162771,3.415,Asteroid,MBA,N,N
213456 (2002 CP119),213456,1.973680351,2.414060728,2.19387054,0.100366081,2.658610841,203.2598546,341.4173623,2460767.646,0.974198,1186.902163,3.249561021,3.662,Asteroid,MBA,N,N
565040 (2017 BL19),565040,2.085726904,2.719128779,2.402427842,0.131825369,6.026059385,123.6621481,355.3179333,2460437.95,1.10044,1360.109754,3.723777561,3.506,Asteroid,MBA,N,N
446575 (2014 OQ133),446575,3.022718494,3.18010166,3.101410077,0.02537284,4.180623179,86.82679721,295.1848012,2459288.819,2.02729,1994.973896,5.46194085,3.217,Asteroid,MBA,N,N
  7015 Schopenhauer (1990 QC8),7015,1.934580347,2.716530446,2.325555396,0.168121151,5.472211783,140.8470343,24.96103196,2460474.89,0.942428,1295.353971,3.546485888,3.549,Asteroid,MBA,N,N
299614 (2006 HB98),299614,2.388600024,2.70242964,2.545514832,0.061643643,1.993399171,4.749854348,233.4755885,2459844.731,1.37622,1483.412296,4.061361523,3.439,Asteroid,MBA,N,N
482883 (2014 EK48),482883,1.994848743,2.456581237,2.22571499,0.103726779,7.135363907,65.09916446,10.35819336,2460086.745,1.00897,1212.837881,3.320569147,3.629,Asteroid,MBA,N,N
198551 (2004 XN133),198551,2.197695476,2.980215196,2.588955336,0.151126539,5.317556961,340.9137656,336.5010812,2460569.785,1.18515,1521.546622,4.165767615,3.398,Asteroid,MBA,N,N
195065 (2002 CA91),195065,2.047967199,2.853861254,2.450914227,0.164406825,1.927039982,57.57527689,3.173760623,2460458.261,1.05957,1401.491913,3.837075736,3.476,Asteroid,MBA,N,N
474788 (2005 QE151),474788,2.604770699,3.657137256,3.130953977,0.168058452,9.423786736,2.407036208,351.9430041,2459677.064,1.59989,2023.54773,5.540171745,3.171,Asteroid,MBA,N,N
383735 (2007 VA11),383735,2.563301929,3.793564907,3.178433418,0.193532916,29.35823676,53.83784635,2.09126427,2460619.169,1.57402,2069.751015,5.666669445,2.974,Asteroid,MBA,N,N
446927 (2002 VH102),446927,1.994639653,3.293682862,2.644161258,0.245643719,25.20734078,233.8844874,122.3852106,2460299.613,1.08573,1570.47249,4.299719344,3.218,Asteroid,MBA,N,N
 14608 (1998 SN135),14608,2.245970514,2.501858864,2.373914689,0.053895861,7.731825299,40.20601758,358.548376,2460514.739,1.25237,1335.968101,3.657681316,3.529,Asteroid,MBA,N,N
535588 (2015 BP69),535588,2.162575382,2.737913426,2.450244404,0.117404215,7.833376565,167.737873,13.6700416,2460012.778,1.1655,1400.917421,3.835502864,3.474,Asteroid,MBA,N,N
559508 (2015 DK55),559508,2.792020435,3.29845711,3.045238773,0.083152211,9.244169555,319.4847683,80.84773456,2460421.157,1.81759,1941.021978,5.31422855,3.214,Asteroid,MBA,N,N
308334 (2005 NN99),308334,2.429759212,3.67041739,3.050088301,0.203380698,7.326614259,221.1586235,116.3729414,2459515.435,1.43145,1945.660426,5.326927929,3.193,Asteroid,MBA,N,N
570506 (2006 SB228),570506,2.828451461,3.146060811,2.987256136,0.053160716,8.716707316,214.4729313,345.8607156,2460685.573,1.82448,1885.849885,5.163175592,3.238,Asteroid,MBA,N,N
476249 (2007 VV77),476249,2.757726557,2.856293839,2.807010198,0.017557343,6.875746268,59.51892654,4.163778395,2459629.858,1.76898,1717.767622,4.702991435,3.312,Asteroid,MBA,N,N
462718 (2009 WO239),462718,2.054746615,4.054906065,3.05482634,0.327376948,4.34155424,69.25441491,1.698358035,2461019.653,1.0681,1950.1958,5.339345106,3.147,Asteroid,MBA,N,N
596900 (2006 HD122),596900,1.96917047,3.371508722,2.670339596,0.262576763,14.71169691,159.9289395,169.9322235,2460521.319,0.959814,1593.852655,4.363730746,3.286,Asteroid,MBA,N,N
622396 (2013 TZ6),622396,1.809174382,2.826039132,2.317606757,0.21937819,4.411450855,314.0527816,37.56567546,2460400.248,0.804961,1288.71846,3.528318851,3.544,Asteroid,MBA,N,N
 18796 Acosta (1999 JH64),18796,1.923076318,2.647060011,2.285068165,0.158416214,5.750782856,63.58961716,161.460941,2460098.946,0.913597,1261.674038,3.454275259,3.579,Asteroid,MBA,N,N
379414 (2010 AU67),379414,2.536391927,2.983067023,2.759729475,0.080927334,5.821259328,96.95150936,304.3404814,2460014.204,1.54967,1674.550291,4.584668831,3.33,Asteroid,MBA,N,N
161359 (2003 SU164),161359,2.423279276,2.932875995,2.678077635,0.09514226,4.150614926,56.57682913,290.7268492,2460788.66,1.41976,1600.785607,4.382712135,3.368,Asteroid,MBA,N,N
 60116 (1999 TW222),60116,2.770714571,3.218215251,2.994464911,0.07472131,11.18883133,109.5290027,332.6451643,2459257.366,1.79072,1892.680333,5.181876341,3.222,Asteroid,MBA,N,N
310851 (2003 BP1),310851,1.984860919,3.447054928,2.715957923,0.269185689,34.0860222,109.2235235,54.33178818,2459432.798,1.1068,1634.86909,4.476027626,3.068,Asteroid,MBA,N,N
580138 (2015 BW33),580138,1.986747047,3.279948531,2.633347789,0.245543238,5.283581127,98.73228228,197.6853895,2460864.748,0.970953,1560.848523,4.273370358,3.349,Asteroid,MBA,N,N
305219 (2007 WM59),305219,2.761927367,3.188862001,2.975394684,0.071744202,8.782821256,311.7664268,92.91622779,2459683.136,1.78792,1874.62887,5.132454127,3.24,Asteroid,MBA,N,N
260283 (2004 TS38),260283,2.701928067,3.519777906,3.110852987,0.131451059,28.74465745,23.63645791,191.4672952,2460394.133,1.69966,2004.092018,5.486904909,3.017,Asteroid,MBA,N,N
349980 (2010 EH110),349980,2.027322427,2.474537631,2.250930029,0.099340095,1.913404134,352.1017803,150.5632174,2460092.4,1.03864,1233.506435,3.377156563,3.62,Asteroid,MBA,N,N
 87560 (2000 RE4),87560,2.071072857,3.029948252,2.550510554,0.187977147,3.578644511,156.2538164,242.0569952,2460793.56,1.08039,1487.781364,4.073323378,3.413,Asteroid,MBA,N,N
407824 (2012 BF5),407824,2.323535164,2.880044824,2.601789994,0.106947459,6.111450091,112.1416446,210.1099694,2459890.473,1.31235,1532.875156,4.196783454,3.398,Asteroid,MBA,N,N
316097 (2009 OW),316097,2.631626712,3.722563515,3.177095113,0.171687778,4.774279882,335.0209516,343.9374306,2461216.397,1.61846,2068.443925,5.663090827,3.172,Asteroid,MBA,N,N
 47610 (2000 AY254),47610,2.252558981,2.796026756,2.524292869,0.107647528,1.525723943,291.4928118,37.97149777,2459820.842,1.24097,1464.900197,4.010678158,3.446,Asteroid,MBA,N,N
533112 (2014 BX69),533112,2.756316058,3.172585868,2.964450963,0.070210271,10.71102733,321.7220015,26.27857035,2459673.372,1.75164,1864.295851,5.104163862,3.235,Asteroid,MBA,N,N
 67379 (2000 OB6),67379,2.615221218,3.514651017,3.064936117,0.146728963,13.12022805,294.3886994,91.94143883,2459889.915,1.66013,1959.884902,5.36587242,3.176,Asteroid,MBA,N,N
370706 (2004 PN46),370706,2.211871501,3.152907324,2.682389412,0.175409994,10.73001436,312.2651205,30.78369189,2459698.913,1.2095,1604.653125,4.393300821,3.329,Asteroid,MBA,N,N
 34911 (4288 P-L),34911,1.928878649,2.555985644,2.242432146,0.139827418,5.701159965,190.5550436,11.85289132,2459968.928,0.925171,1226.52779,3.358050076,3.614,Asteroid,MBA,N,N
561951 (2015 WB22),561951,2.439464215,2.928147088,2.683805652,0.091042895,12.20713415,100.8360266,239.8523722,2460059.715,1.4532,1605.924122,4.396780622,3.337,Asteroid,MBA,N,N
 98967 (2001 DT2),98967,2.684871815,3.522257519,3.103564667,0.134907082,2.630581064,127.680675,164.4243608,2460622.101,1.6682,1997.053158,5.467633562,3.205,Asteroid,MBA,N,N
526038 (2005 US314),526038,2.055061423,3.121607609,2.588334516,0.206029433,15.47976858,72.46205419,257.266824,2459559.572,1.10656,1520.999364,4.164269307,3.341,Asteroid,MBA,N,N
 42696 (1998 KO62),42696,2.104394471,2.653884422,2.379139447,0.115480821,4.563054617,301.1125186,307.9251492,2460383.101,1.09315,1340.381032,3.669763264,3.526,Asteroid,MBA,N,N
409471 (2005 SX48),409471,2.19841006,3.235424444,2.716917252,0.190843939,3.984910729,192.6099859,260.8011353,2460413.943,1.21798,1635.735368,4.478399365,3.33,Asteroid,MBA,N,N
291737 (2006 JT49),291737,1.935492896,2.720036421,2.327764659,0.168518652,3.731715793,235.6391177,334.1635995,2460313.98,0.929771,1297.200276,3.551540796,3.551,Asteroid,MBA,N,N
155983 (2001 QM250),155983,1.758297725,2.697170976,2.227734351,0.21072379,8.549122226,108.032049,178.4633123,2460528.777,0.741285,1214.488842,3.325089232,3.601,Asteroid,MBA,N,N
166664 (2002 TH49),166664,2.688028869,3.435985075,3.062006972,0.122134961,10.98055674,32.27235424,336.4094803,2460270.402,1.69153,1957.075993,5.358182049,3.194,Asteroid,MBA,N,N
 73213 (2002 JN22),73213,1.990901484,2.666922177,2.32891183,0.145136601,7.390137198,49.1894529,271.2334412,2460500.129,0.994415,1298.159325,3.55416653,3.547,Asteroid,MBA,N,N
393783 (2005 JL61),393783,2.190818098,3.297066457,2.743942278,0.201580108,11.72689898,220.4931836,83.97306954,2460375.659,1.2132,1660.201813,4.54538484,3.289,Asteroid,MBA,N,N
454536 (2014 OX317),454536,2.634626327,3.185197454,2.90991189,0.094602714,11.31874271,145.8679719,333.4732603,2459331.802,1.65363,1813.085086,4.96395643,3.248,Asteroid,MBA,N,N
572379 (2008 GO151),572379,2.650725124,3.396639169,3.023682147,0.123345313,7.428994856,348.1667457,117.5460609,2459936.216,1.67621,1920.448345,5.257901013,3.221,Asteroid,MBA,N,N
 87535 (2000 QY203),87535,2.389524035,3.390545188,2.890034612,0.173184977,4.586730508,108.312024,224.3637677,2460711.28,1.38102,1794.539379,4.913181052,3.264,Asteroid,MBA,N,N
 41400 (2000 AR185),41400,2.244790734,3.115384193,2.680087464,0.162418852,12.84442499,187.4894195,174.9186612,2460984.323,1.24212,1602.587968,4.387646731,3.322,Asteroid,MBA,N,N
482011 (2009 SK298),482011,1.866876915,2.575792903,2.221334909,0.159569812,4.929650927,323.0075202,64.50462837,2459972.099,0.876413,1209.259449,3.310771934,3.628,Asteroid,MBA,N,N
345022 (2005 EY77),345022,1.854972808,3.268309033,2.561640921,0.275865406,3.97887839,307.118076,133.4776022,2460718.03,0.872202,1497.530944,4.100016274,3.377,Asteroid,MBA,N,N
442815 (2013 AK46),442815,1.858535464,2.73170817,2.295121817,0.190223608,8.578334214,83.318925,263.2155912,2459812.377,0.874325,1270.009703,3.477097064,3.557,Asteroid,MBA,N,N
437624 (2014 BJ26),437624,2.604190544,2.89570865,2.749949597,0.053004263,5.324891997,116.708049,309.7436421,2459814.125,1.62098,1665.656821,4.560319839,3.338,Asteroid,MBA,N,N
150770 (2001 QX234),150770,2.012864024,2.792059686,2.402461855,0.162166084,4.174732597,152.1421536,188.5606963,2460293.531,1.00374,1360.138639,3.723856643,3.503,Asteroid,MBA,N,N
433068 (2012 TY28),433068,2.751451908,3.185616352,2.96853413,0.07312775,9.409718528,189.9644301,121.0989751,2459633.047,1.75211,1868.148935,5.114713031,3.239,Asteroid,MBA,N,N
300980 (2008 ED108),300980,2.814239145,3.563565732,3.188902439,0.117489732,28.04308316,190.2919953,294.9464285,2460580.294,1.91761,2079.985349,5.694689525,3.004,Asteroid,MBA,N,N
573490 (2009 FQ74),573490,2.538111769,3.855074587,3.196593178,0.205994749,15.22551211,155.5153079,35.76776486,2461200.603,1.55553,2087.514396,5.715302933,3.108,Asteroid,MBA,N,N
375050 (2007 LJ22),375050,2.383008082,3.316156755,2.849582419,0.163734284,15.62495057,128.7298596,254.3314239,2460138.145,1.4384,1756.993929,4.810387211,3.232,Asteroid,MBA,N,N
539671 (2016 TW34),539671,2.858724764,3.465013743,3.161869253,0.095875087,8.236169339,264.3115115,85.39396213,2459629.401,1.86736,2053.592587,5.622430081,3.182,Asteroid,MBA,N,N
239975 (2001 QS269),239975,1.885095281,2.666667537,2.275881409,0.171707597,3.341575566,228.4113701,122.3687086,2459689.576,0.881266,1254.073149,3.433465158,3.587,Asteroid,MBA,N,N
432621 (2010 VK25),432621,1.81754257,2.637952161,2.227747366,0.184134342,3.485258154,61.8205738,30.90860753,2460447.172,0.833908,1214.499485,3.325118372,3.62,Asteroid,MBA,N,N
156116 (2001 SC281),156116,2.023400735,2.838765385,2.43108306,0.167695762,0.795625004,231.7206725,173.7460195,2460561.069,1.03173,1384.516458,3.790599474,3.488,Asteroid,MBA,N,N
336719 (2010 CO149),336719,2.520207791,3.002299373,2.761253582,0.087295782,5.097308498,142.8900926,234.342152,2459653.106,1.52446,1675.93768,4.588467297,3.33,Asteroid,MBA,N,N
559491 (2015 DZ42),559491,2.799038155,3.357077011,3.078057583,0.090647891,11.76957878,111.6788129,133.1015267,2459416.415,1.79901,1972.484218,5.40036747,3.19,Asteroid,MBA,N,N
114703 North Dakota (2003 FA120),114703,2.696560343,3.141129463,2.918844903,0.076154975,3.031792175,64.20121169,193.3316538,2460351.378,1.68085,1821.440357,4.986831916,3.274,Asteroid,MBA,N,N
506999 (2008 TJ23),506999,2.127919262,3.144812861,2.636366061,0.192858953,2.570580362,184.6741111,242.2562341,2459653.469,1.14203,1563.532796,4.280719496,3.369,Asteroid,MBA,N,N
404159 (2013 CG58),404159,2.216500064,2.607078412,2.411789238,0.080972736,5.42745757,171.8345739,3.469503478,2460519.87,1.21968,1368.067281,3.745564082,3.509,Asteroid,MBA,N,N
596200 (2005 GV181),596200,1.956918903,2.774383284,2.365651093,0.172777884,3.12730539,67.03430471,133.6655556,2460117.021,0.954469,1328.998419,3.638599367,3.526,Asteroid,MBA,N,N
387741 (2003 HU5),387741,1.833809075,4.466543544,3.150176309,0.417870972,23.80910061,24.70726337,277.5491782,2461216.229,0.986367,2042.211505,5.591270376,2.945,Asteroid,MBA,N,N
466608 (2014 US209),466608,2.662456909,3.729915497,3.196186203,0.166989424,28.14992621,43.66147198,137.9750398,2459663.099,1.70636,2087.115751,5.714211501,2.991,Asteroid,MBA,N,N
189567 (2000 SW310),189567,2.044656048,3.140182142,2.592419095,0.211294172,14.30592804,314.4702159,10.52411259,2460808.313,1.03311,1524.601155,4.174130472,3.344,Asteroid,MBA,N,N
 84893 (2003 SM98),84893,2.785366706,3.359427165,3.072396936,0.093422248,6.876167106,255.3869347,280.4842289,2459722.028,1.79879,1967.045527,5.385477145,3.213,Asteroid,MBA,N,N
621451 (2008 VW84),621451,2.219176944,2.956789435,2.58798319,0.142507203,8.34645937,202.2164285,97.82017648,2460438.677,1.22233,1520.689697,4.163421483,3.392,Asteroid,MBA,N,N
 58710 (1998 CH3),58710,2.719327836,3.367357931,3.043342883,0.106466823,3.375053698,354.6851696,165.5534125,2460582.702,1.72668,1939.209613,5.309266565,3.228,Asteroid,MBA,N,N
300016 (2006 UO74),300016,2.769178305,3.479639703,3.124409004,0.113695326,3.793700095,263.895248,177.2110301,2460292.45,1.78374,2017.205984,5.522808992,3.202,Asteroid,MBA,N,N
452565 (2005 AW65),452565,2.073026809,2.747721737,2.410374273,0.139956466,2.982706123,136.4208473,312.2344647,2460131.22,1.0896,1366.863517,3.742268355,3.505,Asteroid,MBA,N,N
 73504 (2002 TO110),73504,2.31385098,3.016232897,2.665041938,0.131776898,14.27403637,79.90510976,103.4711807,2459637.961,1.36118,1589.111968,4.350751451,3.327,Asteroid,MBA,N,N
545797 (2011 UD87),545797,1.803907636,2.58233243,2.193120033,0.177469719,8.032400477,348.0183798,295.0498773,2460355.103,0.804831,1186.29317,3.247893688,3.638,Asteroid,MBA,N,N
128853 (2004 SH16),128853,2.01662801,2.634728409,2.325678209,0.132886054,7.942961289,111.2143318,202.8807473,2459624.129,1.00423,1295.456584,3.546766827,3.55,Asteroid,MBA,N,N
573174 (2008 YK75),573174,2.099955729,2.663566287,2.381761008,0.118318034,4.333090003,63.71508537,0.370777642,2460060.375,1.11212,1342.597081,3.675830474,3.524,Asteroid,MBA,N,N
462408 (2008 SQ302),462408,2.66029683,3.404765621,3.032531225,0.122747094,10.85435606,58.21869984,220.2244132,2459988.313,1.65416,1928.885059,5.280999476,3.204,Asteroid,MBA,N,N
 66411 (1999 NB7),66411,2.237369657,2.943846385,2.590608021,0.136353459,12.06510159,297.762507,163.3771461,2459610.184,1.25534,1523.003796,4.16975714,3.376,Asteroid,MBA,N,N
237754 (2001 YE19),237754,2.894264986,3.37537682,3.134820903,0.076736734,14.18884874,282.2872798,9.756251031,2459438.837,1.87824,2027.297701,5.550438606,3.16,Asteroid,MBA,N,N
166390 (2002 NE9),166390,2.397780766,2.840522895,2.61915183,0.084520134,13.20104682,295.9573214,316.7216433,2460077.94,1.39766,1548.24412,4.238861382,3.363,Asteroid,MBA,N,N
248751 (2006 RM6),248751,2.196350649,3.030116639,2.613233644,0.15952764,14.19557907,196.4932924,109.7162186,2459961.576,1.22909,1542.99951,4.224502424,3.348,Asteroid,MBA,N,N
261579 (2005 XX3),261579,2.514972942,2.934055007,2.724513975,0.076909509,4.602564009,219.9383152,135.4291495,2459968.937,1.51241,1642.600636,4.497195444,3.348,Asteroid,MBA,N,N
304314 (2006 ST164),304314,2.703598088,2.784681916,2.744140002,0.014773996,3.535156516,282.8583825,327.4818895,2460135.971,1.68857,1660.381263,4.545876149,3.346,Asteroid,MBA,N,N
550918 (2012 UJ35),550918,2.994266496,3.35982235,3.177044423,0.057530806,8.605099376,229.4608215,80.6419607,2459858.939,1.99539,2068.394422,5.662955296,3.18,Asteroid,MBA,N,N
615971 (2004 WW5),615971,2.60151377,3.332474381,2.966994076,0.123182014,3.879159521,216.137737,185.0208558,2460745.646,1.60877,1866.69535,5.110733333,3.249,Asteroid,MBA,N,N
  8371 Goven (1991 TJ14),8371,2.555043324,2.880038873,2.717541098,0.059795885,3.890552308,115.7925132,202.6138033,2459793.182,1.54145,1636.298786,4.479941918,3.354,Asteroid,MBA,N,N
389963 (2012 TP199),389963,2.87427263,3.376028655,3.125150642,0.080277094,4.109346881,135.0447833,324.0983457,2460716.64,1.8911,2017.924261,5.524775526,3.206,Asteroid,MBA,N,N
603660 (2015 FF208),603660,2.142073181,2.938791001,2.540432091,0.156807541,3.579352976,201.0770709,322.1452032,2460016.814,1.14978,1478.971524,4.04920335,3.426,Asteroid,MBA,N,N
112885 (2002 QP43),112885,1.795250419,2.876823346,2.336036882,0.231497399,3.350456479,83.77828906,257.9649524,2460374.796,0.790071,1304.121245,3.570489377,3.529,Asteroid,MBA,N,N
483309 (2015 VC62),483309,2.55312178,3.804939575,3.179030677,0.196886712,10.727043,50.39758376,274.6180254,2461186.767,1.56954,2070.334432,5.668266756,3.143,Asteroid,MBA,N,N
460645 (2014 UF121),460645,2.686947944,3.295173669,2.991060806,0.101673915,0.793041963,209.5275526,193.9076997,2460743.634,1.69472,1889.453855,5.173042725,3.248,Asteroid,MBA,N,N
490205 (2008 UO355),490205,1.764252109,3.065505847,2.414878978,0.269424213,2.36124612,142.3938392,331.947086,2460369.324,0.77972,1370.697066,3.752764042,3.466,Asteroid,MBA,N,N
485640 (2011 VD23),485640,2.454501525,2.839002101,2.646751813,0.072636311,15.42320504,99.25143515,334.2362514,2460718.01,1.47616,1572.781006,4.306039715,3.337,Asteroid,MBA,N,N
478513 (2012 SR36),478513,2.04474908,2.747440705,2.396094893,0.146632679,6.438807008,356.8771668,266.6594252,2459954.319,1.041,1354.735299,3.709063106,3.506,Asteroid,MBA,N,N
621263 (2008 FG149),621263,2.029721348,2.784351206,2.407036277,0.156754982,6.605195105,175.4890355,103.1291176,2460224.789,1.02528,1364.025157,3.734497351,3.496,Asteroid,MBA,N,N
579299 (2014 QZ119),579299,1.883003757,2.773353187,2.328178472,0.191211593,1.632887538,162.759239,239.0561092,2459650.469,0.891042,1297.546201,3.552487888,3.548,Asteroid,MBA,N,N
368144 (2013 LZ15),368144,1.835111374,3.13135787,2.483234622,0.260999602,19.03140978,298.1070475,17.19945324,2460825.334,0.826419,1429.30548,3.913225134,3.356,Asteroid,MBA,N,N
342722 (2008 WJ23),342722,2.436191312,2.954729914,2.695460613,0.096187382,2.67334438,87.10864153,265.3961512,2459401.124,1.43172,1616.39654,4.425452539,3.362,Asteroid,MBA,N,N
318462 (2005 EN24),318462,2.06566954,2.499573602,2.282621571,0.095045116,5.545067202,126.0711496,69.81830091,2459819.207,1.07132,1259.648293,3.44872907,3.592,Asteroid,MBA,N,N
 64626 (2001 XQ42),64626,2.075430502,2.539551564,2.307491033,0.100568335,7.165764416,339.1843556,305.0834352,2460690.791,1.06826,1280.290314,3.505243844,3.57,Asteroid,MBA,N,N
 69734 (1998 KF1),69734,2.15155878,2.7185865,2.43507264,0.116429323,2.302475056,208.0131981,337.6981291,2460530.855,1.15195,1387.92599,3.799934265,3.495,Asteroid,MBA,N,N
271837 (2004 TH197),271837,2.536704291,3.097476556,2.817090424,0.099530399,5.150846297,23.64680364,49.49697611,2460366.478,1.55372,1727.028911,4.728347463,3.305,Asteroid,MBA,N,N
326262 (2012 EP1),326262,2.669910886,3.522135102,3.096022994,0.137632088,0.323314646,3.270913518,136.4198871,2459907.353,1.68174,1989.778313,5.44771612,3.209,Asteroid,MBA,N,N
595672 (2003 SP444),595672,2.303235462,3.000690162,2.651962812,0.131497828,2.309978648,150.7447694,218.3343886,2460857.105,1.30212,1577.428094,4.31876275,3.376,Asteroid,MBA,N,N
 49996 (2000 AP11),49996,1.900435907,2.623053479,2.261744693,0.159747821,3.997721709,36.80564884,6.592905411,2460134.05,0.908243,1242.406735,3.401524256,3.599,Asteroid,MBA,N,N
128547 (2004 PN72),128547,2.009402436,2.810149834,2.409776135,0.166145599,1.995267718,63.31269148,301.3429088,2460194.54,1.00756,1366.354764,3.740875467,3.501,Asteroid,MBA,N,N
238658 (2005 EP109),238658,2.611185412,2.792166961,2.701676187,0.033494308,5.83655607,150.7873019,358.2938566,2459891.891,1.62051,1621.990735,4.44076861,3.359,Asteroid,MBA,N,N
420844 (2013 JC44),420844,1.771640092,3.327740836,2.549690464,0.305154835,11.74042503,16.88801876,275.1633631,2459533.908,0.802812,1487.063851,4.071358934,3.346,Asteroid,MBA,N,N
487232 (2014 PG8),487232,2.227751728,3.079373111,2.653562419,0.160467562,6.324278297,147.5912943,206.5822828,2460171.19,1.22374,1578.855516,4.322670817,3.362,Asteroid,MBA,N,N
226200 (2002 UJ21),226200,2.128476878,2.392424216,2.260450547,0.058383789,7.267204103,42.01563234,54.40795109,2460201.75,1.15244,1241.340549,3.3986052,3.607,Asteroid,MBA,N,N
352677 (2008 RQ107),352677,1.889358536,2.937250603,2.41330457,0.217107298,6.315573651,347.9942068,48.52397833,2460271.486,0.901778,1369.356822,3.749094653,3.478,Asteroid,MBA,N,N
240600 (2004 VB22),240600,2.458578346,2.830223888,2.644401117,0.070270266,5.013943491,78.27207714,303.1403411,2459463.082,1.46518,1570.686188,4.300304417,3.385,Asteroid,MBA,N,N
357660 (2005 JS86),357660,2.129101282,3.094765974,2.611933628,0.184856285,15.5197553,153.0888936,112.1705369,2459736.602,1.16642,1541.84825,4.221350444,3.334,Asteroid,MBA,N,N
307534 (2003 BN67),307534,2.298878357,3.273278179,2.786078268,0.174869427,4.238070275,93.13504456,344.8529338,2460991.762,1.31347,1698.589347,4.650484181,3.305,Asteroid,MBA,N,N
351563 (2005 UU60),351563,1.962062223,2.434623209,2.198342716,0.107481191,4.653478755,51.10933631,175.7206503,2460214.592,0.951349,1190.533239,3.259502365,3.655,Asteroid,MBA,N,N
286695 (2002 FL17),286695,2.597400578,3.028504103,2.81295234,0.076628302,6.360805397,142.9741964,215.9188686,2460301.258,1.59518,1723.225005,4.717932936,3.307,Asteroid,MBA,N,N
431189 (2006 SH83),431189,3.098557076,3.21250854,3.155532808,0.01805582,22.11148868,16.29782194,267.7170324,2459628.752,2.13804,2047.422524,5.605537369,3.092,Asteroid,MBA,N,N
310190 (2011 SV106),310190,2.840009743,3.437351792,3.138680768,0.09515814,7.214312714,282.2116001,82.99816744,2459810.18,1.84903,2031.043131,5.560693036,3.192,Asteroid,MBA,N,N
159505 (2000 WP77),159505,2.062220172,2.982207733,2.522213953,0.182376987,3.935636348,301.355015,23.30481341,2460349.485,1.05015,1463.090912,4.005724605,3.429,Asteroid,MBA,N,N
241941 (2002 CY135),241941,2.058774221,2.772507808,2.415641015,0.147731716,3.386121288,233.9140618,321.8045522,2460706.417,1.05735,1371.345921,3.754540509,3.499,Asteroid,MBA,N,N
289249 (2004 XT84),289249,2.041912158,2.864242193,2.453077175,0.167611937,1.980081423,195.2549641,269.7569208,2460410.431,1.05853,1403.347561,3.842156226,3.474,Asteroid,MBA,N,N
229999 (2000 DG42),229999,2.057520937,2.481044388,2.269282662,0.093316592,3.009673534,142.6174278,337.5926255,2460237.566,1.07237,1248.622968,3.418543377,3.606,Asteroid,MBA,N,N
181367 (2006 RF101),181367,2.435294807,3.777166977,3.106230892,0.215996849,11.16683138,222.786846,186.6193866,2460118.512,1.4448,1999.627168,5.474680815,3.155,Asteroid,MBA,N,N
 17366 (1979 OV4),17366,2.785083028,3.06026707,2.922675049,0.047077427,0.830093242,316.5976985,166.5746412,2459610.221,1.79925,1825.02671,4.996650814,3.277,Asteroid,MBA,N,N
308929 (2006 SE352),308929,2.299014181,3.20001375,2.749513966,0.163847062,7.001155228,235.7010801,103.2071279,2460549.733,1.30231,1665.261041,4.559236252,3.316,Asteroid,MBA,N,N
206100 (2002 RT180),206100,2.141976085,3.345876254,2.743926169,0.219375467,1.366881911,164.8633021,138.5248932,2460652.328,1.12634,1660.187193,4.545344814,3.313,Asteroid,MBA,N,N
163315 (2002 JT83),163315,2.291826541,3.116535166,2.704180853,0.152487698,11.42504021,41.9712247,255.9149563,2460799.058,1.30812,1624.246827,4.446945454,3.321,Asteroid,MBA,N,N
571073 (2007 BX96),571073,2.378846152,2.835205705,2.607025928,0.087524936,0.979591574,317.411873,228.4696781,2460497.495,1.37911,1537.504702,4.209458459,3.406,Asteroid,MBA,N,N
495394 (2014 QF263),495394,2.210822081,3.129592815,2.670207448,0.172041078,13.35503815,17.36294511,188.8672394,2459502.088,1.2071,1593.734343,4.363406826,3.322,Asteroid,MBA,N,N
106962 (2000 YO80),106962,1.718985101,2.800840375,2.259912738,0.239357754,2.313492168,268.7197953,116.6890777,2460442.943,0.723758,1240.897564,3.397392373,3.581,Asteroid,MBA,N,N
504545 (2008 SY131),504545,2.549505409,2.945255841,2.747380625,0.072023226,5.466994915,16.03627788,316.9812433,2459505.512,1.54232,1663.323309,4.553931032,3.337,Asteroid,MBA,N,N
 45070 (1999 XA36),45070,1.926960368,2.88945431,2.408207339,0.199836187,3.04237656,103.7546103,316.5898057,2459665.422,0.939944,1365.020709,3.737223022,3.492,Asteroid,MBA,N,N
154478 (2003 EJ10),154478,1.949933665,2.917830403,2.433882034,0.198838055,3.389740292,107.9900345,156.0444236,2459907.602,0.934052,1386.908195,3.797147692,3.476,Asteroid,MBA,N,N
623351 (2015 VR113),623351,2.315498536,3.895640367,3.105569451,0.254404523,11.36986906,224.8892501,199.1320553,2459357.134,1.3305,1998.988501,5.472932241,3.14,Asteroid,MBA,N,N
345094 (2005 MV35),345094,1.927784414,2.461623395,2.194703905,0.121619818,1.179329833,9.152191988,283.5606501,2460671.009,0.91144,1187.578513,3.251412768,3.66,Asteroid,MBA,N,N
214941 (2007 VO253),214941,1.937345988,2.695167136,2.316256562,0.16358748,4.179710341,152.9920873,237.4175751,2460774.933,0.945285,1287.592448,3.525235998,3.559,Asteroid,MBA,N,N
507196 (2010 TN17),507196,1.806942248,2.607082153,2.2070122,0.181272198,7.295245983,353.4039855,340.5661806,2460168.023,0.798581,1197.582739,3.278802845,3.628,Asteroid,MBA,N,N
 68929 (2002 OB4),68929,2.175960759,2.973103509,2.574532134,0.154813129,11.36341262,298.3503591,115.6543661,2460169.106,1.21451,1508.849426,4.13100459,3.384,Asteroid,MBA,N,N
 15549 (2000 FN),15549,1.752362227,2.681656949,2.217009588,0.209582928,7.132194498,127.1556796,175.2149479,2460345.856,0.736542,1205.729215,3.301106679,3.614,Asteroid,MBA,N,N
416209 (2002 TM375),416209,1.770533911,3.176154805,2.473344358,0.284153901,3.005619988,118.1972416,258.0686983,2459648.015,0.774125,1420.775,3.889869951,3.424,Asteroid,MBA,N,N
292202 (2006 SY34),292202,2.114650304,3.092970532,2.603810418,0.187863183,3.94705855,230.5711184,70.07439594,2459928.45,1.10251,1534.661037,4.201672929,3.385,Asteroid,MBA,N,N
156974 (2003 JO4),156974,2.2960738,2.850024722,2.573049261,0.107644834,5.147645926,59.58180239,145.4262872,2460283.628,1.29264,1507.546019,4.127436055,3.415,Asteroid,MBA,N,N
186275 (2002 AK31),186275,2.323298343,3.841206247,3.082252295,0.246233559,19.62145902,144.3537093,78.05170243,2460538.538,1.40842,1976.517681,5.41141049,3.093,Asteroid,MBA,N,N
514915 (2008 TO38),514915,2.027381515,3.051317242,2.539349379,0.201613794,3.434826054,266.9726937,206.0043778,2460921.708,1.04322,1478.026135,4.046615017,3.415,Asteroid,MBA,N,N
101940 (1999 RW23),101940,1.759996487,2.831093574,2.295545031,0.23329908,6.00225691,21.12277502,339.9365017,2460343.493,0.758097,1270.360998,3.478058857,3.551,Asteroid,MBA,N,N
 32242 Jagota (2000 OE40),32242,2.093206868,2.571145191,2.33217603,0.102466177,7.537328428,234.328133,327.1777319,2460475.665,1.09213,1300.889528,3.561641419,3.552,Asteroid,MBA,N,N
516378 (2017 RT3),516378,2.10498654,2.649658311,2.377322426,0.114555721,4.171270002,70.3368033,228.1028607,2460508.803,1.09131,1338.845791,3.665560002,3.528,Asteroid,MBA,N,N
 97554 (2000 DB65),97554,2.589486803,3.430235749,3.009861276,0.13966573,1.519272607,172.4285742,313.0550206,2460991.856,1.60377,1907.296211,5.221892434,3.234,Asteroid,MBA,N,N
261780 (2006 BE124),261780,2.661865364,3.661963913,3.161914639,0.15814762,0.425693424,43.94138089,353.7862071,2459360.215,1.66833,2053.636803,5.622551138,3.185,Asteroid,MBA,N,N
414341 (2008 SQ252),414341,2.587597836,3.746691162,3.167144499,0.182987124,2.369618616,160.3687724,232.9250159,2460994.948,1.59375,2058.734035,5.636506597,3.176,Asteroid,MBA,N,N
368759 (2005 VF49),368759,2.236493416,2.993708681,2.615101048,0.144777439,10.8926453,272.1472744,161.3607761,2459946.923,1.25329,1544.653736,4.229031446,3.367,Asteroid,MBA,N,N
 54785 (2001 MZ3),54785,1.990211712,2.642019497,2.316115604,0.14071141,6.488175458,269.0272863,61.93513022,2460016.784,0.988114,1287.474914,3.524914206,3.559,Asteroid,MBA,N,N
354863 (2006 AL23),354863,1.815354955,2.784210026,2.299782491,0.210640588,4.196849657,300.2356933,90.50786933,2459893.68,0.825833,1273.880154,3.487693781,3.559,Asteroid,MBA,N,N
303759 (2005 QG135),303759,2.395931931,3.707642577,3.051787254,0.214908599,1.213755656,77.85430995,212.9819128,2459242.197,1.37918,1947.286303,5.331379337,3.201,Asteroid,MBA,N,N
296162 (2009 BX126),296162,2.786475723,3.00535963,2.895917677,0.037791804,1.251311308,208.2756303,330.1296276,2460453.443,1.78812,1800.021716,4.928190873,3.287,Asteroid,MBA,N,N
335227 (2005 GW88),335227,2.919964251,3.326310546,3.123137399,0.065054182,8.030576971,209.9549489,205.0220286,2460704.022,1.93185,2015.974634,5.519437738,3.197,Asteroid,MBA,N,N
583665 (2016 LQ70),583665,2.724515681,3.478507822,3.101511752,0.121552359,11.57080502,260.6381127,27.42847902,2459488.01,1.71327,1995.072,5.462209444,3.179,Asteroid,MBA,N,N
  3545 Gaffey (1981 WK2),3545,2.711329215,3.029901101,2.870615158,0.055488435,2.97149053,61.23366522,255.6760404,2460601.1,1.69908,1776.482312,4.863743495,3.294,Asteroid,MBA,N,N
205696 (2001 YB139),205696,2.038066138,2.658285292,2.348175715,0.132064042,1.894964498,208.9919231,285.3008207,2460227.12,1.05172,1314.299417,3.598355693,3.547,Asteroid,MBA,N,N
392850 (2012 UA58),392850,2.482187168,2.965846146,2.724016657,0.088776803,5.442274514,25.81965325,64.18891422,2459693.853,1.50317,1642.15091,4.495964161,3.345,Asteroid,MBA,N,N
501801 (2014 WU24),501801,1.992625381,2.652524935,2.322575158,0.142062045,0.936603696,245.124021,160.3102378,2460829.683,1.00093,1292.864741,3.53967075,3.563,Asteroid,MBA,N,N
 18642 (1998 EF12),18642,1.935935169,2.650073401,2.293004285,0.155721085,4.932211524,36.69078012,122.8785745,2459740.157,0.948171,1268.252498,3.472286099,3.576,Asteroid,MBA,N,N
196496 (2003 LB3),196496,2.236446085,2.442288484,2.339367284,0.043995314,2.877751871,51.49731443,174.3416889,2460626.117,1.22553,1306.911095,3.578127571,3.562,Asteroid,MBA,N,N
160373 (2004 FU63),160373,2.015663076,2.746845925,2.3812545,0.153528917,2.435584763,83.24770929,165.9922805,2459957.715,1.00096,1342.168827,3.674657978,3.521,Asteroid,MBA,N,N
273114 (2006 FD35),273114,2.720407916,3.598431425,3.15941967,0.138953289,7.854029905,32.34778358,187.2091767,2460125.494,1.712,2051.206591,5.615897581,3.176,Asteroid,MBA,N,N
119176 (2001 QS55),119176,1.932586218,2.811859387,2.372222803,0.185326852,2.33820015,86.05499542,308.7341074,2460308.275,0.939358,1334.540141,3.653771775,3.519,Asteroid,MBA,N,N
527952 (2008 EH10),527952,2.357266849,3.820939527,3.089103188,0.236908997,9.775527953,139.2936856,123.8148175,2460842.779,1.35773,1983.111122,5.429462347,3.16,Asteroid,MBA,N,N
576783 (2012 UD171),576783,1.835034958,2.959786525,2.397410742,0.234576318,12.93313055,130.5423558,259.6532599,2460296.968,0.889323,1355.85141,3.712118851,3.457,Asteroid,MBA,N,N
591657 (2014 AU58),591657,2.247269387,3.208665581,2.727967484,0.17621108,15.77110688,135.1947222,27.49459325,2460075.457,1.26655,1645.724789,4.50574891,3.279,Asteroid,MBA,N,N
443948 (2002 XO32),443948,2.330319034,3.240954381,2.785636707,0.163451922,24.24550711,277.0742465,155.1283794,2459406.32,1.35949,1698.185553,4.649378652,3.184,Asteroid,MBA,N,N
477508 (2010 CK140),477508,2.444274545,3.15454869,2.799411617,0.126861327,8.765810179,70.71164806,141.0410614,2460378.439,1.44352,1710.797346,4.683907859,3.297,Asteroid,MBA,N,N
188397 (2004 ET4),188397,2.144563985,2.516732259,2.330648122,0.079842227,6.157396193,172.5954801,63.73623147,2459776.033,1.14107,1299.611336,3.558141919,3.559,Asteroid,MBA,N,N
408298 (2013 GH20),408298,2.621819929,3.600310583,3.111065256,0.157259744,2.200502163,86.27910466,204.1218061,2460817.467,1.60513,2004.297146,5.487466517,3.199,Asteroid,MBA,N,N
511285 (2014 DS42),511285,2.95355908,3.112747738,3.033153409,0.026241445,17.21335509,158.8370671,48.01741054,2460768.085,1.97291,1929.478712,5.28262481,3.174,Asteroid,MBA,N,N
157931 (1999 VC149),157931,2.539046571,3.528762708,3.03390464,0.163109302,5.449735541,211.3720346,238.7194425,2459364.874,1.55946,1930.195577,5.284587479,3.215,Asteroid,MBA,N,N
407164 (2009 UK29),407164,2.458683626,3.754739441,3.106711533,0.208589662,2.885248542,214.8865237,185.6523042,2461136.279,1.46591,2000.091303,5.475951548,3.184,Asteroid,MBA,N,N
614025 (2008 RB24),614025,2.048390454,4.107651669,3.078021061,0.334510579,8.968725557,311.4863072,58.75806244,2460679.809,1.0635,1972.449113,5.400271356,3.122,Asteroid,MBA,N,N
314222 (2005 NT123),314222,2.241097463,3.152906446,2.697001955,0.169041217,10.922115,315.5670472,349.8950558,2460010.166,1.22653,1617.783191,4.429248983,3.323,Asteroid,MBA,N,N
 11080 (1993 FO),11080,2.482054522,3.582518074,3.032286298,0.181457726,1.191858288,191.7747088,130.0649055,2459389.826,1.46911,1928.651379,5.280359696,3.217,Asteroid,MBA,N,N
599112 (2009 SJ207),599112,2.953105754,3.337610183,3.145357969,0.061122523,24.2641301,192.3258219,11.0733707,2460288.073,1.95255,2037.527811,5.578447122,3.069,Asteroid,MBA,N,N
258143 (2001 RV117),258143,2.325094163,2.904030031,2.614562097,0.110713735,2.441996216,161.3755839,160.4900127,2459783.887,1.31207,1544.176249,4.227724158,3.398,Asteroid,MBA,N,N
222302 (2000 SP281),222302,2.366076704,3.055532665,2.710804685,0.127168137,8.628530045,200.3546051,137.0090743,2459892.08,1.36565,1630.218315,4.463294498,3.335,Asteroid,MBA,N,N
568357 (2003 UH426),568357,2.272361436,3.25693276,2.764647098,0.178064557,9.929473702,334.3449979,331.4361046,2459379.85,1.26277,1679.028161,4.596928573,3.295,Asteroid,MBA,N,N
605711 (2016 SQ39),605711,2.17581433,2.711235654,2.443524992,0.109559208,14.93968138,10.90144199,14.3367572,2460508.217,1.17983,1395.158678,3.819736285,3.446,Asteroid,MBA,N,N
374138 (2004 TB136),374138,2.255077916,3.088648592,2.671863254,0.15599052,13.51699762,227.9980161,180.6774029,2459747.162,1.26421,1595.216994,4.367466103,3.324,Asteroid,MBA,N,N
281112 (2007 AN14),281112,1.923141413,2.407393063,2.165267238,0.111822606,2.081060051,272.3069837,158.2750073,2459801.762,0.936559,1163.766051,3.186217799,3.684,Asteroid,MBA,N,N
431956 (2008 UB75),431956,2.544552872,3.010684065,2.777618468,0.083908427,4.442070568,16.6286315,322.9008729,2459520.043,1.53707,1690.858689,4.629318792,3.325,Asteroid,MBA,N,N
226652 (2004 FT110),226652,1.933286294,2.745626374,2.339456334,0.173617278,4.286907293,224.3711888,350.56848,2459660.058,0.925664,1306.985719,3.578331878,3.541,Asteroid,MBA,N,N
355690 (2008 FR21),355690,2.908644552,3.322642486,3.115643519,0.066438592,7.206440069,110.4252251,335.6903794,2459999.435,1.92559,2008.723077,5.499584057,3.202,Asteroid,MBA,N,N
166958 (2003 MN8),166958,1.762844499,2.971167569,2.367006034,0.255242921,5.15418839,190.1454149,99.10943979,2460805.266,0.755322,1330.140369,3.641725858,3.497,Asteroid,MBA,N,N
407581 (2011 AW39),407581,2.757886924,3.251298558,3.004592741,0.08210957,4.005571607,51.23389274,40.09660283,2459271.044,1.77465,1902.290536,5.208187642,3.243,Asteroid,MBA,N,N
295929 (2008 XF2),295929,2.564675692,2.862306352,2.713491022,0.054842758,4.563923343,279.9776013,181.4398944,2459821.119,1.58021,1632.642172,4.469930656,3.355,Asteroid,MBA,N,N
593456 (2015 PZ88),593456,2.859714022,3.211610349,3.035662186,0.05796039,4.992748332,347.2858796,65.57812461,2459691.789,1.87376,1931.873068,5.289180199,3.233,Asteroid,MBA,N,N
591670 (2014 BX26),591670,2.43589103,3.116525065,2.776208048,0.122583399,6.325643235,136.397571,352.3840072,2460117.019,1.44954,1689.570974,4.625793222,3.315,Asteroid,MBA,N,N
387734 (2003 GV4),387734,2.217848579,3.918374728,3.068111653,0.277129117,20.99183188,193.8316896,79.41621574,2460860.206,1.31268,1962.931603,5.374213834,3.074,Asteroid,MBA,N,N
236130 (2005 TW24),236130,1.993847796,2.802277112,2.398062454,0.168558854,5.048496258,33.02606121,88.20564887,2460703.397,1.01586,1356.40431,3.713632609,3.503,Asteroid,MBA,N,N
 68757 (2002 EH86),68757,2.311402149,3.295171625,2.803286887,0.175467142,2.388695951,154.4484721,132.346655,2459586.375,1.29524,1714.351,4.693637235,3.3,Asteroid,MBA,N,N
162052 (1996 TB10),162052,1.906623422,2.893895812,2.400259617,0.205659501,1.648926141,195.6356108,145.5899127,2459782.787,0.897948,1358.268892,3.718737556,3.497,Asteroid,MBA,N,N
568473 (2004 CE131),568473,2.160436096,2.706642691,2.433539394,0.112224728,7.18751524,88.72876426,55.85183729,2459981.146,1.18131,1386.615333,3.796345881,3.487,Asteroid,MBA,N,N
241095 (2007 CT29),241095,2.431414121,3.700727697,3.066070909,0.206993513,12.97117167,134.2827436,264.4271221,2459621.597,1.47945,1960.973472,5.368852765,3.161,Asteroid,MBA,N,N
216735 (2005 JN23),216735,2.043635228,2.786480361,2.415057795,0.153794484,1.537918415,104.1106658,63.47537329,2460250.647,1.04961,1370.849315,3.753180876,3.5,Asteroid,MBA,N,N
249892 (2001 RU66),249892,2.138887195,3.38107457,2.759980882,0.225035504,8.030726192,319.3164423,96.80496379,2460693.611,1.16741,1674.77912,4.585295331,3.291,Asteroid,MBA,N,N
600860 (2012 QV53),600860,2.210768293,3.078535841,2.644652067,0.164060815,13.64044634,172.4654613,141.115489,2460776.586,1.21444,1570.909778,4.300916571,3.334,Asteroid,MBA,N,N
 39873 (1998 DC34),39873,2.077134155,2.683090499,2.380112327,0.127295745,2.57065306,5.43269344,242.2613949,2460517.121,1.06418,1341.203282,3.67201446,3.526,Asteroid,MBA,N,N
214580 (2006 QB50),214580,2.770524029,3.476177783,3.123350906,0.112964213,12.39616644,152.3391883,173.2767165,2459967.228,1.75877,2016.181365,5.520003736,3.17,Asteroid,MBA,N,N
194896 (2002 AW95),194896,1.917773171,2.872265484,2.395019328,0.199266098,2.652124341,27.19344754,57.51953574,2460339.429,0.934162,1353.823226,3.706565986,3.501,Asteroid,MBA,N,N
530251 (2011 BP169),530251,2.339164932,2.761806865,2.550485899,0.082855179,6.293405467,25.08271106,232.7423995,2460547.524,1.33018,1487.759791,4.073264314,3.427,Asteroid,MBA,N,N
147326 (2003 BF25),147326,2.508570097,3.057064557,2.782817327,0.098550209,9.080236029,194.7306985,341.3808518,2459583.864,1.51259,1695.608071,4.642321891,3.307,Asteroid,MBA,N,N
163464 (2002 RO169),163464,2.802034388,3.015248129,2.908641259,0.036651777,1.021282605,226.9273192,121.8975514,2459747.52,1.7944,1811.897673,4.960705471,3.283,Asteroid,MBA,N,N
340186 (2005 YX206),340186,1.986863651,2.848211607,2.417537629,0.178145718,1.33658124,258.4464789,150.5817193,2460421.96,0.996181,1372.961284,3.758963132,3.493,Asteroid,MBA,N,N
287778 (2003 SX93),287778,2.106357842,3.277180584,2.691769213,0.217482007,5.603074066,212.0217442,219.7724395,2459519.303,1.12312,1613.077224,4.416364748,3.33,Asteroid,MBA,N,N
239906 (2000 SQ161),239906,2.081971094,4.092087732,3.087029413,0.325574585,12.30285658,125.7599028,227.3728164,2459744.625,1.09667,1981.114506,5.42399591,3.109,Asteroid,MBA,N,N
 62498 (2000 SL228),62498,2.634201092,2.977060585,2.805630838,0.061102032,3.334363401,208.4470603,235.9539104,2460676.75,1.65073,1716.501616,4.6995253,3.318,Asteroid,MBA,N,N
366479 (2002 JU57),366479,1.862722976,2.785073659,2.323898318,0.198449019,1.18888542,57.65101462,131.6749781,2460074.123,0.862351,1293.969707,3.54269598,3.549,Asteroid,MBA,N,N
239684 (2008 YR80),239684,2.69852979,2.970021459,2.834275625,0.047894366,2.906995789,55.80710177,12.13077206,2459858.986,1.7112,1742.856175,4.771680152,3.308,Asteroid,MBA,N,N
237190 (2008 UU223),237190,2.661772622,3.067096516,2.864434569,0.070751118,3.30318058,96.34014848,304.5473788,2460052.52,1.6707,1770.748108,4.8480441,3.294,Asteroid,MBA,N,N
249172 (2008 CE40),249172,2.986432621,3.281461987,3.133947304,0.047069931,21.58580393,319.3619794,308.7669679,2459242.105,2.00194,2026.450321,5.548118607,3.102,Asteroid,MBA,N,N
231071 (2005 QG22),231071,1.848729103,2.824114943,2.336422023,0.208734944,2.844545322,118.6169375,269.436993,2460250.14,0.85524,1304.443772,3.571372408,3.536,Asteroid,MBA,N,N
 93277 (2000 SJ179),93277,2.202926993,2.983788931,2.593357962,0.150550358,12.90832816,226.7607383,179.9549555,2459484.596,1.21163,1525.429451,4.176398224,3.367,Asteroid,MBA,N,N
464283 (2016 AR26),464283,2.797995083,3.1229752,2.960485141,0.054886294,10.7882349,130.9297539,343.8683307,2461092.788,1.81417,1860.55604,5.093924818,3.237,Asteroid,MBA,N,N
 67465 (2000 QL209),67465,1.755637221,2.660637636,2.208137428,0.204923934,1.141209766,241.8329759,45.69572448,2460060.178,0.738873,1198.498723,3.281310673,3.631,Asteroid,MBA,N,N
160390 (2004 NQ8),160390,2.345976549,2.772204242,2.559090396,0.083277186,12.73348091,96.24744713,113.8176717,2460368.826,1.36795,1495.294952,4.093894462,3.397,Asteroid,MBA,N,N
321032 (2008 PL4),321032,2.822518048,3.370476608,3.096497328,0.088480386,9.633371662,358.1255652,288.4506658,2460517.293,1.82523,1990.235604,5.448968114,3.196,Asteroid,MBA,N,N
533374 (2014 GH19),533374,2.743572464,3.64429893,3.193935697,0.14100573,17.04017254,7.271002512,133.5855694,2460665.916,1.78133,2084.911762,5.708177308,3.112,Asteroid,MBA,N,N
 45636 (2000 EG12),45636,2.624657343,3.380584958,3.002621151,0.125877954,11.44825983,103.8078448,278.4889961,2460504.543,1.65827,1900.418441,5.203062125,3.21,Asteroid,MBA,N,N
259372 (2003 HR17),259372,2.615735925,2.906568928,2.761152426,0.052665148,3.908297478,72.11733464,197.4678579,2459690.069,1.59929,1675.845586,4.588215158,3.336,Asteroid,MBA,N,N
500737 (2012 XY128),500737,2.465599965,3.634684113,3.050142039,0.191644214,3.163517631,211.3310077,199.9052979,2460131.826,1.47555,1945.711846,5.327068708,3.207,Asteroid,MBA,N,N
307702 (2003 UJ73),307702,2.363750406,2.667215887,2.515483146,0.060319522,1.985344335,53.89864115,260.0136653,2459891.571,1.35008,1457.238191,3.98970073,3.456,Asteroid,MBA,N,N
294328 (2007 VP62),294328,2.451191346,3.331360944,2.891276145,0.152211265,4.47148768,42.26610795,259.048311,2461079.584,1.44013,1795.695881,4.916347381,3.269,Asteroid,MBA,N,N
 39178 (2000 WK157),39178,2.468682715,2.899727748,2.684205232,0.08029286,12.98795702,71.15378575,305.2450739,2459564.244,1.49626,1606.282784,4.397762584,3.334,Asteroid,MBA,N,N
101713 Marston (1999 DG4),101713,2.463865903,3.771239052,3.117552478,0.209679413,2.593212233,114.0368167,357.0767279,2461143.02,1.47913,2010.569481,5.504639235,3.181,Asteroid,MBA,N,N
 13503 (1988 RH6),13503,1.952179657,2.538085838,2.245132748,0.130483639,7.000795557,318.5328958,52.69052188,2459788.393,0.959129,1228.744152,3.364118142,3.61,Asteroid,MBA,N,N
 10978 Barbchen (4095 T-2),10978,2.650941016,3.514022194,3.082481605,0.139997783,15.54130558,177.9473722,108.4385478,2459428.328,1.68494,1976.738256,5.41201439,3.157,Asteroid,MBA,N,N
153320 (2001 OR13),153320,1.738831344,3.107382796,2.42310707,0.282395993,9.194942465,0.067857319,28.34283796,2460503.267,0.747851,1377.708488,3.771960267,3.44,Asteroid,MBA,N,N
458434 (2011 AJ46),458434,2.644710155,3.70697335,3.175841752,0.167241204,5.516132923,139.5174088,4.306750548,2459749.213,1.65585,2067.220047,5.659740033,3.172,Asteroid,MBA,N,N
185669 (1995 MN6),185669,1.905010145,3.380327493,2.642668819,0.279133983,19.4343958,92.20617999,219.8373647,2459475.93,0.923549,1569.14305,4.296079534,3.26,Asteroid,MBA,N,N
169550 (2002 EF106),169550,2.091878637,2.396722423,2.24430053,0.067915099,6.882401472,84.05966891,72.41129282,2459663.689,1.11258,1228.061015,3.362247817,3.619,Asteroid,MBA,N,N
 45402 (2000 AZ140),45402,2.308942621,2.834684284,2.571813453,0.102212247,14.66229331,151.1386162,193.2221717,2460027.46,1.30152,1506.460062,4.124462866,3.376,Asteroid,MBA,N,N
610337 (2006 AJ77),610337,2.192926737,2.867473975,2.530200356,0.133299175,4.174740047,358.0899319,53.85218681,2460897.711,1.20553,1470.045563,4.024765402,3.435,Asteroid,MBA,N,N
355293 (2007 RH160),355293,1.892688903,3.449365838,2.671027371,0.291400409,7.477990073,174.1645916,254.7025729,2460901.134,0.921573,1594.468465,4.365416743,3.307,Asteroid,MBA,N,N
115838 (2003 UX260),115838,2.224690927,2.943171913,2.58393142,0.139028648,15.14530402,78.53890148,295.3094526,2460519.629,1.27291,1517.119887,4.153647876,3.361,Asteroid,MBA,N,N
471818 (2012 WW16),471818,2.200128311,2.911365792,2.555747051,0.139144733,10.50655808,68.09067194,339.5592237,2460659.717,1.2129,1492.365599,4.08587433,3.401,Asteroid,MBA,N,N
460317 (2014 QE407),460317,2.635778338,3.097373509,2.866575923,0.080513334,1.846543167,7.111831793,357.730461,2460486.751,1.63283,1772.734106,4.853481467,3.294,Asteroid,MBA,N,N
435401 (2008 AZ8),435401,3.108931146,3.289869069,3.199400107,0.028276852,10.41052158,124.8290149,355.6874007,2460677.55,2.12332,2090.264571,5.7228325,3.168,Asteroid,MBA,N,N
 28466 (2000 AV243),28466,2.093047541,3.270490818,2.681769179,0.219527334,11.80599487,355.7578973,240.6736629,2459859.382,1.11099,1604.096606,4.391777154,3.311,Asteroid,MBA,N,N
557778 (2014 WD232),557778,2.487840205,3.760182612,3.124011408,0.203639206,18.02569819,45.65647799,37.20909694,2461115.668,1.52411,2016.820948,5.521754821,3.108,Asteroid,MBA,N,N
319867 (2006 WE73),319867,2.298343674,2.810788609,2.554566142,0.100299798,3.896190068,243.7015757,51.18044889,2459565.297,1.28413,1491.331374,4.083042776,3.428,Asteroid,MBA,N,N
461976 (2006 UQ345),461976,2.111563741,3.423426986,2.767495364,0.237012727,8.944439335,277.3229365,203.0266246,2460871.767,1.12947,1681.623547,4.604034351,3.28,Asteroid,MBA,N,N
403181 (2008 HM58),403181,2.115029842,3.857064371,2.986047106,0.291695755,1.185683774,308.2501552,332.2432593,2460466.263,1.09801,1884.705113,5.160041378,3.191,Asteroid,MBA,N,N
532497 (2013 TU22),532497,2.161848545,3.44766584,2.804757193,0.229220786,8.15682633,21.84926258,308.8572869,2459884.582,1.16226,1715.699926,4.697330392,3.27,Asteroid,MBA,N,N
 30382 (2000 JB81),30382,2.085792858,3.03529583,2.560544344,0.185410375,8.310480651,95.13485592,206.0026677,2460822.266,1.07302,1496.569462,4.097383879,3.396,Asteroid,MBA,N,N
127231 (2002 JM15),127231,2.371970597,3.251508962,2.81173978,0.156404652,8.567268664,176.2116001,350.282849,2460777.148,1.37794,1722.110896,4.714882673,3.286,Asteroid,MBA,N,N
 31292 (1998 FK66),31292,2.631166585,3.552361449,3.091764017,0.14897561,0.7850391,45.57376658,41.2896058,2460309.483,1.64627,1985.673933,5.436478939,3.207,Asteroid,MBA,N,N
474579 (2004 FA116),474579,2.258449934,3.302250439,2.780350187,0.187710259,17.35742767,30.71306808,120.691036,2459744.836,1.3147,1693.353678,4.6361497,3.242,Asteroid,MBA,N,N
400752 (2009 WE218),400752,2.921481362,3.409729727,3.165605544,0.077117689,9.677828328,174.594775,116.029056,2460864.195,1.92191,2057.23367,5.632398823,3.177,Asteroid,MBA,N,N
358813 (2008 EJ116),358813,2.857740539,3.097161206,2.977450873,0.040205645,2.688028586,152.6303084,124.8032288,2460604.611,1.8418,1876.572439,5.137775328,3.258,Asteroid,MBA,N,N
253431 (2003 QN63),253431,1.762994891,2.98197276,2.372483826,0.256899089,6.219574578,83.22189971,270.2725139,2459535.538,0.770853,1334.760412,3.654374845,3.491,Asteroid,MBA,N,N
 73285 (2002 JB64),73285,1.921677341,2.454915644,2.188296493,0.121838678,3.491864133,209.1911269,57.28770304,2460752.424,0.907911,1182.381629,3.237184473,3.663,Asteroid,MBA,N,N
314441 (2005 VO15),314441,2.345142722,3.81794768,3.081545201,0.238971825,18.65756299,199.700363,217.0395173,2459602.774,1.37875,1975.837576,5.409548464,3.105,Asteroid,MBA,N,N
110322 (2001 SR281),110322,2.259213042,3.032929563,2.646071302,0.146200996,13.54370867,227.0005295,112.3856209,2459890.069,1.29172,1572.174475,4.304379123,3.338,Asteroid,MBA,N,N
575881 (2011 WX143),575881,2.38285318,3.733075493,3.057964337,0.220771429,5.114401446,120.4493801,264.2019635,2459684.384,1.39253,1953.201509,5.347574289,3.191,Asteroid,MBA,N,N
158864 (2004 PE12),158864,2.035057711,2.652907106,2.343982409,0.131794802,7.006514243,131.9359863,228.4152097,2459898.923,1.03772,1310.780431,3.588721234,3.541,Asteroid,MBA,N,N
540188 (2017 QS55),540188,2.571255794,3.000803901,2.786029847,0.077089646,5.403161125,79.78002817,260.1144546,2459720.644,1.56859,1698.545066,4.650362946,3.32,Asteroid,MBA,N,N
331531 (2000 SO143),331531,2.385016034,2.910886481,2.647951258,0.099297607,9.494151494,227.4663644,153.2333055,2459744.355,1.39203,1573.850248,4.30896714,3.365,Asteroid,MBA,N,N
553753 (2011 UR468),553753,2.266422392,3.018908144,2.642665268,0.142372506,12.19755694,83.08618993,313.2376693,2460559.039,1.29273,1569.139887,4.296070875,3.348,Asteroid,MBA,N,N
190348 (1998 VE28),190348,2.156035877,3.691303605,2.923669741,0.262558337,9.648667456,261.005161,110.6057579,2460156.993,1.17864,1825.958473,4.999201843,3.206,Asteroid,MBA,N,N
339484 (2005 FH5),339484,2.121176411,3.315101417,2.718138914,0.219621779,6.969750186,9.440389059,108.0514781,2459812.935,1.14802,1636.838754,4.481420272,3.314,Asteroid,MBA,N,N
429801 (2012 JW1),429801,2.048266469,3.073270041,2.560768255,0.200135949,9.273389039,109.4183789,179.8465262,2460700.32,1.03133,1496.765771,4.097921344,3.389,Asteroid,MBA,N,N
338358 (2002 XB41),338358,2.337033763,3.906247566,3.121640665,0.251344401,16.49978379,72.24356976,269.966127,2460337.502,1.39946,2014.525602,5.515470506,3.104,Asteroid,MBA,N,N
548637 (2010 TR155),548637,2.480749598,2.758018474,2.619384036,0.052926351,4.857208027,58.68874422,208.829538,2459675.928,1.46552,1548.450018,4.2394251,3.398,Asteroid,MBA,N,N
182389 (2001 QY255),182389,1.997050145,2.930647601,2.463848873,0.189459156,2.778998049,41.36108779,259.5215348,2460525.445,0.983239,1412.601052,3.867490901,3.462,Asteroid,MBA,N,N
244774 (2003 SZ146),244774,1.993931554,2.690021817,2.341976686,0.148611698,5.62918509,248.3100495,100.2515131,2460682.741,0.996328,1309.098357,3.584115968,3.542,Asteroid,MBA,N,N
 41895 (2000 WJ121),41895,2.298605312,3.006119833,2.652362572,0.133374398,7.660461049,66.33637122,343.7858919,2459655.229,1.30948,1577.784783,4.31973931,3.364,Asteroid,MBA,N,N
603331 (2015 BK422),603331,2.06635688,2.584551355,2.325454118,0.11141791,2.143510841,168.1197089,355.573466,2459709.231,1.07264,1295.269352,3.546254215,3.565,Asteroid,MBA,N,N
307262 (2002 NN22),307262,2.099209959,3.026273212,2.562741585,0.180873339,6.923925672,134.8529672,168.6516345,2459951.236,1.08395,1498.496218,4.10265905,3.401,Asteroid,MBA,N,N
494881 (2008 SF36),494881,1.918355857,2.831153373,2.374754615,0.192187755,1.574509063,138.5697212,234.9487703,2460080.676,0.918604,1336.677191,3.6596227,3.517,Asteroid,MBA,N,N
232307 (2002 SN14),232307,2.651493666,3.144812904,2.898153285,0.085109239,2.743783311,54.40829063,263.9626828,2459568.377,1.63944,1802.106506,4.933898717,3.281,Asteroid,MBA,N,N
377296 (2004 FF79),377296,2.737631497,3.600500742,3.16906612,0.136139356,0.817365326,158.2797689,337.1900813,2461106.684,1.75021,2060.607981,5.641637182,3.188,Asteroid,MBA,N,N
485240 (2010 VO74),485240,2.512481914,3.807670482,3.160076198,0.204929958,23.69043691,241.2273955,135.7445402,2459531.546,1.56442,2051.845986,5.617648148,3.044,Asteroid,MBA,N,N
575622 (2011 UB225),575622,1.96773344,2.981898552,2.474815996,0.204897074,3.733461521,176.7679613,131.5082306,2459893.173,0.954988,1422.043228,3.893342172,3.45,Asteroid,MBA,N,N
318984 (2005 UZ353),318984,1.875999501,2.549225398,2.212612449,0.152133714,3.154969488,338.685261,46.80250286,2459640.033,0.880515,1202.143892,3.291290602,3.639,Asteroid,MBA,N,N
378788 (2008 SF71),378788,2.20895051,3.374274855,2.791612682,0.208718844,13.43083795,188.5139542,145.1837224,2459761.113,1.2136,1703.653112,4.664348013,3.257,Asteroid,MBA,N,N
 84852 (2003 AN38),84852,2.797209659,3.311292009,3.054250834,0.084158502,9.779624011,144.2583711,75.32335402,2460954.13,1.81002,1949.644723,5.337836339,3.208,Asteroid,MBA,N,N
104029 (2000 DG115),104029,2.691447941,2.90299223,2.797220086,0.037813308,2.799034448,326.5521973,168.4253803,2460098.154,1.70375,1708.788781,4.678408709,3.324,Asteroid,MBA,N,N
313885 (2004 HU37),313885,2.113712447,3.237112865,2.675412656,0.209948999,3.107823882,2.229346381,179.871881,2459406.031,1.11523,1598.396767,4.376171847,3.345,Asteroid,MBA,N,N
 93314 (2000 SC217),93314,2.271665789,2.965092493,2.618379141,0.132415259,22.042273,41.94855884,72.65221475,2459891.845,1.3777,1547.559037,4.236985728,3.291,Asteroid,MBA,N,N
431253 (2006 UK2),431253,1.892788554,2.794698641,2.343743597,0.192408011,3.251772148,48.29433796,12.54632032,2460673.699,0.904525,1310.580117,3.588172805,3.535,Asteroid,MBA,N,N
295243 (2008 GS26),295243,1.980809889,2.618554247,2.299682068,0.138659245,23.03138834,70.82653705,231.7881463,2460002.5,1.01797,1273.796717,3.487465343,3.474,Asteroid,MBA,N,N
423178 (2004 GA63),423178,2.887467946,3.391048262,3.139258104,0.080206899,2.023349116,35.8459939,166.7761806,2461210.159,1.88293,2031.603549,5.562227377,3.205,Asteroid,MBA,N,N
383863 (2008 QO29),383863,2.167616386,3.000310344,2.583963365,0.161127276,2.687686134,1.268895821,12.81582651,2460889.801,1.16758,1517.148021,4.153724902,3.403,Asteroid,MBA,N,N
450207 (2002 OC30),450207,2.145585078,3.013556492,2.579570785,0.168239503,12.22830766,274.174499,58.93247501,2460080.881,1.1617,1513.281077,4.143137787,3.374,Asteroid,MBA,N,N
436486 (2011 EU25),436486,2.037074105,3.253725456,2.64539978,0.229956047,6.038287821,72.62947253,101.4844898,2460320.184,1.05092,1571.576031,4.302740675,3.347,Asteroid,MBA,N,N
433478 (2013 WK4),433478,2.498452697,2.998051804,2.74825225,0.090893968,5.635840621,52.32383524,17.22630197,2459986.627,1.51196,1664.114923,4.556098352,3.334,Asteroid,MBA,N,N
400217 (2007 CT20),400217,3.042119341,3.315523924,3.178821632,0.043004077,12.95921465,137.8960908,310.9987889,2460119.372,2.07332,2070.130226,5.667707669,3.159,Asteroid,MBA,N,N
563630 (2016 DN11),563630,2.281014164,3.136501622,2.708757893,0.157911392,14.0190523,106.1000215,281.364746,2460253.364,1.33472,1628.372321,4.45824044,3.303,Asteroid,MBA,N,N
379482 (2010 EZ77),379482,2.881115292,3.213423655,3.047269474,0.054525595,3.94264037,65.38802204,319.4344253,2460302.192,1.88549,1942.963842,5.319545083,3.232,Asteroid,MBA,N,N
300516 (2007 TG193),300516,2.175111158,3.084659016,2.629885087,0.172925399,12.53184147,222.8810623,59.95453397,2460172.612,1.18894,1557.770895,4.264944272,3.346,Asteroid,MBA,N,N
204313 (2004 RL32),204313,1.789542441,2.929685247,2.359613844,0.24159521,2.897478972,16.54076945,30.42613558,2460030.59,0.798899,1323.914169,3.62467945,3.51,Asteroid,MBA,N,N
 41104 (1999 VG67),41104,2.620359249,3.270600109,2.945479679,0.110379451,2.985870184,65.0069038,293.2590893,2460509.037,1.61768,1846.428407,5.055245469,3.26,Asteroid,MBA,N,N
141862 (2002 PA23),141862,1.961032342,2.692273709,2.326653026,0.157144482,2.227836458,251.0685109,46.3504533,2460225.289,0.945377,1296.271162,3.548997021,3.556,Asteroid,MBA,N,N
544223 (2014 SD366),544223,2.381985455,2.722113694,2.552049574,0.066638251,14.12703803,246.9970439,193.613248,2460181.568,1.39751,1489.128195,4.0770108,3.394,Asteroid,MBA,N,N
212942 (2008 YC30),212942,1.923953402,2.654690695,2.289322049,0.159596876,3.051926436,106.9427655,49.1943266,2460014.791,0.934038,1265.198777,3.463925467,3.581,Asteroid,MBA,N,N
470221 (2006 WD85),470221,2.35605052,3.800676203,3.078363361,0.234641839,3.032812839,136.7864858,258.8234133,2459851.94,1.3643,1972.778149,5.401172208,3.184,Asteroid,MBA,N,N
167488 (2003 YN66),167488,2.120089324,3.394535683,2.757312503,0.231102996,15.52184079,116.5826741,320.0288915,2459594.924,1.15732,1672.350915,4.578647269,3.252,Asteroid,MBA,N,N
490922 (2011 CW47),490922,2.351966729,4.013295641,3.182631185,0.260999283,25.18113324,307.3994397,244.0473267,2459891.449,1.46092,2073.852658,5.677899133,3.001,Asteroid,MBA,N,N
451473 (2011 UA49),451473,2.19172493,3.005258051,2.598491491,0.156539501,3.513057069,35.9389169,76.16491595,2460690.098,1.21011,1529.961052,4.188805072,3.396,Asteroid,MBA,N,N
468415 (2016 GZ204),468415,2.547966243,2.942808336,2.745387289,0.07191009,4.106849361,112.0028326,321.8515063,2460209.177,1.56332,1661.513425,4.54897584,3.341,Asteroid,MBA,N,N
525221 (2004 TD359),525221,2.310831961,2.847044561,2.578938261,0.103959953,11.17805013,218.5344125,272.5336953,2459726.506,1.35597,1512.724515,4.141614003,3.391,Asteroid,MBA,N,N
 30245 Paigesmith (2000 HC12),30245,2.302894012,2.838620733,2.570757373,0.104196282,6.427528076,224.2221699,305.9383015,2460530.159,1.31359,1505.532246,4.121922645,3.413,Asteroid,MBA,N,N
122163 (2000 KA2),122163,1.831593627,2.489131605,2.160362616,0.152182317,3.760073101,166.2362229,119.2590314,2459891.24,0.818254,1159.814161,3.175398113,3.68,Asteroid,MBA,N,N
562217 (2015 XG327),562217,1.866923809,2.905261894,2.386092852,0.21758124,2.741711536,142.2813175,150.724114,2459571.942,0.850797,1346.261532,3.685863194,3.501,Asteroid,MBA,N,N
298030 (2002 PM141),298030,2.159695642,3.203661253,2.681678448,0.194647798,13.93962914,281.7595216,37.47022758,2460454.642,1.16155,1604.0152,4.391554277,3.307,Asteroid,MBA,N,N
487213 (2014 OV379),487213,2.408977801,2.900191548,2.654584674,0.09252177,6.820247548,87.94036337,213.8875278,2460037.793,1.39616,1579.767958,4.325168948,3.372,Asteroid,MBA,N,N
138250 (2000 FS56),138250,2.329900303,2.822230404,2.576065353,0.095558542,5.627492346,67.55510654,114.6835805,2460660.454,1.33731,1510.197482,4.134695365,3.414,Asteroid,MBA,N,N
148611 (2001 RQ104),148611,1.874553657,2.874820114,2.374686886,0.210610178,3.466340713,98.13022161,201.0622708,2460060.27,0.858726,1336.620007,3.659466139,3.51,Asteroid,MBA,N,N
245972 (2006 SR111),245972,2.455947984,3.813098602,3.134523293,0.216484373,16.77380942,126.1876582,274.4082472,2460198.828,1.53226,2027.00901,5.549648213,3.111,Asteroid,MBA,N,N
528066 (2008 FZ94),528066,2.046023836,2.808423397,2.427223616,0.157051776,3.360304151,108.2690744,137.7919252,2460194.377,1.03314,1381.220802,3.781576459,3.49,Asteroid,MBA,N,N
390686 (2002 UH51),390686,2.27610568,3.015611018,2.645858349,0.139747719,11.82749169,280.1725196,326.7242897,2460075.038,1.27033,1571.984688,4.303859515,3.349,Asteroid,MBA,N,N
318821 (2005 SA203),318821,2.321881242,3.091092294,2.706486768,0.142105083,8.646004155,297.7768072,15.10888018,2459972.513,1.30814,1626.324817,4.452634681,3.334,Asteroid,MBA,N,N
 53532 (2000 AJ212),53532,1.712714164,2.686009714,2.199361939,0.221267708,5.242741734,320.2076899,9.037712829,2460512.337,0.701111,1191.361289,3.261769444,3.629,Asteroid,MBA,N,N
 87976 (2000 TP43),87976,2.458408433,3.058391451,2.758399942,0.108755625,14.13358783,152.9765521,273.6111663,2460400.496,1.52009,1673.340334,4.581356151,3.29,Asteroid,MBA,N,N
 17321 (3188 T-1),17321,2.507083148,3.813565357,3.160324252,0.206700659,27.04158692,187.7019078,57.67198737,2459633.161,1.58869,2052.087584,5.618309608,3.005,Asteroid,MBA,N,N
194450 (2001 VF116),194450,1.966359047,2.753185809,2.359772428,0.166716661,4.939888608,33.94554895,327.2562707,2459995.975,0.965152,1324.047637,3.625044865,3.528,Asteroid,MBA,N,N
396162 (2013 EF48),396162,2.582094639,3.503886736,3.042990688,0.151461538,14.49205346,174.9749161,144.5103752,2460972.4,1.58443,1938.872995,5.308344957,3.174,Asteroid,MBA,N,N
116456 (2004 AH5),116456,2.736895967,3.621995613,3.17944579,0.139190869,6.055886867,116.1962012,4.80375338,2459209.265,1.75148,2070.739957,5.669377022,3.176,Asteroid,MBA,N,N
528185 (2008 HD60),528185,2.810364625,3.460116127,3.135240376,0.103620684,11.49599166,107.1960283,154.5585319,2460844.657,1.79858,2027.704626,5.551552707,3.173,Asteroid,MBA,N,N
312662 (2010 LZ11),312662,2.054510713,3.132452036,2.593481375,0.207817441,14.90299723,297.8469784,44.29874621,2460000.636,1.06942,1525.53834,4.176696346,3.341,Asteroid,MBA,N,N
203214 (2001 EV12),203214,2.039655449,3.395669983,2.717662716,0.249481756,35.65791466,83.67117806,122.7045392,2460262.845,1.14918,1636.40863,4.480242656,3.052,Asteroid,MBA,N,N
561412 (2015 TD87),561412,2.112031962,2.970127416,2.541079689,0.168844656,8.040975399,59.83820315,62.98280063,2460513.557,1.1406,1479.537081,4.050751761,3.412,Asteroid,MBA,N,N
177757 (2005 JE92),177757,2.079367471,3.008221785,2.543794628,0.182572583,5.420749136,305.0381129,357.8056138,2459662.969,1.06345,1481.908864,4.057245349,3.414,Asteroid,MBA,N,N
499039 (2009 DH57),499039,2.964135049,3.309391463,3.136763256,0.055033865,11.86012589,154.7330008,278.3342162,2460475.45,2.00848,2029.182181,5.555598031,3.176,Asteroid,MBA,N,N
260024 (2004 GC23),260024,2.591977708,2.832702098,2.712339903,0.044375779,4.681003825,47.39989614,126.2171942,2459510.05,1.59761,1631.603381,4.467086601,3.356,Asteroid,MBA,N,N
405944 (2006 RH58),405944,1.844503742,3.207402461,2.525953101,0.269779102,17.27970099,184.5430661,173.5497449,2459851.608,0.841598,1466.345637,4.014635556,3.341,Asteroid,MBA,N,N
362494 (2010 TR25),362494,2.514097453,3.063015892,2.788556673,0.098423397,2.705174064,275.2267871,56.11820658,2460454.498,1.50389,1700.856365,4.656690938,3.321,Asteroid,MBA,N,N
415173 (2012 FS70),415173,2.77404735,2.96329527,2.86867131,0.032985292,12.53758799,46.10918456,61.97394313,2460960.805,1.81009,1774.678189,4.858804078,3.263,Asteroid,MBA,N,N
554806 (2013 BG97),554806,2.582698208,2.737492508,2.660095358,0.02909563,4.880686537,236.4591949,308.5474885,2459766.259,1.58398,1584.689699,4.338643941,3.38,Asteroid,MBA,N,N
411346 (2010 UY70),411346,2.372025754,2.83010289,2.601064322,0.088055711,11.11849264,320.3353966,11.22419384,2459850.607,1.36103,1532.233894,4.195027772,3.383,Asteroid,MBA,N,N
260760 (2005 MJ43),260760,2.209560963,3.00414797,2.606854467,0.152403407,13.97084146,249.6548525,126.5136874,2459952.961,1.24259,1537.353024,4.209043187,3.354,Asteroid,MBA,N,N
266125 (2006 TP12),266125,1.905238749,2.714632112,2.309935431,0.175198266,3.152172616,134.4078257,252.1787748,2460461.982,0.911384,1282.325231,3.510815142,3.563,Asteroid,MBA,N,N
 27390 Kyledavis (2000 EC87),27390,1.919605642,2.628399605,2.274002623,0.155847217,6.916357697,333.6131104,40.81567247,2459842.187,0.92463,1252.520576,3.429214444,3.585,Asteroid,MBA,N,N
236848 (2007 RV137),236848,2.144912349,3.123029382,2.633970866,0.185673472,9.750171009,332.8862291,333.3567828,2460459.017,1.13473,1561.402525,4.274887132,3.354,Asteroid,MBA,N,N
622291 (2013 KG5),622291,1.9024046,2.555793762,2.229099181,0.146559015,5.426704171,61.68437472,185.1504982,2460092.749,0.888115,1215.605105,3.328145394,3.623,Asteroid,MBA,N,N
156304 (2001 XS28),156304,1.77631514,3.399749364,2.588032252,0.31364258,5.153118308,154.3019667,242.5134593,2459747.713,0.789383,1520.73294,4.163539877,3.344,Asteroid,MBA,N,N
 57401 (2001 RB93),57401,2.235569282,3.020062897,2.627816089,0.149267222,3.933950977,178.4309673,229.389722,2460079.088,1.24662,1555.93295,4.259912251,3.382,Asteroid,MBA,N,N
442271 (2011 QJ55),442271,2.574554068,3.112428887,2.843491477,0.094579995,5.079531497,242.8617416,85.0450953,2460988.877,1.56884,1751.363616,4.794972255,3.296,Asteroid,MBA,N,N
175998 (2000 QN168),175998,1.76501384,2.58084225,2.172928045,0.187725593,3.151740201,233.7334921,122.8366557,2460008.447,0.762625,1169.947691,3.203142207,3.662,Asteroid,MBA,N,N
  3696 Herald (1980 OF),3696,2.665709923,3.577345901,3.121527912,0.146023999,10.11112215,312.2143872,18.88408703,2460519.677,1.65618,2014.416457,5.515171682,3.176,Asteroid,MBA,N,N
443181 (2014 DF27),443181,2.007625726,2.837229306,2.422427516,0.171233932,4.842420195,34.47446989,173.3795284,2459579.569,1.00183,1377.128966,3.770373625,3.488,Asteroid,MBA,N,N
 33153 (1998 DH15),33153,2.610426836,3.045410737,2.827918786,0.076908839,1.996978752,19.72520026,312.7270355,2460372.25,1.59981,1736.996032,4.755635954,3.309,Asteroid,MBA,N,N
334946 (2004 CC10),334946,1.873846636,2.548642771,2.211244704,0.152582872,6.020001069,334.0245342,120.8303302,2460147.204,0.897536,1201.029391,3.288239264,3.635,Asteroid,MBA,N,N
352952 (2009 BU22),352952,2.353240901,2.870555543,2.611898222,0.099030398,14.47919953,327.5304854,143.7454155,2460941.908,1.38106,1541.816899,4.221264611,3.357,Asteroid,MBA,N,N
605929 (2016 XM26),605929,2.943226292,3.132669287,3.037947789,0.031179436,7.682852332,255.6044932,5.841982947,2460683.547,1.92717,1934.05529,5.295154799,3.227,Asteroid,MBA,N,N
122354 (2000 QX44),122354,1.83539961,2.603512472,2.219456041,0.173040792,6.174103597,145.4307835,114.6212954,2460055.441,0.829722,1207.725534,3.306572304,3.623,Asteroid,MBA,N,N
 97529 (2000 DL26),97529,2.817099536,3.331875549,3.074487543,0.083717368,8.774794994,330.1971907,349.9894727,2460399.059,1.80432,1969.053578,5.390974888,3.206,Asteroid,MBA,N,N
461203 (2015 VW118),461203,1.776168404,2.836549976,2.30635919,0.22988214,6.383047055,83.98655304,327.2269051,2459898.627,0.790161,1279.34844,3.502665135,3.544,Asteroid,MBA,N,N
601925 (2013 WU123),601925,2.18465128,3.068710024,2.626680652,0.168284398,5.862416031,61.94725908,55.46922029,2459866.395,1.20585,1554.924618,4.257151591,3.374,Asteroid,MBA,N,N
537692 (2015 SJ25),537692,2.098760617,2.220895278,2.159827947,0.028274164,3.652181124,246.9413192,61.51568261,2460458.755,1.08574,1159.383623,3.174219366,3.695,Asteroid,MBA,N,N
220332 (2003 FR130),220332,2.33078484,2.839022914,2.584903877,0.098308892,12.57481166,216.1759645,341.3778714,2460300.082,1.32939,1517.976415,4.155992921,3.382,Asteroid,MBA,N,N
512489 (2016 QM83),512489,1.899724131,2.890116843,2.394920487,0.206769435,3.190545844,118.0175045,194.2242586,2460283.744,0.885114,1353.73942,3.706336538,3.498,Asteroid,MBA,N,N
573221 (2008 YB188),573221,2.750395519,2.970390556,2.860393037,0.038455386,10.78315422,294.0986371,131.7077739,2459896.898,1.77636,1767.001813,4.837787305,3.275,Asteroid,MBA,N,N
240571 (2004 TW28),240571,2.13784099,2.447547525,2.292694257,0.067542049,2.949890949,173.3537752,86.46055835,2460520.092,1.12427,1267.995294,3.471581913,3.592,Asteroid,MBA,N,N
403671 (2010 UQ2),403671,2.581014958,2.781157834,2.681086396,0.037324958,2.220385534,330.4377677,183.9536713,2460789.86,1.58908,1603.484036,4.39010003,3.374,Asteroid,MBA,N,N
585067 (2017 SZ127),585067,2.410042227,2.886512127,2.648277177,0.089958465,16.33021286,183.5170523,185.569042,2459532.7,1.40829,1574.140829,4.309762708,3.329,Asteroid,MBA,N,N
460333 (2014 QY438),460333,2.757082451,3.428580311,3.092831381,0.10855714,9.116533213,94.19944207,256.968142,2460664.756,1.76863,1986.702287,5.439294419,3.196,Asteroid,MBA,N,N
552767 (2010 SF30),552767,2.188959338,3.043273221,2.61611628,0.163279035,12.34629752,188.3421736,162.2036116,2460032.785,1.18665,1545.553319,4.23149437,3.356,Asteroid,MBA,N,N
327328 (2005 UH100),327328,2.256412534,2.928422528,2.592417531,0.129610679,8.079243591,194.9085052,81.95646094,2460802.468,1.25719,1524.599775,4.174126695,3.393,Asteroid,MBA,N,N
 42359 (2002 CY63),42359,2.727999702,3.399703156,3.063851429,0.109617498,12.27252548,90.81857092,241.4932898,2461163.831,1.74134,1958.844582,5.36302418,3.189,Asteroid,MBA,N,N
571232 (2007 EN173),571232,2.151363403,3.175075165,2.663219284,0.192194418,4.966753577,199.532472,49.35687492,2460725.958,1.14092,1587.482027,4.346288918,3.353,Asteroid,MBA,N,N
467649 (2008 SN211),467649,2.214680272,3.396155058,2.805417665,0.210570212,20.93904908,80.68721378,276.7327094,2459823.782,1.32412,1716.305988,4.698989701,3.196,Asteroid,MBA,N,N
220864 (2004 VV95),220864,2.877472938,3.446252328,3.161862633,0.089943722,9.371109193,20.59800846,58.91324866,2459628.879,1.90515,2053.586138,5.622412423,3.178,Asteroid,MBA,N,N
308310 (2005 LT9),308310,2.522576488,2.81846519,2.670520839,0.055399063,14.86201124,97.55542198,27.08841891,2460961.9,1.54426,1594.014927,4.364175021,3.331,Asteroid,MBA,N,N
421062 (2013 QU12),421062,2.448590593,2.747203741,2.597897167,0.057472088,14.34357403,340.9615843,186.420265,2460365.792,1.45511,1529.436187,4.187368067,3.37,Asteroid,MBA,N,N
 51263 (2000 JM69),51263,3.063713088,3.191627468,3.127670278,0.020448828,21.74115887,172.3363543,233.7559515,2460675.149,2.08062,2020.365163,5.531458352,3.104,Asteroid,MBA,N,N
477425 (2009 WB79),477425,1.844390528,2.789226993,2.31680876,0.203909032,4.079412171,65.47000154,21.61551441,2460401.174,0.860106,1288.052921,3.526496704,3.549,Asteroid,MBA,N,N
 50836 (2000 FG41),50836,2.758637534,2.837386572,2.798012053,0.014072319,5.027468859,142.3478737,352.3428149,2459885.691,1.77008,1709.514538,4.680395723,3.32,Asteroid,MBA,N,N
260420 (2004 XY74),260420,2.545056523,3.427234948,2.986145736,0.147711884,1.909656465,152.2748571,242.0495332,2460767.543,1.55127,1884.798492,5.160297035,3.24,Asteroid,MBA,N,N
101172 (1998 SF4),101172,2.228418083,3.020871219,2.624644651,0.150963891,4.221784914,2.964267546,330.0965031,2460282.924,1.2189,1553.117082,4.252202824,3.383,Asteroid,MBA,N,N
541809 (2011 YS79),541809,2.459907039,2.792257991,2.626082515,0.063278848,14.74587007,306.5523526,285.9498951,2459524.435,1.48965,1554.393526,4.25569754,3.353,Asteroid,MBA,N,N
228067 (2008 OL7),228067,2.909202368,3.229343921,3.069273144,0.052152666,9.654092774,295.3044749,296.049209,2460155.71,1.91217,1964.046365,5.377265887,3.208,Asteroid,MBA,N,N
157788 (5020 T-3),157788,2.536591278,3.777564046,3.157077662,0.196538207,8.704905106,128.9232567,253.2295105,2459855.543,1.55551,2048.926242,5.609654325,3.158,Asteroid,MBA,N,N
124430 (2001 QE246),124430,1.885977343,2.823634813,2.354806078,0.199094413,5.952239466,160.6461259,235.7720264,2460157.311,0.899041,1319.869974,3.613607046,3.521,Asteroid,MBA,N,N
474375 (2002 RK261),474375,1.874484895,2.729834078,2.302159487,0.185771053,5.475484684,202.3354712,159.5644844,2460211.454,0.872447,1275.855638,3.493102364,3.561,Asteroid,MBA,N,N
487670 (2015 PH101),487670,1.759247049,2.474447937,2.116847493,0.16893066,3.872309284,108.1495871,186.8252025,2460576.856,0.742669,1124.948867,3.079942142,3.713,Asteroid,MBA,N,N
259675 (2003 XF2),259675,2.313128631,2.840189894,2.576659262,0.102276089,5.073950039,113.7027018,23.56804531,2460777.019,1.32657,1510.719774,4.136125322,3.414,Asteroid,MBA,N,N
 41215 (1999 XH4),41215,2.952100245,3.172878134,3.062489189,0.036045497,2.338076982,134.6268709,346.8006746,2459675.885,1.96646,1957.538324,5.359447842,3.231,Asteroid,MBA,N,N
353435 (2011 QK60),353435,2.070240625,2.391017703,2.230629164,0.071902825,5.586492346,284.9072627,312.0229685,2460336.922,1.0615,1216.856849,3.331572482,3.633,Asteroid,MBA,N,N
423104 (2004 BL12),423104,1.932196867,2.743688464,2.337942666,0.173548225,1.802687244,268.2995172,169.8976597,2460745.382,0.94648,1305.717461,3.574859577,3.545,Asteroid,MBA,N,N
281718 (2008 WE114),281718,3.02263868,3.173898964,3.098268822,0.024410452,1.099084475,260.590713,328.2356759,2459635.628,2.01091,1991.943757,5.453644784,3.222,Asteroid,MBA,N,N
594302 (2016 PC118),594302,2.197581604,3.232457474,2.715019539,0.190583503,14.4405573,78.01337799,217.967076,2460706.962,1.19863,1634.021874,4.473708075,3.29,Asteroid,MBA,N,N
550922 (2012 UH44),550922,2.813748205,3.572816549,3.193282377,0.118853934,13.12408095,249.7750149,114.2187563,2460247.44,1.8444,2084.272091,5.706425985,3.145,Asteroid,MBA,N,N
 39498 (1981 EH25),39498,2.305635767,2.890230417,2.597933092,0.112511491,4.557149624,175.174692,10.52628924,2459994.242,1.30626,1529.467911,4.187454924,3.403,Asteroid,MBA,N,N
559254 (2015 BJ590),559254,2.886712184,3.152270235,3.019491209,0.043973973,10.6803564,127.700003,221.708177,2459996.468,1.88578,1916.457008,5.246973329,3.219,Asteroid,MBA,N,N
480684 (2015 PE45),480684,2.928357166,3.41794551,3.173151338,0.077145445,10.3112018,96.13443878,197.7950812,2461194.529,1.91338,2064.593735,5.652549583,3.172,Asteroid,MBA,N,N
334357 (2001 YV99),334357,1.926116217,2.805012821,2.365564519,0.185768893,4.70829229,259.2563622,184.9039725,2460230.325,0.940979,1328.925464,3.638399629,3.52,Asteroid,MBA,N,N
470429 (2007 VU272),470429,3.053325342,3.225451195,3.139388269,0.027413916,10.65158193,230.9798938,244.651025,2460840.464,2.08595,2031.729907,5.562573325,3.184,Asteroid,MBA,N,N
396097 (2013 CZ122),396097,2.815783731,3.541108163,3.178445947,0.114100483,11.48048965,134.0407779,357.697324,2460497.44,1.82892,2069.763253,5.666702952,3.159,Asteroid,MBA,N,N
306300 (2011 SG58),306300,2.855998599,3.355453234,3.105725916,0.080408679,12.00431522,2.018927469,5.474866831,2459836.005,1.85383,1999.139573,5.473345853,3.182,Asteroid,MBA,N,N
347970 (2003 SL42),347970,2.411223024,3.952768257,3.181995641,0.242229313,10.07024664,261.4670076,78.17544808,2461175.496,1.42677,2073.231493,5.676198476,3.129,Asteroid,MBA,N,N
394836 (2008 SD165),394836,1.92615474,2.814195729,2.370175234,0.187336568,3.605954217,28.62031711,6.544880969,2460117.864,0.931923,1332.812664,3.649042202,3.519,Asteroid,MBA,N,N
133209 (2003 QN68),133209,1.940759569,2.75449325,2.34762641,0.173309875,2.203028006,209.2908226,108.3708442,2460702.162,0.928261,1313.838266,3.59709313,3.539,Asteroid,MBA,N,N
593713 (2015 TE322),593713,2.740795809,3.458298177,3.099546993,0.115743102,11.73698094,184.3505295,262.4062616,2459622.382,1.78677,1993.17653,5.457019933,3.18,Asteroid,MBA,N,N
412729 (2014 OG344),412729,1.889519087,2.705391844,2.297455465,0.177560081,24.05078933,133.7573517,189.5149543,2460730.025,0.87787,1271.947188,3.482401608,3.459,Asteroid,MBA,N,N
172805 (2004 FQ156),172805,2.673310017,3.361443388,3.017376703,0.114028416,2.906403149,142.0892747,307.8270226,2460307.585,1.68981,1914.44426,5.241462723,3.236,Asteroid,MBA,N,N
335842 (2007 MP5),335842,2.427005096,3.155709788,2.791357442,0.130528732,3.962389006,284.1763293,54.20411701,2459573.726,1.41975,1703.419467,4.663708328,3.313,Asteroid,MBA,N,N
 19792 (2000 RO33),19792,2.415237379,3.145569408,2.780403393,0.131335624,5.966040068,313.3319527,38.05866316,2460203.197,1.41167,1693.402286,4.636282781,3.313,Asteroid,MBA,N,N
190329 (1998 RK14),190329,2.653280277,3.160254527,2.906767402,0.087205851,2.093362131,163.4257901,264.1824243,2460506.608,1.66704,1810.147015,4.955912431,3.278,Asteroid,MBA,N,N
279683 (2011 FM33),279683,2.167530217,2.727994795,2.447762506,0.114485081,3.406960905,121.7914998,81.09141169,2459860.933,1.16622,1398.789437,3.829676761,3.486,Asteroid,MBA,N,N
336545 (2009 BF96),336545,2.559355942,3.609926707,3.084641325,0.170290587,3.556366399,30.50668762,46.42719226,2460602.734,1.57502,1978.816102,5.417703223,3.201,Asteroid,MBA,N,N
199699 (2006 HC40),199699,2.857478796,3.344046001,3.100762398,0.078459286,9.348289889,195.8518404,228.4885554,2460938.151,1.87878,1994.349002,5.460229985,3.197,Asteroid,MBA,N,N
244859 (2003 UA194),244859,2.072133366,3.304455659,2.688294513,0.229201504,8.564893239,37.25222692,22.55453183,2459481.787,1.08601,1609.954844,4.407816138,3.319,Asteroid,MBA,N,N
150760 (2001 QO161),150760,1.953966784,2.887058634,2.420512709,0.192746736,4.475738388,1.420705664,335.4127672,2460403.818,0.945201,1375.496463,3.765904073,3.484,Asteroid,MBA,N,N
354811 (2005 WT6),354811,1.839414871,2.631861859,2.235638365,0.177230584,1.173724892,37.40058677,33.52238543,2459833.08,0.852837,1220.958092,3.342801073,3.617,Asteroid,MBA,N,N
 94933 (2001 YT73),94933,2.066401256,2.461292614,2.263846935,0.087216886,5.081112807,93.03808185,321.1420899,2459587.73,1.07982,1244.139321,3.40626782,3.607,Asteroid,MBA,N,N
162709 (2000 UE71),162709,2.21851386,2.45972374,2.3391188,0.051559989,7.680095037,20.96260426,198.2279825,2460325.152,1.21169,1306.702873,3.57755749,3.552,Asteroid,MBA,N,N
392132 (2009 FO71),392132,2.519515599,3.807323509,3.163419554,0.203546809,14.90477028,102.3995595,126.5576908,2461172.649,1.5393,2055.103122,5.6265657,3.12,Asteroid,MBA,N,N
134728 (2000 AN77),134728,1.847235957,3.041340859,2.444288408,0.244264322,3.897549433,205.4822392,185.7864087,2459762.831,0.852033,1395.812551,3.821526491,3.455,Asteroid,MBA,N,N
450962 (2008 KD24),450962,2.766965195,3.321723782,3.044344488,0.091112978,16.91910496,191.0519648,24.96480887,2460290.867,1.76949,1940.167021,5.311887806,3.167,Asteroid,MBA,N,N
448354 (2009 HN9),448354,2.389011872,2.997765264,2.693388568,0.113008832,15.34011313,90.40287173,292.541015,2460507.704,1.44067,1614.533072,4.420350643,3.311,Asteroid,MBA,N,N
312368 (2008 EF5),312368,2.759734054,3.181087525,2.97041079,0.070925118,11.96383826,128.1999857,5.944279254,2459937.917,1.773,1869.920735,5.119563957,3.226,Asteroid,MBA,N,N
191871 (2004 XP81),191871,2.878701528,3.241759624,3.060230576,0.059318749,9.253759476,254.4047651,278.825161,2459658.815,1.90034,1955.373171,5.353519974,3.211,Asteroid,MBA,N,N
 15064 (1999 AC4),15064,2.612652849,3.70235222,3.157502535,0.172557165,1.913400797,25.1944611,146.4297865,2459635.493,1.61731,2049.339867,5.610786767,3.182,Asteroid,MBA,N,N
112750 (2002 PV134),112750,1.933700196,2.858263454,2.395981825,0.192940374,4.896407139,35.64147677,267.8830665,2460569.13,0.925578,1354.639409,3.708800572,3.498,Asteroid,MBA,N,N
519248 (2010 XP92),519248,2.332767446,2.716441369,2.524604408,0.075986939,8.254093525,229.8958651,22.06478457,2460642.818,1.3203,1465.171394,4.011420655,3.436,Asteroid,MBA,N,N
187868 (2000 PA10),187868,1.839972849,3.230819768,2.535396309,0.2742859,10.06652906,110.0703901,223.2529925,2460618.527,0.842651,1474.576157,4.037169493,3.374,Asteroid,MBA,N,N
338678 (2003 TZ4),338678,2.4199339,2.994257286,2.707095593,0.106077412,4.201205422,322.7909415,98.45253714,2459574.378,1.43602,1626.873611,4.454137196,3.353,Asteroid,MBA,N,N
260724 Malherbe (2005 KB10),260724,2.174567006,2.642528349,2.408547677,0.097145958,6.210648428,152.9375289,107.9031331,2460386.266,1.16814,1365.310085,3.738015292,3.507,Asteroid,MBA,N,N
265775 (2005 WF64),265775,2.486233778,2.871596951,2.678915364,0.071925224,2.745314053,139.1576267,259.8288685,2460012.553,1.49443,1601.536778,4.384768729,3.372,Asteroid,MBA,N,N
 25252 (1998 UC26),25252,2.691255418,2.865033326,2.778144372,0.031275896,7.091424206,181.0038435,101.925375,2460728.333,1.68595,1691.338923,4.630633601,3.322,Asteroid,MBA,N,N
383090 (2005 SJ90),383090,2.041922311,2.779013985,2.410468148,0.152893884,1.681391508,216.8157861,231.0336284,2460677.127,1.05751,1366.943368,3.742486977,3.503,Asteroid,MBA,N,N
544548 (2014 WP104),544548,2.005984062,3.37659292,2.691288491,0.254638041,14.77339268,53.18339664,347.4211628,2460214.551,1.0164,1612.645126,4.415181726,3.278,Asteroid,MBA,N,N
248849 (2006 TA61),248849,1.96629411,3.310344722,2.638319416,0.254717189,4.921018913,192.5840852,152.6680046,2460155.675,0.96017,1565.270813,4.285477927,3.344,Asteroid,MBA,N,N
 31135 (1997 SN24),31135,2.313567912,2.608768097,2.461168004,0.059971563,16.49082066,208.7372821,304.7762845,2459674.564,1.34519,1410.296142,3.861180401,3.431,Asteroid,MBA,N,N
573603 (2009 HR121),573603,2.712155872,3.529182351,3.120669112,0.130905657,9.673078936,103.6579659,188.8309594,2459326.073,1.69578,2013.5852,5.512895824,3.181,Asteroid,MBA,N,N
620764 (2006 KT91),620764,2.09003494,3.197512741,2.643773841,0.209450178,3.277037452,118.9333064,213.0650013,2460474.402,1.07975,1570.127349,4.298774399,3.36,Asteroid,MBA,N,N
529548 (2010 CB233),529548,2.438303049,3.389333523,2.913818286,0.163193168,14.94159606,263.8095416,229.5304992,2460928.634,1.47997,1816.737261,4.973955539,3.212,Asteroid,MBA,N,N
460609 (2014 UX63),460609,2.018453787,2.564440733,2.29144726,0.119135831,2.067099318,242.5080277,115.9310274,2460673.24,1.0149,1266.96094,3.468750006,3.588,Asteroid,MBA,N,N
118953 (2000 WN94),118953,2.734217775,3.399767381,3.066992578,0.108501992,13.49201338,70.96992556,309.0538767,2459463.828,1.76086,1961.85775,5.371273785,3.181,Asteroid,MBA,N,N
238728 (2005 GU86),238728,2.75463076,3.313060425,3.033845593,0.092033304,10.00750528,200.626556,244.142738,2460565.442,1.78694,1930.139228,5.284433204,3.213,Asteroid,MBA,N,N
126648 (2002 CV193),126648,3.02409062,3.270712588,3.147401604,0.039178662,3.819567718,29.00131365,132.7914056,2460600.408,2.03168,2039.5139,5.583884737,3.204,Asteroid,MBA,N,N
515630 (2014 LJ23),515630,2.064921358,3.455950606,2.760435982,0.251958252,9.766777005,115.1033925,171.9020933,2460257.759,1.04844,1675.193374,4.586429498,3.274,Asteroid,MBA,N,N
121362 (1999 TB61),121362,2.852144932,3.298559787,3.07535236,0.072579465,3.210071526,322.1043757,230.1178352,2460419.362,1.85206,1969.884444,5.393249674,3.223,Asteroid,MBA,N,N
 95478 (2002 EK12),95478,2.593672206,3.680883814,3.13727801,0.173273074,17.36671524,9.332852678,241.9290686,2460745.618,1.63224,2029.681695,5.556965627,3.118,Asteroid,MBA,N,N
296366 (2009 FD30),296366,2.926452222,3.334145644,3.130298933,0.065120525,9.676325658,148.5573806,223.7852209,2460040.465,1.93267,2022.912726,5.5384332,3.188,Asteroid,MBA,N,N
369594 (2011 CK14),369594,3.0238531,3.326054395,3.174953748,0.047591449,8.104413437,315.434431,319.1396175,2460492.976,2.01247,2066.353077,5.657366398,3.184,Asteroid,MBA,N,N
340287 (2006 BY277),340287,2.179782528,3.005305767,2.592544147,0.159211028,2.213983372,26.56027941,245.9046001,2460393.681,1.16403,1524.711471,4.174432501,3.4,Asteroid,MBA,N,N
162859 (2001 DW76),162859,2.262130344,2.902699827,2.582415086,0.124025275,6.754507089,167.900946,311.1804188,2460932.991,1.28305,1515.78464,4.14999217,3.403,Asteroid,MBA,N,N
 89129 (2001 UH9),89129,2.377352062,2.756682103,2.567017082,0.073885375,2.907820183,99.46026253,201.8905962,2460869.742,1.36147,1502.24776,4.112930211,3.426,Asteroid,MBA,N,N
351901 (2006 SO261),351901,2.436008196,3.806112686,3.121060441,0.219493425,16.50441912,27.50417896,62.22682059,2460263.45,1.49862,2013.963965,5.513932826,3.116,Asteroid,MBA,N,N
592812 (2015 DX131),592812,2.450786371,2.679739296,2.565262833,0.044625627,15.17794422,141.7051423,4.780573388,2459957.531,1.46191,1500.708113,4.108714887,3.382,Asteroid,MBA,N,N
428734 (2008 RW105),428734,2.577157571,3.055993298,2.816575435,0.085003178,10.21328919,29.79874968,31.60847269,2460041.092,1.59346,1726.555358,4.727050946,3.29,Asteroid,MBA,N,N
 85735 (1998 SF95),85735,1.849058964,2.593459981,2.221259472,0.167562823,6.32654792,47.09058202,222.2866428,2460515.44,0.838298,1209.197849,3.310603284,3.623,Asteroid,MBA,N,N
 23257 Denny (2000 YW21),23257,2.252949512,2.819946372,2.536447942,0.111769859,5.729214814,306.8404004,114.6002893,2460614.994,1.2721,1475.493691,4.039681563,3.432,Asteroid,MBA,N,N
218339 (2004 BF121),218339,2.067388438,2.495241309,2.281314874,0.093773305,6.812982977,157.7526074,238.0477605,2460292.354,1.08111,1258.566811,3.445768133,3.59,Asteroid,MBA,N,N
437183 (2012 VG83),437183,2.991716562,3.386379417,3.18904799,0.061877848,10.61025664,73.03877431,30.1146679,2460621.238,2.01232,2080.127755,5.695079412,3.168,Asteroid,MBA,N,N
564358 (2016 GY126),564358,3.032854735,3.185319858,3.109087296,0.024519273,9.167877772,359.6242517,49.48755082,2460661.513,2.04597,2002.386005,5.482234099,3.199,Asteroid,MBA,N,N
 22295 (1989 SZ9),22295,2.001584981,2.763615965,2.382600473,0.159915813,12.25571839,2.222236659,215.9822406,2460751.655,1.00799,1343.306952,3.677773995,3.489,Asteroid,MBA,N,N
235970 (2005 EH240),235970,2.711208805,3.195895426,2.953552116,0.082051476,11.22730485,7.921543078,305.1564435,2459669.559,1.7163,1854.02414,5.076041452,3.235,Asteroid,MBA,N,N
 10108 Tomlinson (1992 HM),10108,2.039711307,2.766616593,2.40316395,0.151239221,25.9937559,50.33949616,182.2173871,2459689.599,1.02848,1360.734912,3.725489151,3.373,Asteroid,MBA,N,N
281967 (2011 GO69),281967,2.800333188,3.359076621,3.079704904,0.090713794,12.54627125,199.545953,170.7705482,2460482.01,1.80057,1974.067887,5.404703319,3.185,Asteroid,MBA,N,N
511431 (2014 HZ194),511431,2.556243427,3.48352033,3.019881878,0.153528671,14.65348923,82.60749328,185.0883601,2460763.155,1.53996,1916.828954,5.247991661,3.18,Asteroid,MBA,N,N
 61431 (2000 QY17),61431,2.808932904,2.901770423,2.855351664,0.016256758,2.997375307,122.8142654,124.8878137,2460193.084,1.79491,1762.332425,4.825003217,3.302,Asteroid,MBA,N,N
 25819 Tripathi (2000 DW32),25819,2.666359013,3.621164073,3.143761543,0.151857106,0.250121445,172.8460302,159.4736555,2460732.043,1.6553,2035.976788,5.574200652,3.192,Asteroid,MBA,N,N
101661 (1999 CS84),101661,2.03608053,2.712207782,2.374144156,0.142393892,10.27936224,55.32503884,93.36652427,2460616.827,1.07608,1336.161811,3.658211666,3.507,Asteroid,MBA,N,N
 55643 (2179 P-L),55643,2.283959764,3.227224393,2.755592079,0.17115462,17.94983108,0.840655229,136.7636561,2459429.881,1.32301,1670.785965,4.574362669,3.252,Asteroid,MBA,N,N
323893 (2005 SL278),323893,2.521479682,2.837667574,2.679573628,0.058999665,12.77428141,204.0926691,189.2499767,2460100.556,1.52633,1602.12711,4.386384968,3.339,Asteroid,MBA,N,N
553938 (2012 DZ18),553938,2.365711707,2.861693382,2.613702544,0.094881048,14.53630353,147.9378263,345.8291336,2460530.286,1.37982,1543.414826,4.225639497,3.357,Asteroid,MBA,N,N
390426 (2013 YO43),390426,3.040986871,3.198497703,3.119742287,0.025244206,12.79362758,111.3332794,79.68704183,2461065.665,2.07491,2012.688228,5.510440049,3.178,Asteroid,MBA,N,N
347378 (2012 RM14),347378,2.540986418,3.809711746,3.175349082,0.199777299,8.05804093,333.0765091,350.1059257,2460166.658,1.5287,2066.739032,5.658423085,3.154,Asteroid,MBA,N,N
351802 (2006 KG29),351802,2.248614783,2.675003469,2.461809126,0.08660068,7.081212217,59.40406949,80.13314265,2460585.222,1.27352,1410.847239,3.862689225,3.474,Asteroid,MBA,N,N
113417 (2002 SE30),113417,2.691921228,3.274272237,2.983096732,0.097608469,11.11373494,108.9921535,316.1966905,2460326.42,1.71757,1881.91252,5.152395673,3.223,Asteroid,MBA,N,N
574578 (2010 RV204),574578,2.89214982,3.137890187,3.015020003,0.040752693,10.18553083,358.6091448,285.6051752,2460746.625,1.8971,1912.201804,5.235323215,3.223,Asteroid,MBA,N,N
145548 (2006 KG99),145548,2.046721709,2.782275973,2.414498841,0.152320277,2.190934393,190.1197028,188.5812907,2459636.579,1.0479,1370.373428,3.751877967,3.501,Asteroid,MBA,N,N
496903 (2001 QJ144),496903,2.470356644,3.621111672,3.045734158,0.188912585,1.640571923,162.811471,178.2200678,2459917.861,1.46136,1941.495632,5.315525344,3.21,Asteroid,MBA,N,N
375916 (2009 WF28),375916,2.3620781,3.089692096,2.725885098,0.133463805,3.996497732,254.3867523,192.0869739,2460173.001,1.37724,1643.840761,4.50059072,3.34,Asteroid,MBA,N,N
 59230 (1999 CY),59230,1.752006506,2.620426563,2.186216535,0.198612544,4.00768415,88.49467146,244.8563058,2460114.487,0.745663,1180.696263,3.232570194,3.648,Asteroid,MBA,N,N
262951 (2007 DN58),262951,2.743482642,3.142452557,2.942967599,0.067783606,1.129385338,222.3882552,196.3226289,2460998.378,1.75455,1844.066796,5.048779728,3.268,Asteroid,MBA,N,N
592406 (2014 WL41),592406,2.137561992,2.745053286,2.441307639,0.124419242,7.601391521,88.43265523,40.90267297,2460001.8,1.1579,1393.260074,3.814538191,3.479,Asteroid,MBA,N,N
449011 (2012 BU95),449011,2.024683645,3.352421688,2.688552666,0.246924314,11.22802619,27.43762615,49.5402408,2460652.975,1.05746,1610.186753,4.408451069,3.302,Asteroid,MBA,N,N
286316 (2001 WS67),286316,2.057139849,2.791796308,2.424468078,0.151508792,1.714299018,148.9349066,307.8154347,2460652.698,1.07316,1378.869396,3.775138661,3.495,Asteroid,MBA,N,N
240044 (2001 UX214),240044,2.063689602,2.400172946,2.231931274,0.075379414,3.807526978,57.66274727,180.2970358,2460201.417,1.05064,1217.922499,3.334490071,3.635,Asteroid,MBA,N,N
454155 (2013 EK92),454155,2.105654939,3.125694509,2.615674724,0.194985936,13.64176373,176.3905716,324.466899,2460901.953,1.1301,1545.16204,4.230423108,3.341,Asteroid,MBA,N,N
 70183 (1999 RA3),70183,2.041296158,2.79822381,2.419759984,0.156405523,2.409622969,190.8964565,238.3789702,2459875.719,1.05551,1374.85489,3.764147542,3.496,Asteroid,MBA,N,N
318491 (2005 EF120),318491,1.972089925,2.770610778,2.371350351,0.168368384,4.685241831,211.1494618,207.7271323,2459761.132,0.98449,1333.803987,3.651756295,3.521,Asteroid,MBA,N,N
  7752 Otauchunokai (1988 US),7752,1.947233903,2.652057482,2.299645693,0.153246124,3.79409562,280.2629929,77.56991831,2460061.757,0.946673,1273.766494,3.487382598,3.574,Asteroid,MBA,N,N
301501 (2009 EQ22),301501,2.829374298,3.456923768,3.143149033,0.099828144,7.376537831,40.25505997,174.8787129,2461065.416,1.82158,2035.381802,5.57257167,3.189,Asteroid,MBA,N,N
119266 (2001 RA58),119266,1.963214313,2.903814397,2.433514355,0.193259613,5.742843422,62.76973804,228.6104164,2460315.494,0.952043,1386.593932,3.796287289,3.473,Asteroid,MBA,N,N
493193 (2014 UT24),493193,2.921169887,3.449923867,3.185546877,0.082992654,10.31863189,73.68698806,14.97728782,2459211.492,1.93747,2076.703177,5.685703429,3.168,Asteroid,MBA,N,N
230961 (2004 XC174),230961,2.751127424,3.331066491,3.041096957,0.095350309,13.16657493,95.96976987,229.1915362,2460437.426,1.75696,1937.063362,5.303390451,3.193,Asteroid,MBA,N,N
169272 (2001 SM210),169272,2.335224749,3.966815944,3.151020346,0.258898867,13.55063538,7.413775351,107.3663645,2460812.673,1.39155,2043.032325,5.593517659,3.113,Asteroid,MBA,N,N
469891 (2005 VG118),469891,2.421051559,3.912921509,3.166986534,0.235534622,22.76475945,294.7433878,72.83434303,2459749.554,1.52206,2058.580014,5.636084912,3.041,Asteroid,MBA,N,N
411378 (2010 VN62),411378,2.401727561,2.988744107,2.695235834,0.108898921,4.304747711,291.5292788,99.08563037,2460220.68,1.4109,1616.194353,4.424898982,3.357,Asteroid,MBA,N,N
434730 (2006 EA34),434730,2.311571219,3.050895066,2.681233143,0.137870116,5.689765811,21.24712398,36.53369446,2459745.69,1.32513,1603.615685,4.390460465,3.356,Asteroid,MBA,N,N
470435 (2007 VV332),470435,2.743957477,3.422174149,3.083065813,0.109990625,20.0829618,109.7846686,263.2740227,2459897.028,1.82912,1977.300245,5.413553033,3.125,Asteroid,MBA,N,N
439796 (2015 HS63),439796,2.029989462,2.769896925,2.399943194,0.154151037,0.658773311,246.9951617,7.568861519,2459970.08,1.0145,1358.000313,3.718002226,3.51,Asteroid,MBA,N,N
 87950 (2000 SG367),87950,2.360182224,2.894336013,2.627259118,0.101656092,14.49414322,282.2397209,337.1064332,2460835.525,1.34931,1555.438301,4.258557977,3.349,Asteroid,MBA,N,N
 72142 (2000 YS85),72142,2.085218916,2.46772322,2.276471068,0.084012555,5.230431364,140.4108094,337.2514855,2460751.733,1.10089,1254.560558,3.434799611,3.598,Asteroid,MBA,N,N
 18053 (1999 RU208),18053,2.168701104,3.623568056,2.89613458,0.25117392,12.26146955,228.1149159,314.0666897,2459477.989,1.18809,1800.223952,4.928744563,3.208,Asteroid,MBA,N,N
139437 (2001 ON52),139437,2.215100811,3.017132592,2.616116702,0.153286698,13.78649918,88.17383544,320.7183924,2460163.324,1.24274,1545.553692,4.231495393,3.35,Asteroid,MBA,N,N
308602 (2005 VO110),308602,3.001139935,3.145687971,3.073413953,0.023515875,4.998530434,59.07501143,219.4428906,2460865.791,1.98625,1968.022298,5.388151397,3.224,Asteroid,MBA,N,N
148562 (2001 QJ216),148562,2.118429111,2.978369662,2.548399387,0.1687217,2.875058763,77.11125781,313.6864657,2459712.486,1.12437,1485.934495,4.068266927,3.42,Asteroid,MBA,N,N
290648 (2005 UQ279),290648,2.578232408,2.890211379,2.734221893,0.057050778,3.004214078,48.6559956,323.0338944,2460148.462,1.578,1651.387761,4.52125328,3.348,Asteroid,MBA,N,N
374462 (2005 XJ53),374462,2.380629473,2.65980364,2.520216556,0.05538694,2.836766833,306.3114628,14.01598275,2460650.776,1.36698,1461.353275,4.000967215,3.453,Asteroid,MBA,N,N
 14210 (1999 CO99),14210,2.291592228,3.108358894,2.699975561,0.151254455,12.80889791,338.9840327,250.5654887,2459582.949,1.31968,1620.459483,4.436576271,3.316,Asteroid,MBA,N,N
517766 (2015 OG85),517766,2.179901203,2.495680676,2.337790939,0.067538005,6.331832544,176.3347703,51.03102991,2459559.466,1.17644,1305.590356,3.574511585,3.555,Asteroid,MBA,N,N
345361 (2006 AJ32),345361,2.00201208,2.822355793,2.412183936,0.1700417,11.30554515,70.7163348,100.3209381,2460706.249,1.04156,1368.403128,3.746483582,3.473,Asteroid,MBA,N,N
500533 (2012 UJ2),500533,2.716258255,3.450714611,3.083486433,0.119095117,2.774878715,100.5069775,272.5363491,2460119.979,1.71769,1977.7049,5.414660918,3.214,Asteroid,MBA,N,N
  3176 Paolicchi (1980 VR1),3176,2.779703292,2.968749177,2.874226235,0.032886396,18.1161265,53.19072072,23.65765398,2460708.532,1.79613,1779.835442,4.872923865,3.222,Asteroid,MBA,N,N
539436 (2016 PU127),539436,2.837297405,3.160704401,2.999000903,0.053919123,14.85495991,130.0940897,86.75069679,2460741.517,1.88013,1896.982488,5.193654998,3.201,Asteroid,MBA,N,N
332364 (2007 EF98),332364,2.371183685,2.869371434,2.620277559,0.095063927,17.95877112,170.4855164,346.3071443,2460314.256,1.38043,1549.242395,4.241594512,3.33,Asteroid,MBA,N,N
394829 (2008 SH144),394829,2.112944594,2.494663004,2.303803799,0.082845251,4.916999684,208.4713926,180.8106384,2459956.273,1.11681,1277.222798,3.496845443,3.58,Asteroid,MBA,N,N
288195 (2003 XF31),288195,2.014265311,2.484221264,2.249243287,0.104469791,5.17589457,247.3896168,236.9598334,2460526.066,1.03399,1232.120197,3.37336125,3.616,Asteroid,MBA,N,N
488075 (2015 VQ5),488075,2.159572722,2.766610625,2.463091674,0.123226819,12.15364869,103.7835541,294.1878181,2460159.29,1.19947,1411.949913,3.865708181,3.447,Asteroid,MBA,N,N
277288 (2005 SA89),277288,1.781898582,2.897235919,2.33956725,0.238364026,4.299218561,212.4793101,84.45592432,2459971.303,0.771957,1307.078668,3.578586361,3.523,Asteroid,MBA,N,N
623105 (2015 MP118),623105,2.110570268,3.168197832,2.63938405,0.200354997,4.379476728,70.13039061,233.2242105,2460353.842,1.0982,1566.218353,4.28807215,3.363,Asteroid,MBA,N,N
 16514 Stevelia (1990 VZ6),16514,2.527778434,3.738407901,3.133093167,0.193200362,8.468257879,24.0339503,69.31644843,2460409.209,1.55823,2025.621934,5.545850607,3.167,Asteroid,MBA,N,N
170282 (2003 QY106),170282,2.675746178,2.786629101,2.731187639,0.020299397,6.660654799,187.8616632,108.6454317,2460840.029,1.66912,1648.639626,4.513729298,3.344,Asteroid,MBA,N,N
503124 (2015 FB342),503124,2.741588497,2.841178451,2.791383474,0.017838816,3.347564093,297.2506338,308.5780075,2460787.159,1.72794,1703.443296,4.663773568,3.326,Asteroid,MBA,N,N
504984 (2011 HC32),504984,2.306023348,2.979480677,2.642752013,0.127415915,13.62768894,86.53537954,154.1399352,2460432.971,1.29864,1569.217148,4.296282403,3.343,Asteroid,MBA,N,N
605693 (2016 ST4),605693,2.144492756,3.340910412,2.742701584,0.218109338,14.14799326,241.1203012,172.2328355,2459483.697,1.15589,1659.075931,4.542302345,3.271,Asteroid,MBA,N,N
326903 (2003 WD94),326903,2.836248156,3.46556181,3.150904983,0.099862366,17.48576293,39.53153592,311.3086476,2460849.384,1.86438,2042.920128,5.593210481,3.128,Asteroid,MBA,N,N
 14511 Nickel (1996 EU3),14511,2.107236467,2.659363091,2.383299779,0.115832391,7.707119512,357.3141253,334.3764272,2460143.67,1.09958,1343.898397,3.679393284,3.516,Asteroid,MBA,N,N
 92976 (2000 RP65),92976,2.185496535,2.969461758,2.577479146,0.152079838,12.87704959,175.4784458,274.0769744,2459611.553,1.24473,1511.44089,4.13809963,3.375,Asteroid,MBA,N,N
424240 (2007 RV205),424240,2.489252029,3.661453419,3.075352724,0.190579991,4.065848417,133.3450053,234.9810986,2460340.505,1.49024,1969.884794,5.393250633,3.198,Asteroid,MBA,N,N
611323 (2006 UB195),611323,2.677414699,3.082779767,2.880097233,0.070373504,1.930807773,29.78622947,52.45818181,2459600.501,1.69257,1785.291559,4.887861901,3.29,Asteroid,MBA,N,N
452150 (2015 RB35),452150,1.963004479,2.612244454,2.287624466,0.141902656,6.214870926,303.3052651,50.84684384,2459767.561,0.963405,1263.791779,3.460073317,3.58,Asteroid,MBA,N,N
436645 (2011 QV26),436645,2.236818954,3.563763078,2.900291016,0.228760514,7.057551344,186.1039224,165.0454969,2459511.026,1.23158,1804.100774,4.939358724,3.237,Asteroid,MBA,N,N
511631 (2015 BU102),511631,2.118942223,2.761137851,2.440040037,0.131595306,1.298177695,180.7952262,290.0180772,2459735.791,1.13463,1392.17508,3.811567638,3.49,Asteroid,MBA,N,N
513006 (2017 UB46),513006,2.046259775,2.464084569,2.255172172,0.092637006,5.292977114,154.788029,325.5245619,2460770.019,1.06295,1236.99511,3.386708035,3.613,Asteroid,MBA,N,N
338868 (2004 AD6),338868,2.090779868,3.513487166,2.802133517,0.25386144,10.12955146,349.8574498,75.53437077,2459739.047,1.12961,1713.293093,4.690740844,3.254,Asteroid,MBA,N,N
 98662 (2000 WN155),98662,2.14589069,2.538400436,2.342145563,0.083792774,6.628613754,305.3725964,132.7153625,2459783.703,1.16664,1309.239957,3.584503646,3.55,Asteroid,MBA,N,N
474796 (2005 RW5),474796,1.783099887,2.8927462,2.337923043,0.237314551,1.123895458,263.5850128,92.4304894,2460172.224,0.778425,1305.701022,3.574814572,3.528,Asteroid,MBA,N,N
431114 (2006 HA20),431114,2.473134824,2.994639258,2.733887041,0.095377831,4.851007631,19.18444091,68.09437973,2459971.524,1.49311,1651.084409,4.52042275,3.341,Asteroid,MBA,N,N
245812 (2006 JM),245812,1.856461986,2.889415931,2.372938958,0.217652869,5.36908837,28.1446478,230.1619495,2460616.497,0.846399,1335.144517,3.655426467,3.505,Asteroid,MBA,N,N
 75055 (1999 VX2),75055,2.084581342,2.494076248,2.289328795,0.089435582,6.176614098,264.2437834,143.5048813,2460316.234,1.09762,1265.204369,3.463940779,3.586,Asteroid,MBA,N,N
280950 (2006 BB156),280950,2.35412667,2.755673164,2.554899917,0.078583605,3.633536065,130.8488047,262.4915668,2460780.365,1.36237,1491.623666,4.083843027,3.431,Asteroid,MBA,N,N
342137 (2008 SX127),342137,1.952626705,3.339302804,2.645964754,0.262036011,11.53824046,217.2601928,85.9590693,2460792.759,0.978199,1572.079517,4.304119142,3.315,Asteroid,MBA,N,N
486768 (2014 GE44),486768,2.059422004,2.449367143,2.254394574,0.086485557,6.217415853,78.53504263,128.9838937,2460469.44,1.05885,1236.355379,3.384956547,3.612,Asteroid,MBA,N,N
356997 (1998 SY94),356997,1.975171916,3.268221503,2.62169671,0.246605487,3.705575623,63.79579521,331.0526841,2460479.077,0.982037,1550.501178,4.245040869,3.358,Asteroid,MBA,N,N
477553 (2010 FQ90),477553,2.379634629,3.013549137,2.696591883,0.117539942,2.446518351,188.5933915,358.594593,2460131.979,1.37953,1617.414236,4.428238839,3.358,Asteroid,MBA,N,N
198512 (2004 XF85),198512,2.376550039,2.899532293,2.638041166,0.099123217,1.245540209,278.6936483,188.5544009,2459651.156,1.39198,1565.023198,4.284799993,3.389,Asteroid,MBA,N,N
382594 (2002 DH17),382594,2.142281001,3.232876697,2.687578849,0.202895572,14.62880445,71.48523323,146.6984875,2460586.082,1.14651,1609.311997,4.406056117,3.298,Asteroid,MBA,N,N
502493 (2015 BZ381),502493,2.496206761,3.12549136,2.81084906,0.111938526,4.917130256,104.3025331,266.0543236,2459976.075,1.50098,1721.292651,4.712642439,3.307,Asteroid,MBA,N,N
438300 (2006 DS37),438300,1.975150651,3.233091989,2.60412132,0.241528943,3.559676387,9.136721048,180.499338,2459971.137,0.97455,1534.93591,4.202425489,3.368,Asteroid,MBA,N,N
211799 (2004 CL120),211799,2.761730218,3.380424008,3.071077113,0.10072912,11.49622881,143.0712055,102.5179375,2459400.357,1.77673,1965.778175,5.382007324,3.192,Asteroid,MBA,N,N
160663 (1999 XK259),160663,2.243566826,2.982099693,2.61283326,0.141327975,12.93649983,140.741244,285.5480064,2460795.741,1.29664,1542.64491,4.22353158,3.359,Asteroid,MBA,N,N
444703 (2007 EY95),444703,1.818173972,2.908405923,2.363289947,0.230659795,4.333280168,48.18665269,243.0861724,2459777.641,0.806467,1327.009214,3.633153221,3.51,Asteroid,MBA,N,N
579697 (2014 WQ104),579697,1.965148043,2.785536487,2.375342265,0.17268847,3.382774892,39.46081538,18.2153522,2459713.016,0.976407,1337.173377,3.660981183,3.519,Asteroid,MBA,N,N
348357 (2005 ET170),348357,2.387139794,2.866003147,2.626571471,0.091157495,14.46959503,270.775139,279.8494629,2459781.182,1.43328,1554.82767,4.256886161,3.351,Asteroid,MBA,N,N
603487 (2015 DL161),603487,2.928449705,3.456558734,3.19250422,0.08271078,12.81106145,101.7957705,269.8709229,2460399.006,1.96468,2083.510276,5.70434025,3.152,Asteroid,MBA,N,N
574322 (2010 HJ139),574322,2.761861687,3.029266564,2.895564126,0.046174919,10.91284636,88.39807271,65.86614529,2460443.912,1.79365,1799.69209,4.927288406,3.26,Asteroid,MBA,N,N
 14609 (1998 SW145),14609,2.035584324,2.737762871,2.386673597,0.147104017,1.782221082,112.4265169,39.93117932,2459603.727,1.04518,1346.753057,3.687208917,3.519,Asteroid,MBA,N,N
 30343 (2000 JB36),30343,1.999705794,2.732603637,2.366154715,0.154871074,2.28691738,359.1949485,202.8785175,2459551.099,0.995751,1329.422836,3.639761357,3.53,Asteroid,MBA,N,N
381443 (2008 QJ31),381443,2.059765461,3.422396452,2.741080956,0.248557232,14.49173791,323.6262101,44.61676387,2459733.432,1.0813,1657.605658,4.538276955,3.26,Asteroid,MBA,N,N
222530 (2001 UP33),222530,1.92273043,3.169229449,2.545979939,0.244797494,6.222936044,85.26688423,300.35406,2459596.691,0.935339,1483.818881,4.06247469,3.392,Asteroid,MBA,N,N
 98128 (2000 SS24),98128,2.040230611,2.67103499,2.355632801,0.133892765,6.245296211,287.3701626,33.95444782,2459576.15,1.02991,1320.565102,3.615510205,3.535,Asteroid,MBA,N,N
156933 (2003 FM96),156933,1.735272029,3.362070956,2.548671493,0.319146452,25.63748359,2.066988238,68.88780401,2459840.578,0.879907,1486.172493,4.06891853,3.238,Asteroid,MBA,N,N
109109 (2001 QU38),109109,2.418459796,3.021749709,2.720104752,0.11089461,10.00047444,136.0460804,233.6354326,2460568.876,1.43056,1638.614791,4.486282795,3.328,Asteroid,MBA,N,N
133951 (2004 TA100),133951,2.010132551,2.730026517,2.370079534,0.151871267,3.036627885,59.75843755,147.1351559,2460627.142,1.0052,1332.731943,3.648821199,3.528,Asteroid,MBA,N,N
240157 (2002 NY70),240157,2.442162806,3.016077078,2.729119942,0.1051464,4.713592429,193.0243262,200.4995998,2459420.969,1.44779,1646.76778,4.508604462,3.342,Asteroid,MBA,N,N
 60692 (2000 GC40),60692,2.110090434,2.378832464,2.244461449,0.05986782,1.041007508,33.32872595,141.6192254,2460164.779,1.11295,1228.193097,3.362609439,3.629,Asteroid,MBA,N,N
442974 (2013 CJ141),442974,2.890226462,3.080137507,2.985181984,0.031808956,13.51317641,340.0911848,193.9909089,2460252.578,1.89675,1883.886113,5.157799078,3.215,Asteroid,MBA,N,N
126250 (2002 AS69),126250,2.05509581,2.532833279,2.293964544,0.104129218,7.348093866,288.9924627,130.0747625,2459835.352,1.07567,1269.049255,3.474467502,3.578,Asteroid,MBA,N,N
 31230 Tuyouyou (1998 BB47),31230,2.288691302,3.08585506,2.687273181,0.148322054,14.205263,110.1056909,315.9783226,2460267.282,1.32349,1609.037455,4.405304463,3.314,Asteroid,MBA,N,N
174862 (2004 BD2),174862,2.162359041,2.884560535,2.523459788,0.143097484,4.488360536,21.30783107,350.4455259,2460020.538,1.16184,1464.175076,4.008692883,3.436,Asteroid,MBA,N,N
438147 (2005 SW91),438147,1.877458203,2.694176783,2.285817493,0.178649123,3.082746521,11.26286001,292.9649798,2459763.04,0.86441,1262.294689,3.455974507,3.579,Asteroid,MBA,N,N
468098 (2013 VW5),468098,2.215678947,2.976722193,2.59620057,0.146568654,31.70724233,223.8428627,153.3415063,2459595.414,1.24119,1527.938198,4.183266798,3.193,Asteroid,MBA,N,N
509283 (2006 VN18),509283,1.947759858,2.695108305,2.321434082,0.160966976,5.929623675,28.90661262,84.70773681,2460690.771,0.97341,1291.912086,3.537062521,3.553,Asteroid,MBA,N,N
144845 (2004 JM42),144845,2.711049364,3.577069168,3.144059266,0.1377232,0.961866247,154.5799938,129.4094436,2459498.97,1.6941,2036.266014,5.57499251,3.195,Asteroid,MBA,N,N
 14462 (1993 GA),14462,2.096071467,2.651326126,2.373698796,0.116959797,6.515075602,15.03543415,259.4942498,2460015.259,1.09131,1335.785858,3.657182363,3.525,Asteroid,MBA,N,N
351902 (2006 SK262),351902,2.852355536,3.218352421,3.035353979,0.060288996,3.374349263,62.19034205,341.2902269,2459864.854,1.86034,1931.578864,5.288374714,3.236,Asteroid,MBA,N,N
339100 (2004 RZ169),339100,2.187161716,2.885065948,2.536113832,0.137593239,10.06195361,197.660485,83.60419705,2460426.422,1.19847,1475.202165,4.038883407,3.413,Asteroid,MBA,N,N
584038 (2016 RV32),584038,2.868803354,3.513525857,3.191164606,0.101016805,2.600737797,133.7199466,142.0634136,2459326.071,1.85235,2082.199014,5.700750209,3.187,Asteroid,MBA,N,N
133974 (2004 TL208),133974,2.225550278,2.562957958,2.394254118,0.070461961,8.491019764,56.06983088,172.2995094,2460745.206,1.21441,1353.174458,3.704789754,3.512,Asteroid,MBA,N,N
274145 (2008 FX65),274145,1.982210264,2.410670458,2.196440361,0.09753513,3.046709337,59.15731326,193.4007839,2460628.863,0.967132,1188.988216,3.255272322,3.66,Asteroid,MBA,N,N
552359 (2013 WB133),552359,2.97420882,3.21607817,3.095143495,0.039072397,5.337518638,69.00194568,228.4854701,2459872.729,1.96103,1988.930508,5.445394956,3.216,Asteroid,MBA,N,N
494198 (2016 HE7),494198,2.362653453,2.758343375,2.560498414,0.077268144,1.166582756,121.5229302,304.6384876,2459884.244,1.37535,1496.529195,4.097273634,3.431,Asteroid,MBA,N,N
 89220 (2001 UK121),89220,2.561347052,2.876304608,2.71882583,0.057921613,5.066959086,75.90775387,199.3169973,2459837.406,1.54502,1637.459276,4.483119167,3.351,Asteroid,MBA,N,N
225603 (2000 YT39),225603,1.938356103,3.553742327,2.746049215,0.294129147,6.350853556,93.46877776,335.0476825,2460148.622,0.953632,1662.11436,4.550621108,3.275,Asteroid,MBA,N,N
508359 (2016 EH127),508359,2.079723152,2.683281108,2.38150213,0.126717912,5.385693447,357.6504642,290.9168818,2460502.414,1.07038,1342.378193,3.675231191,3.521,Asteroid,MBA,N,N
 28651 (2000 GP8),28651,2.077343142,3.152102823,2.614722982,0.205520755,3.113961198,199.1966341,160.5000803,2460127.007,1.07365,1544.318781,4.228114391,3.375,Asteroid,MBA,N,N
587054 (2005 SE201),587054,2.877280737,3.206790798,3.042035767,0.054159465,2.26539774,174.5655874,273.1306168,2459825.835,1.89352,1937.960411,5.305846436,3.236,Asteroid,MBA,N,N
 68655 (2002 CS78),68655,1.818582937,2.799008576,2.308795756,0.21232403,5.832558949,331.4681914,329.3945103,2460515.881,0.805548,1281.376338,3.508217217,3.549,Asteroid,MBA,N,N
148499 (2001 MD15),148499,1.892020031,3.024145054,2.458082543,0.23028621,6.571522638,318.2427698,19.06098635,2460613.902,0.8832,1407.64493,3.85392178,3.446,Asteroid,MBA,N,N
157750 (2006 CF44),157750,2.653345771,3.180940996,2.917143383,0.090430115,2.014662116,36.65231679,276.608344,2460247.419,1.63968,1819.847896,4.982471996,3.274,Asteroid,MBA,N,N
431905 (2008 TQ9),431905,2.280425579,2.984181601,2.63230359,0.133676834,4.631845424,26.25401668,263.6271326,2460681.9,1.2694,1559.920233,4.270828837,3.382,Asteroid,MBA,N,N
343520 (2010 ER128),343520,2.537792361,2.943015886,2.740404124,0.073934994,4.598948589,10.67851276,41.49333049,2459612.619,1.54928,1656.991748,4.53659616,3.342,Asteroid,MBA,N,N
420408 (2012 DN5),420408,2.047339211,2.645570901,2.346455056,0.127475633,1.984334244,37.02294336,155.092596,2460025.655,1.04593,1312.855074,3.594401299,3.549,Asteroid,MBA,N,N
395344 (2011 QA49),395344,2.061603537,2.681639545,2.371621541,0.130719847,7.01880847,150.0209108,163.9018038,2459705.945,1.04837,1334.032796,3.652382739,3.523,Asteroid,MBA,N,N
177310 (2003 YD22),177310,2.038282003,2.549998762,2.294140382,0.111526906,6.132875262,263.9784331,21.93317511,2460101.742,1.02266,1269.195172,3.474867,3.58,Asteroid,MBA,N,N
142975 (2002 VM84),142975,1.958477533,3.512424596,2.735451065,0.284038542,9.660134179,239.0215182,186.994182,2460808.626,0.971301,1652.50146,4.524302422,3.273,Asteroid,MBA,N,N
239947 (2001 DT43),239947,2.411367936,2.824820667,2.618094301,0.078960626,14.17709951,155.162382,109.627371,2460132.558,1.4358,1547.306518,4.236294368,3.359,Asteroid,MBA,N,N
 87793 (2000 SN127),87793,2.516356629,2.964277577,2.740317103,0.081727941,5.718873505,194.7106881,187.9895606,2460105.087,1.51846,1656.912822,4.536380075,3.338,Asteroid,MBA,N,N
170470 (2003 UU236),170470,2.070127704,2.970168909,2.520148307,0.178569095,3.805666925,120.560295,256.0715804,2460210.238,1.07465,1461.293914,4.000804692,3.431,Asteroid,MBA,N,N
 21465 Michelepatt (1998 HG90),21465,2.014930824,2.524448134,2.269689479,0.112243837,4.935241609,176.5507268,41.20393289,2459674.092,1.01003,1248.958746,3.419462686,3.6,Asteroid,MBA,N,N
 43655 (2002 EC99),43655,2.542301302,2.785693722,2.663997512,0.045681803,2.223397715,293.5901016,291.8154828,2460464.815,1.53257,1588.177903,4.348194122,3.382,Asteroid,MBA,N,N
167571 (2004 BQ52),167571,2.944049931,3.417096588,3.18057326,0.074364999,1.811347802,164.0215295,334.992335,2459330.749,1.95599,2071.841519,5.672392933,3.195,Asteroid,MBA,N,N
110092 (2001 SC121),110092,2.153665256,2.922359551,2.538012403,0.151436276,4.433642449,245.8030764,194.3705627,2459819.755,1.16839,1476.859011,4.043419605,3.427,Asteroid,MBA,N,N
115104 (2003 SW25),115104,1.867995701,2.584810417,2.226403059,0.160980446,3.519044661,137.988311,253.067013,2460263.6,0.87609,1213.400339,3.322109073,3.626,Asteroid,MBA,N,N
237759 (2001 YF132),237759,1.694696409,2.793499153,2.244097781,0.244820603,6.604607073,344.8206223,328.5752019,2460509.516,0.684734,1227.894605,3.361792211,3.584,Asteroid,MBA,N,N
253065 (2002 TA84),253065,2.190618005,2.708910483,2.449764244,0.105784154,9.947550874,48.74150016,356.0383076,2459649.595,1.19906,1400.505646,3.834375486,3.468,Asteroid,MBA,N,N
384291 (2009 RM15),384291,1.929146539,2.684092609,2.306619574,0.16364772,1.437444936,169.4710293,221.8859462,2460266.905,0.934088,1279.565101,3.503258319,3.569,Asteroid,MBA,N,N
 71059 (1999 XP96),71059,2.481502659,3.061963724,2.771733191,0.104710848,9.989449521,69.55541855,70.95522892,2460208.406,1.51538,1685.487596,4.61461354,3.307,Asteroid,MBA,N,N
458659 (2011 GQ75),458659,2.543675377,3.414623301,2.979149339,0.146173928,10.74153044,168.1082633,43.71354982,2459437.282,1.55084,1878.178384,5.142172168,3.217,Asteroid,MBA,N,N
387536 (2000 QP154),387536,2.090300794,2.98581025,2.538055522,0.176416443,12.91008298,194.9143771,108.3381488,2460563.667,1.11749,1476.896647,4.043522647,3.39,Asteroid,MBA,N,N
160460 (2006 BH22),160460,2.105309414,2.64192976,2.373619587,0.113038405,5.028066718,129.6105496,116.4228734,2460814.189,1.09663,1335.718997,3.656999306,3.529,Asteroid,MBA,N,N
  2997 Cabrera (1974 MJ),2997,2.05299257,3.05806573,2.55552915,0.196646781,7.18198366,355.0039049,350.2394846,2460314.363,1.04567,1492.174746,4.085351803,3.4,Asteroid,MBA,N,N
520762 (2014 RA69),520762,2.320093269,2.528991671,2.42454247,0.043079963,16.00061043,85.70891093,148.7548993,2460352.855,1.31305,1378.93286,3.775312415,3.457,Asteroid,MBA,N,N
495004 (2010 KD50),495004,1.82037549,2.865855592,2.343115541,0.223096148,4.23988871,250.7914381,34.9267171,2460549.98,0.805305,1310.053355,3.586730609,3.525,Asteroid,MBA,N,N
570570 (2006 SQ441),570570,1.940730909,2.638944734,2.289837822,0.152459231,4.285042628,50.35975479,235.3398039,2460091.112,0.92762,1265.626366,3.465096141,3.58,Asteroid,MBA,N,N
 59116 (1998 XL3),59116,2.130301094,2.170475344,2.150388219,0.009341162,4.109025319,291.4388039,356.2055899,2459879.957,1.11331,1151.791144,3.153432291,3.702,Asteroid,MBA,N,N
572894 (2008 UJ264),572894,2.685457159,2.823548502,2.75450283,0.025066473,4.608233385,331.6526993,195.3889953,2460359.943,1.69067,1669.795404,4.571650661,3.339,Asteroid,MBA,N,N
227845 (2007 DE24),227845,2.066415715,2.733476085,2.3999459,0.138974043,2.856803007,158.3969003,288.1955214,2460732.787,1.08356,1358.00261,3.718008516,3.512,Asteroid,MBA,N,N
493850 (2015 XQ31),493850,2.444776911,2.68770847,2.566242691,0.047332148,14.05624598,211.7914842,348.9514819,2460929.072,1.44025,1501.568036,4.11106923,3.389,Asteroid,MBA,N,N
186387 (2002 JP108),186387,2.746632747,3.502464421,3.124548584,0.120950539,23.4536776,164.4090574,147.4226085,2460929.782,1.75635,2017.341161,5.523179087,3.077,Asteroid,MBA,N,N
144760 (2004 HQ9),144760,2.279578888,3.271969799,2.775774344,0.178759292,12.90674892,29.75179677,101.6092791,2459574.326,1.33312,1689.175068,4.624709291,3.275,Asteroid,MBA,N,N
361541 (2007 PF9),361541,2.05588703,2.684781912,2.370334471,0.132659523,7.354589827,160.4415099,195.0895425,2459752.738,1.05101,1332.946981,3.649409941,3.522,Asteroid,MBA,N,N
309718 (2008 GM122),309718,2.618397204,3.548547128,3.083472166,0.150828331,6.211220686,49.03656758,124.2281944,2460400.042,1.6282,1977.691175,5.41462334,3.201,Asteroid,MBA,N,N
407438 (2010 TO171),407438,2.189717414,3.293549105,2.74163326,0.201309144,2.854391916,344.7047772,20.90956027,2460368.498,1.18751,1658.106672,4.539648658,3.318,Asteroid,MBA,N,N
572657 (2008 SL161),572657,2.215148609,3.356497006,2.785822808,0.204849424,14.12916482,12.28712272,338.3544036,2459792.208,1.21598,1698.355732,4.649844578,3.257,Asteroid,MBA,N,N
574112 (2010 CK31),574112,2.683486299,2.870493524,2.776989911,0.033670851,4.262200286,137.6885685,86.12438681,2460687.796,1.67738,1690.284776,4.627747504,3.33,Asteroid,MBA,N,N
302225 (2001 VV81),302225,1.811337509,2.704111536,2.257724522,0.197715447,21.6869856,243.4906456,279.2360849,2459933.996,0.937398,1239.095706,3.392459155,3.505,Asteroid,MBA,N,N
303151 (2004 EL2),303151,2.553438313,2.996991109,2.775214711,0.07991324,8.41565824,335.5047532,185.5175386,2459800.617,1.56081,1688.664255,4.623310759,3.315,Asteroid,MBA,N,N
474495 (2003 UH4),474495,1.939117258,3.43048272,2.684799989,0.277742377,11.58143959,312.4249029,86.48903089,2460981.713,0.986076,1606.816686,4.399224328,3.29,Asteroid,MBA,N,N
574973 (2011 EK28),574973,2.184798645,3.320349791,2.752574218,0.206270759,7.772337915,164.70243,289.0225964,2460361.249,1.21473,1668.042007,4.566850122,3.301,Asteroid,MBA,N,N
397490 (2007 RH108),397490,2.138800611,2.818567785,2.478684198,0.137122586,6.157305739,353.2714641,315.4174756,2459896.83,1.12911,1425.378566,3.902473829,3.459,Asteroid,MBA,N,N
446017 (2013 CP53),446017,2.326729067,2.938725146,2.632727106,0.116228544,0.715803918,278.2240803,220.2656664,2459423.423,1.33878,1560.296715,4.271859591,3.389,Asteroid,MBA,N,N
500650 (2012 VL13),500650,2.813240041,3.388482169,3.100861105,0.092755223,3.294837663,48.27273452,315.1544863,2460062.279,1.81145,1994.444232,5.46049071,3.213,Asteroid,MBA,N,N
427477 (2001 XH4),427477,1.884659456,3.286848887,2.585754172,0.27113742,29.94466621,63.85989408,76.89365043,2460045.697,1.08302,1518.725475,4.158043737,3.188,Asteroid,MBA,N,N
 44875 (1999 UO45),44875,2.132512891,2.497729077,2.315120984,0.078876263,5.846860476,287.0141542,309.6838653,2459938.123,1.12462,1286.645673,3.522643869,3.571,Asteroid,MBA,N,N
137758 (1999 XH173),137758,1.975966445,2.647533677,2.311750061,0.14525083,5.677892571,35.69483064,24.50787487,2460409.236,0.988687,1283.836573,3.514952972,3.563,Asteroid,MBA,N,N
309979 (2009 HU71),309979,2.290044547,2.98186036,2.635952453,0.131226914,12.23472338,90.35158584,35.4896178,2460817.481,1.31561,1563.164866,4.27971216,3.353,Asteroid,MBA,N,N
582480 (2015 VE32),582480,2.014195331,2.389009715,2.201602523,0.085123082,3.361228567,252.1336944,177.4353882,2459796.004,1.02722,1193.182289,3.266755069,3.657,Asteroid,MBA,N,N
112659 (2002 PS86),112659,2.201943812,3.023049183,2.612496497,0.157149564,11.65254573,323.1786438,332.1135786,2460125.793,1.19276,1542.346677,4.222715064,3.362,Asteroid,MBA,N,N
 24016 (1999 RK126),24016,1.970370806,3.151014855,2.56069283,0.23053215,3.80691077,262.0945792,164.2152975,2460690.412,0.98337,1496.699643,4.097740296,3.394,Asteroid,MBA,N,N
603808 (2015 GM11),603808,2.180121527,2.909967693,2.54504461,0.143385731,14.48700375,100.655112,143.087196,2460254.032,1.18095,1483.001279,4.060236219,3.385,Asteroid,MBA,N,N
585216 (2017 VQ29),585216,2.648164652,3.120566422,2.884365537,0.081890066,1.268257198,334.4431661,9.498511034,2459600.993,1.63964,1789.261733,4.898731644,3.288,Asteroid,MBA,N,N
 45683 (2000 EO135),45683,1.971046906,3.316529917,2.643788411,0.254461175,6.391477873,62.4714397,280.8249299,2460100.948,0.975073,1570.14033,4.298809938,3.338,Asteroid,MBA,N,N
115081 (2003 SQ3),115081,1.919687211,2.810012364,2.364849787,0.188241375,1.244661353,354.2858281,41.91665592,2459626.664,0.925905,1328.323228,3.636750794,3.524,Asteroid,MBA,N,N
 66756 (1999 TE177),66756,2.486986116,2.91809387,2.702539993,0.079759736,3.140059939,22.35698642,38.65902543,2459716.185,1.49931,1622.768695,4.442898549,3.36,Asteroid,MBA,N,N
497501 (2006 AV97),497501,1.739186108,3.486027752,2.61260693,0.334310076,29.48529928,127.7434677,269.2204913,2459686.912,0.986201,1542.444473,4.222982814,3.154,Asteroid,MBA,N,N
514524 (2016 WO52),514524,2.746265898,3.213505952,2.979885925,0.078398983,8.758528523,271.3087764,232.7980382,2459944.182,1.76875,1878.874989,5.144079367,3.237,Asteroid,MBA,N,N
195824 (2002 QB37),195824,2.630689377,3.374291651,3.002490514,0.123830911,2.035200465,114.3659115,8.817988628,2460752.892,1.64498,1900.294419,5.20272257,3.24,Asteroid,MBA,N,N
382676 (2002 TL287),382676,1.776001026,2.853529552,2.314765289,0.232751141,7.605963718,6.354085777,322.2163998,2460111.004,0.772033,1286.349165,3.521832073,3.534,Asteroid,MBA,N,N
382620 (2002 PX32),382620,1.748577398,3.448003818,2.598290608,0.32702778,5.530977111,169.1001896,67.7766452,2459934.576,0.745653,1529.78364,4.188319343,3.332,Asteroid,MBA,N,N
498425 (2008 AS48),498425,2.071396978,2.561591443,2.316494211,0.105805243,6.493668175,106.4216619,19.24917686,2459672.955,1.08677,1287.790614,3.525778548,3.565,Asteroid,MBA,N,N
422898 (2002 RX113),422898,1.942904294,2.879741301,2.411322797,0.1942579,3.274925758,171.1804448,171.2877259,2460726.878,0.934337,1367.670423,3.744477544,3.491,Asteroid,MBA,N,N
335700 (2006 XG69),335700,2.179150268,2.476664554,2.327907411,0.063901658,6.884784539,331.2290151,126.0352658,2460546.237,1.2025,1297.319606,3.551867503,3.561,Asteroid,MBA,N,N
254478 (2005 EA12),254478,2.000214306,2.548045106,2.274129706,0.120448451,8.666444905,355.8560135,123.6616707,2459595.364,1.02838,1252.625573,3.42950191,3.586,Asteroid,MBA,N,N
 30079 (2000 EP104),30079,1.964397375,2.821781573,2.393089474,0.179137514,3.013104485,0.215400068,159.9781702,2459645.46,0.971964,1352.187235,3.702086884,3.507,Asteroid,MBA,N,N
 57359 Robcrawford (2001 RC),57359,2.240535946,2.881763128,2.561149537,0.125183472,22.19132241,18.35917472,74.5559667,2459785.094,1.34717,1497.100072,4.098836611,3.321,Asteroid,MBA,N,N
 59521 (1999 JS20),59521,1.899113025,2.414818583,2.156965804,0.119544213,5.471228968,210.4608502,94.00380259,2459642.429,0.893178,1157.079813,3.167911878,3.685,Asteroid,MBA,N,N
351775 (2006 GW7),351775,2.065013492,2.75701402,2.411013756,0.143508208,3.169394241,91.03725308,94.23551887,2460638.238,1.06837,1367.407505,3.743757714,3.503,Asteroid,MBA,N,N
597545 (2007 MD29),597545,2.14197499,3.001874521,2.571924756,0.167170429,9.611927729,135.8906343,161.6266242,2460304.774,1.12809,1506.557858,4.124730616,3.39,Asteroid,MBA,N,N
287538 (2003 ED8),287538,2.194766614,3.055916817,2.625341716,0.16400726,7.490849619,188.7775718,0.76828081,2460587.973,1.19416,1553.735848,4.253896914,3.371,Asteroid,MBA,N,N
453995 (2012 CS37),453995,2.687968728,3.385557143,3.036762936,0.114857239,10.79242438,317.1958062,215.3248768,2459903.227,1.70164,1932.923927,5.292057295,3.204,Asteroid,MBA,N,N
157529 (2005 TP9),157529,2.171757662,3.056068356,2.613913009,0.169154576,18.28132962,34.60422549,35.00083277,2459931.815,1.20314,1543.601252,4.226149902,3.317,Asteroid,MBA,N,N
124609 (2001 SS40),124609,2.003664351,2.549147135,2.276405743,0.119812293,4.941382315,155.566691,280.8820939,2459875.977,1.02467,1254.506557,3.434651766,3.594,Asteroid,MBA,N,N
547128 (2010 DN11),547128,2.101817772,2.826029789,2.463923781,0.146963153,6.775471254,97.08554715,245.3401887,2460273.128,1.10336,1412.665473,3.867667277,3.464,Asteroid,MBA,N,N
171198 (2005 JX43),171198,2.611449443,3.330273297,2.97086137,0.12097903,1.749517253,7.88265117,242.3162627,2461114.686,1.59716,1870.346223,5.120728878,3.251,Asteroid,MBA,N,N
459042 (2011 YY78),459042,2.145328662,2.676055415,2.410692038,0.110077676,13.64751222,291.200455,359.9854688,2460696.374,1.12848,1367.133821,3.743008407,3.473,Asteroid,MBA,N,N
 91857 (1999 UR13),91857,2.515377231,3.832952529,3.17416488,0.207546764,15.62898346,206.0344644,275.3641009,2460210.881,1.58768,2065.582997,5.655258035,3.111,Asteroid,MBA,N,N
   552 Sigelinde (A904 XB),552,2.866164253,3.431267136,3.148715694,0.089735457,7.69248486,266.8635808,346.0793084,2460790.793,1.85141,2040.791328,5.587382144,3.188,Asteroid,MBA,N,N
 15596 Yongshiangtham (2000 GZ95),15596,1.944214537,2.848982469,2.396598503,0.188760848,1.851855862,326.4332958,315.4536764,2459960.234,0.927651,1355.162428,3.710232521,3.503,Asteroid,MBA,N,N
598380 (2008 RA73),598380,1.981973667,2.354969675,2.168471671,0.086004354,5.325444925,170.8508494,57.62556095,2460204.895,0.977594,1166.350436,3.19329346,3.68,Asteroid,MBA,N,N
209935 (2006 BD227),209935,2.016257208,2.70408828,2.360172744,0.145716256,2.209988662,161.8461886,40.33525133,2460532.325,1.01265,1324.384572,3.625967343,3.536,Asteroid,MBA,N,N
565685 (2017 FK60),565685,2.144618684,2.722609017,2.433613851,0.118751447,5.805222384,111.1343006,207.7944886,2459719.965,1.13252,1386.678971,3.796520112,3.489,Asteroid,MBA,N,N
474743 (2005 ON8),474743,1.773991357,2.918434317,2.346212837,0.243891548,9.642336244,146.4085676,163.9487307,2460147.127,0.761518,1312.651795,3.59384475,3.502,Asteroid,MBA,N,N
243249 (2007 VB301),243249,2.547712875,2.883167938,2.715440407,0.061768077,6.634647953,143.8185006,214.1229647,2460728.991,1.5448,1634.401835,4.474748349,3.349,Asteroid,MBA,N,N
293514 (2007 GB31),293514,2.659411872,3.696999693,3.178205782,0.163234839,4.645862926,202.30845,173.903426,2459241.24,1.66012,2069.528669,5.666060696,3.174,Asteroid,MBA,N,N
272168 (2005 OS3),272168,1.74144375,2.937208372,2.339326061,0.25557887,6.362689023,46.73247353,326.2776661,2460269.117,0.745969,1306.876551,3.578032994,3.513,Asteroid,MBA,N,N
477130 (2009 CS57),477130,2.457386655,3.101363043,2.779374849,0.115849143,9.395632507,346.7724408,188.9228345,2460053.533,1.46146,1692.462721,4.633710394,3.305,Asteroid,MBA,N,N
 95229 (2002 CA30),95229,2.087970468,2.559842892,2.32390668,0.101525683,6.736905796,37.6224799,9.57420271,2459805.413,1.09664,1293.976691,3.542715103,3.56,Asteroid,MBA,N,N
160734 (2000 RS23),160734,1.924936839,2.808286843,2.366611841,0.186627564,2.18017861,291.4158716,79.19165365,2459806.783,0.925281,1329.808108,3.640816175,3.523,Asteroid,MBA,N,N
 90130 (2002 XK82),90130,2.387735095,2.860983171,2.624359133,0.090164503,15.55337043,87.82882635,43.9697271,2460475.937,1.42354,1552.863658,4.251508988,3.345,Asteroid,MBA,N,N
 39214 (2000 XG42),39214,2.374587106,3.604770297,2.989678702,0.205738361,13.9824067,357.0361983,84.75485803,2459444.851,1.43755,1888.144393,5.169457612,3.18,Asteroid,MBA,N,N
213727 (2002 VF92),213727,2.585060682,2.919566127,2.752313404,0.060768051,3.397922066,207.5693555,242.0999737,2459456.872,1.60236,1667.804936,4.566201056,3.34,Asteroid,MBA,N,N
 57572 (2001 TY63),57572,2.765713334,2.943666926,2.85469013,0.031168635,0.952313916,269.4681504,191.382404,2459559.048,1.78126,1761.72001,4.823326515,3.303,Asteroid,MBA,N,N
373548 (2001 UL120),373548,2.07396165,3.061378998,2.567670324,0.192278841,5.064757608,71.37818321,321.385299,2459702.841,1.08229,1502.821222,4.114500267,3.4,Asteroid,MBA,N,N
542696 (2013 GE117),542696,2.669135358,2.855570186,2.762352772,0.033745659,5.382063231,133.8148197,49.28382344,2459708.734,1.67427,1676.938506,4.59120741,3.334,Asteroid,MBA,N,N
466742 (2015 AB15),466742,2.887826079,3.288507039,3.088166559,0.064873599,14.12760992,61.28717624,315.7698106,2460448.888,1.90898,1982.20926,5.426993182,3.176,Asteroid,MBA,N,N
 14041 Durrenmatt (1995 SO54),14041,1.8913987,2.694841379,2.293120039,0.175185482,3.439957233,127.4736761,269.4253276,2460199.021,0.901325,1268.348534,3.472549032,3.574,Asteroid,MBA,N,N
199240 (2006 AW84),199240,2.061799601,2.727076426,2.394438013,0.138921288,2.17491294,38.9336058,97.57292059,2460523.089,1.07547,1353.33036,3.705216592,3.516,Asteroid,MBA,N,N
101221 (1998 SB62),101221,1.953571694,2.575628779,2.264600236,0.137343686,5.892973031,316.0712685,46.43653032,2459793.079,0.95477,1244.760359,3.40796813,3.598,Asteroid,MBA,N,N
240006 (2001 TC23),240006,1.721674409,2.59374931,2.15771186,0.202083262,3.006897586,178.4279045,147.5973597,2460181.976,0.71035,1157.680185,3.169555605,3.671,Asteroid,MBA,N,N
 34981 (2342 T-3),34981,1.911047611,2.688333774,2.299690692,0.16899798,3.482412791,346.4929777,82.29576196,2460117.494,0.927682,1273.803882,3.487484961,3.571,Asteroid,MBA,N,N
 85442 (1997 GW1),85442,2.224854395,2.641611031,2.433232713,0.085638466,2.43879415,199.3582953,142.3205714,2460833.079,1.21646,1386.353224,3.795628266,3.5,Asteroid,MBA,N,N
343682 (2010 XW67),343682,2.170972293,3.142579716,2.656776005,0.182854599,12.15568239,324.8017389,253.3456487,2460518.97,1.20086,1581.724484,4.330525623,3.332,Asteroid,MBA,N,N
512501 (2016 RR6),512501,2.060186806,2.601629182,2.330907994,0.11614409,6.078412135,284.9668229,40.98651858,2460213.921,1.05163,1299.828706,3.558737045,3.554,Asteroid,MBA,N,N
 24953 (1997 SG7),24953,2.757374563,3.533401645,3.145388104,0.123359512,1.205626431,19.49314403,167.2957452,2460003.865,1.75747,2037.557093,5.578527291,3.197,Asteroid,MBA,N,N
551604 (2013 GQ40),551604,2.414333721,2.786329624,2.600331672,0.071528549,6.940750201,164.4998619,297.9144568,2460600.137,1.43891,1531.586556,4.193255458,3.401,Asteroid,MBA,N,N
146362 (2001 PR13),146362,2.422561485,2.894337766,2.658449626,0.088731469,2.329741158,263.9475429,87.9571656,2460157.554,1.41747,1583.219316,4.334618251,3.38,Asteroid,MBA,N,N
294836 (2008 CM151),294836,2.708775354,2.71896304,2.713869197,0.001876967,9.617519123,182.5487005,136.7511098,2460153.634,1.70347,1632.983492,4.470865138,3.341,Asteroid,MBA,N,N
290468 (2005 TL174),290468,2.600057981,2.824972625,2.712515303,0.041458687,10.95619761,209.2014358,18.84330364,2459448.911,1.5926,1631.761651,4.467519921,3.335,Asteroid,MBA,N,N
454577 (2014 PE18),454577,2.594910939,3.297520572,2.946215756,0.119239338,2.231083837,95.07599498,287.8023461,2460816.865,1.59841,1847.120586,5.057140549,3.259,Asteroid,MBA,N,N
103207 (1999 XA253),103207,2.287512334,2.625889956,2.456701145,0.068868292,5.988019175,80.54183434,193.7688589,2460798.765,1.27105,1406.458491,3.850673487,3.482,Asteroid,MBA,N,N
509826 (2008 WE110),509826,2.259707379,2.99932267,2.629515025,0.140637206,1.377804482,264.3630182,244.6251116,2459762.888,1.27007,1557.442106,4.264044096,3.386,Asteroid,MBA,N,N
538786 (2016 GV88),538786,2.629326623,3.115806305,2.872566464,0.084676837,6.610287988,58.30156586,295.1749933,2460010.956,1.63259,1778.29397,4.868703545,3.282,Asteroid,MBA,N,N
614650 (2010 JA30),614650,1.981787568,2.888560417,2.435173993,0.186182353,2.981765103,116.9719766,121.4512732,2459507.709,0.970763,1388.012644,3.80017151,3.479,Asteroid,MBA,N,N
313804 (2004 BC21),313804,2.078084289,2.945929419,2.512006854,0.172739403,3.634268013,124.4607169,344.0018904,2460252.869,1.09373,1454.218472,3.981433189,3.437,Asteroid,MBA,N,N
130856 (2000 UZ73),130856,2.198464868,2.669146566,2.433805717,0.096696646,3.662855372,83.96103901,323.8436428,2460147.772,1.20869,1386.842963,3.796969099,3.497,Asteroid,MBA,N,N
402063 (2003 SU430),402063,1.999757241,2.886764435,2.443260838,0.181521183,6.223414382,344.84714,326.4433769,2459690.364,0.988666,1394.932451,3.81911691,3.469,Asteroid,MBA,N,N
409015 (2003 AZ81),409015,1.971802196,3.191864016,2.581833106,0.236278212,2.637750311,286.7060712,138.2181969,2460092.497,0.985177,1515.272267,4.14858937,3.383,Asteroid,MBA,N,N
470812 (2008 VK45),470812,2.572650084,2.847192947,2.709921516,0.050655132,6.7445176,139.3894649,158.9417461,2460797.164,1.55779,1629.421703,4.461113491,3.352,Asteroid,MBA,N,N
332610 (2008 TA12),332610,2.577590172,2.922451676,2.750020924,0.062701615,5.33001819,193.1781221,165.3319708,2459702.44,1.57352,1665.721626,4.560497265,3.337,Asteroid,MBA,N,N
543127 (2013 SW84),543127,2.412309752,3.699626134,3.055967943,0.210623345,16.56982561,308.9394277,135.409801,2460800.534,1.45578,1951.289098,5.342338393,3.139,Asteroid,MBA,N,N
151977 (2004 HK6),151977,1.751382341,2.758392106,2.254887223,0.223294929,7.534932147,211.0829178,38.39947332,2460592.509,0.744508,1236.760669,3.386066172,3.58,Asteroid,MBA,N,N
447998 (2008 CE202),447998,2.663922375,2.889827874,2.776875124,0.040676208,4.269223361,9.291582816,64.24411799,2460889.35,1.68053,1690.179975,4.627460575,3.33,Asteroid,MBA,N,N
 41038 (1999 UX52),41038,2.860334573,3.111322118,2.985828345,0.042029801,11.39770198,158.3504058,339.8599064,2459465.947,1.8733,1884.498004,5.159474343,3.227,Asteroid,MBA,N,N
213174 (2000 SF104),213174,1.811788943,2.64173465,2.226761797,0.186357092,5.052721834,195.5194136,169.3243868,2460301.225,0.809546,1213.693621,3.322912037,3.617,Asteroid,MBA,N,N
349418 (2008 AB10),349418,2.604582554,3.330749251,2.967665903,0.122346437,9.065651933,288.0263547,69.04733228,2459498.51,1.61609,1867.329409,5.112469293,3.234,Asteroid,MBA,N,N
580335 (2015 BJ282),580335,2.550097641,2.769930527,2.660014084,0.041321752,11.06710656,168.467594,29.139333,2460524.45,1.55453,1584.617074,4.338445103,3.358,Asteroid,MBA,N,N
151186 (2001 XP216),151186,3.136677855,3.237595353,3.187136604,0.015832001,7.584764425,257.4080235,298.5218672,2461168.486,2.13666,2078.25792,5.689960081,3.184,Asteroid,MBA,N,N
276515 (2003 QZ104),276515,1.861186335,3.581182193,2.721184264,0.316038109,17.10828863,159.2122899,168.8397082,2460990.638,0.852645,1639.590348,4.488953726,3.224,Asteroid,MBA,N,N
182813 (2002 AB143),182813,1.800692637,3.444628599,2.622660618,0.313409968,6.678569207,141.893752,226.0281941,2459757.793,0.805982,1551.356356,4.24738222,3.323,Asteroid,MBA,N,N
561963 (2015 XY7),561963,1.825285622,2.780348578,2.3028171,0.207368392,6.57565713,100.4250173,223.7609844,2459641.764,0.818777,1276.402351,3.494599182,3.553,Asteroid,MBA,N,N
530383 (2011 FJ42),530383,2.53409739,2.848788651,2.691443021,0.058461438,10.06928287,80.92598015,191.6696924,2460862.551,1.51807,1612.784021,4.415562001,3.347,Asteroid,MBA,N,N
305624 (2009 AD33),305624,1.875574861,2.743447384,2.309511123,0.18789096,4.382069955,282.1845632,69.54881582,2460838.332,0.874522,1281.971925,3.509847843,3.558,Asteroid,MBA,N,N
362661 (2011 UP7),362661,2.46922692,2.815909691,2.642568305,0.065595801,3.680174609,44.49716354,73.38017015,2460860.883,1.48713,1569.053528,4.295834436,3.388,Asteroid,MBA,N,N
308327 (2005 NV17),308327,2.490416552,3.183481636,2.836949094,0.122149722,16.27242306,114.0388428,155.3335438,2460428.816,1.4815,1745.322716,4.778433172,3.241,Asteroid,MBA,N,N
174177 (2002 PH116),174177,2.03082139,3.46335627,2.74708883,0.260736905,22.6854582,287.4108028,88.29498538,2460959.196,1.17196,1663.058328,4.553205553,3.189,Asteroid,MBA,N,N
591992 (2014 KU48),591992,2.802110683,3.209157217,3.00563395,0.067713923,5.385946096,212.1790389,118.9475981,2461106.444,1.79624,1903.279449,5.210895138,3.241,Asteroid,MBA,N,N
587211 (2005 UK540),587211,2.9094594,3.238763099,3.074111249,0.053560797,7.254619152,306.0946924,149.8516523,2459922.493,1.92766,1968.692094,5.389985198,3.215,Asteroid,MBA,N,N
198886 (2005 TT10),198886,1.847316865,2.635014558,2.241165711,0.175733925,7.592875298,3.12849086,314.3115021,2459593.881,0.843396,1225.488897,3.355205742,3.603,Asteroid,MBA,N,N
228527 (2001 UN101),228527,2.190846405,2.608437164,2.399641784,0.087011062,3.287599618,76.99933457,29.82059556,2460633.785,1.20702,1357.744494,3.717301831,3.519,Asteroid,MBA,N,N
226909 (2004 TC196),226909,2.390878349,3.223346631,2.80711249,0.148278397,1.746205034,335.6481085,357.861848,2459952.927,1.38006,1717.86152,4.703248516,3.306,Asteroid,MBA,N,N
250420 (2003 WO6),250420,1.728620058,2.907404683,2.31801237,0.25426625,6.841170983,158.7386785,213.726655,2460602.267,0.732273,1289.05679,3.529245147,3.527,Asteroid,MBA,N,N
291155 (2005 YD286),291155,2.851069389,3.297622782,3.074346085,0.072625752,2.59151733,72.82053595,206.0242023,2460537.304,1.83428,1968.917685,5.390602833,3.224,Asteroid,MBA,N,N
311864 (2006 WY44),311864,2.687275014,2.858195742,2.772735378,0.030821681,0.51963716,126.062204,142.5955221,2460134.488,1.67049,1686.401821,4.617116554,3.336,Asteroid,MBA,N,N
486369 (2013 DX5),486369,2.281885902,3.010084304,2.645985103,0.137604403,8.654182672,16.580543,185.5587106,2459611.08,1.27805,1572.097652,4.304168794,3.363,Asteroid,MBA,N,N
581966 (2015 ME86),581966,2.863848034,3.413039886,3.13844396,0.08749429,9.806554821,172.6572229,233.3456153,2459817.822,1.88393,2030.813278,5.560063732,3.183,Asteroid,MBA,N,N
572764 (2008 TD138),572764,2.460656051,3.066805407,2.763730729,0.109661435,2.586521725,282.8544362,94.18496319,2459748.505,1.46301,1678.193435,4.594643217,3.33,Asteroid,MBA,N,N
569050 (2005 GW36),569050,2.205227575,3.40710879,2.806168182,0.21414989,7.942194934,29.84536966,202.7890293,2460421.938,1.19637,1716.994765,4.700875469,3.275,Asteroid,MBA,N,N
489789 (2008 CF94),489789,2.329786499,3.124834063,2.727310281,0.145756713,9.143273294,130.6280135,13.92535411,2459404.992,1.34216,1645.13011,4.504120768,3.322,Asteroid,MBA,N,N
340635 (2006 QU139),340635,2.456689288,3.860020264,3.158354776,0.222161707,26.10446788,3.187001523,66.07688837,2460502.719,1.5751,2050.169629,5.613058531,3.012,Asteroid,MBA,N,N
 14128 (1998 QX92),14128,2.365490933,3.181248187,2.77336956,0.147069699,8.988625005,192.9638789,219.2597837,2459586.565,1.38214,1686.980427,4.618700689,3.303,Asteroid,MBA,N,N
216019 (2005 UU383),216019,2.884308604,3.379057134,3.131682869,0.078990841,11.04367788,74.91624527,274.2697573,2459559.688,1.90559,2024.254399,5.542106501,3.18,Asteroid,MBA,N,N
538382 (2016 CC320),538382,2.693455567,3.32934994,3.011402753,0.10558109,9.620810701,91.48499486,230.6446416,2459885.851,1.69192,1908.761609,5.225904475,3.22,Asteroid,MBA,N,N
103469 (2000 AK211),103469,2.153382554,3.046174017,2.599778286,0.171705308,11.77317783,310.5361354,327.4037802,2459796.559,1.14606,1531.097668,4.191916955,3.365,Asteroid,MBA,N,N
  9136 Lalande (4886 T-1),9136,2.073764915,2.795531347,2.434648131,0.148228079,6.690472625,30.48085847,288.9853557,2459520.511,1.07233,1387.563068,3.798940639,3.481,Asteroid,MBA,N,N
 69329 (1993 GH1),69329,2.332579857,2.969428163,2.65100401,0.12011455,15.86420006,39.66892084,137.1217635,2460030.525,1.35422,1576.572707,4.316420827,3.326,Asteroid,MBA,N,N
 44757 (1999 TF113),44757,1.913341898,2.670443163,2.29189253,0.165169452,3.871709768,279.5036896,29.06792539,2460166.342,0.899065,1267.330248,3.469761118,3.576,Asteroid,MBA,N,N
 95713 (2003 AJ60),95713,2.166293075,3.129108844,2.64770096,0.181821094,9.83951492,1.786334572,198.843438,2460672.265,1.16582,1573.6271,4.308356195,3.347,Asteroid,MBA,N,N
382122 (2011 HD80),382122,2.666187555,2.744730858,2.705459206,0.014515707,6.582667367,173.2854529,289.5280191,2459987.299,1.6887,1625.398714,4.450099148,3.356,Asteroid,MBA,N,N
537977 (2016 AZ220),537977,2.548673966,2.907574415,2.728124191,0.06577788,7.784929023,301.4353318,318.1256698,2459621.593,1.5383,1645.866598,4.506137162,3.339,Asteroid,MBA,N,N
486988 (2014 NP45),486988,2.206111311,2.961928446,2.584019879,0.146248321,12.76409339,278.3223895,338.6523223,2459694.451,1.19453,1517.197793,4.153861173,3.373,Asteroid,MBA,N,N
348620 (2005 YE52),348620,2.006703668,2.772577035,2.389640352,0.160248668,3.545025758,122.5402682,43.00316636,2460612.091,1.01458,1349.264959,3.69408613,3.513,Asteroid,MBA,N,N
392287 (2010 CM18),392287,2.067681866,2.845157649,2.456419758,0.158253853,2.075687131,349.2932302,261.8670899,2459798.952,1.05393,1406.216857,3.850011928,3.474,Asteroid,MBA,N,N
600682 (2012 EE19),600682,2.766833764,3.502753365,3.134793564,0.117379277,13.22774306,354.7267694,134.1324262,2459831.904,1.79706,2027.271181,5.550365998,3.161,Asteroid,MBA,N,N
265080 (2003 SY170),265080,1.81366923,2.515228969,2.164449099,0.162064273,1.076785735,316.776898,40.1122229,2459872.815,0.808802,1163.106526,3.184412118,3.677,Asteroid,MBA,N,N
541143 (2013 HQ16),541143,2.39050268,2.866335131,2.628418906,0.09051686,7.681190391,142.9136075,126.1105469,2459738.958,1.38321,1556.468373,4.26137816,3.383,Asteroid,MBA,N,N
105591 (2000 RL86),105591,2.82761347,3.248540006,3.038076738,0.069275165,9.956418836,217.1979903,92.86812736,2459305.08,1.83616,1934.178431,5.29549194,3.214,Asteroid,MBA,N,N
  4174 Pikulia (1982 SB6),4174,2.728371565,3.634389726,3.181380645,0.142393863,2.316807591,126.9159933,172.7442333,2459549.969,1.71214,2072.630471,5.674552968,3.182,Asteroid,MBA,N,N
388957 (2008 TW72),388957,2.172529536,2.921712819,2.547121177,0.147064712,4.101914634,236.8446347,273.9206211,2459622.104,1.18665,1484.816677,4.065206509,3.423,Asteroid,MBA,N,N
217624 (5003 T-2),217624,1.871254013,3.183347134,2.527300574,0.259583908,5.585175102,259.1812446,125.0349884,2459604.624,0.881197,1467.519128,4.017848401,3.399,Asteroid,MBA,N,N
447458 (2006 JB29),447458,2.345638974,3.994610047,3.17012451,0.260079859,14.08097053,54.94739551,96.03286671,2459788.627,1.4047,2061.640356,5.644463672,3.103,Asteroid,MBA,N,N
613004 (2005 NZ59),613004,1.842845091,2.765682531,2.304263811,0.200245613,2.071645071,100.9519498,217.3667803,2459991.5,0.829521,1277.605362,3.497892845,3.561,Asteroid,MBA,N,N
523196 (2016 UG149),523196,2.584112011,3.379617197,2.981864604,0.133390561,3.348886131,224.705631,237.1015745,2459762.295,1.60155,1880.746692,5.149203811,3.243,Asteroid,MBA,N,N
456958 (2008 AO68),456958,2.220471876,2.827580781,2.524026329,0.120265961,3.103612681,10.01455612,173.8416719,2460514.185,1.22129,1464.668185,4.010042944,3.442,Asteroid,MBA,N,N
260555 (2005 EV199),260555,1.961779869,2.41885084,2.190315355,0.104339078,2.670168093,349.4723218,87.30115374,2460252.812,0.977949,1184.018255,3.241665312,3.665,Asteroid,MBA,N,N
277895 (2006 KP45),277895,2.953280031,3.390144731,3.171712381,0.068868902,10.19497078,61.75430827,38.91182937,2459344.271,1.97657,2063.18952,5.648705051,3.174,Asteroid,MBA,N,N
222799 (2002 CF227),222799,2.523933652,3.058639051,2.791286351,0.09578118,7.976471831,176.3099936,312.6526338,2460810.53,1.54467,1703.354393,4.663530165,3.308,Asteroid,MBA,N,N
517211 (2013 YW122),517211,1.966629616,2.650687941,2.308658778,0.148150591,3.682738861,259.0358439,255.5765396,2460627.094,0.979217,1281.262306,3.507905014,3.569,Asteroid,MBA,N,N
127322 (2002 JE100),127322,2.337115619,3.911651955,3.124383787,0.2519755,24.14301623,248.4800462,274.680696,2460217.349,1.48281,2017.181564,5.522742132,3.034,Asteroid,MBA,N,N
361269 (2006 SR399),361269,2.27351739,2.935030889,2.60427414,0.12700535,4.900578665,332.0153108,346.8074466,2459946.662,1.26021,1535.071026,4.202795416,3.396,Asteroid,MBA,N,N
207947 (1991 TU16),207947,2.396393219,2.912883403,2.654638311,0.097280707,14.95384653,49.41852652,354.936095,2459623.171,1.40523,1579.815838,4.325300036,3.334,Asteroid,MBA,N,N
514755 (2007 EH37),514755,2.029258651,2.767773314,2.398515982,0.153952416,11.68062401,351.29522,252.9799088,2459786.295,1.05269,1356.789119,3.714686156,3.483,Asteroid,MBA,N,N
267297 (2001 SZ202),267297,2.239040408,2.60833387,2.423687139,0.076184227,3.135455106,155.9854198,136.1608646,2460219.616,1.22359,1378.203233,3.773314806,3.506,Asteroid,MBA,N,N
245133 (2004 RL94),245133,2.529879325,2.92187371,2.725876517,0.071902447,4.34018941,250.5018074,87.83392553,2459813.15,1.52466,1643.832999,4.50056947,3.349,Asteroid,MBA,N,N
169292 (2001 SF306),169292,2.971196394,3.307796836,3.139496615,0.05360739,7.60139748,5.95925364,16.56085861,2460368.411,1.97339,2031.835087,5.562861291,3.195,Asteroid,MBA,N,N
334762 (2003 SM48),334762,2.465726559,3.117068031,2.791397295,0.116669432,6.354992267,259.8476337,125.1793909,2459805.979,1.47595,1703.455947,4.663808206,3.31,Asteroid,MBA,N,N
282507 (2004 PW102),282507,1.705633282,3.076277785,2.390955534,0.286631115,4.520056224,205.8497142,134.4184261,2459977.974,0.700586,1350.379001,3.697136211,3.471,Asteroid,MBA,N,N
502813 (2015 DU119),502813,2.630134203,2.748240816,2.689187509,0.021959535,6.864338838,52.61264942,321.7029493,2459609.91,1.63481,1610.757102,4.4100126,3.362,Asteroid,MBA,N,N
258075 (2001 PT10),258075,2.05533252,3.145588852,2.600460686,0.209627536,13.29000722,122.8076322,212.8264701,2459845.167,1.05608,1531.700541,4.193567531,3.346,Asteroid,MBA,N,N
193532 (2000 YC96),193532,2.171064948,3.095520601,2.633292775,0.175532258,3.005982445,140.9975219,310.1060441,2459655.986,1.18782,1560.799611,4.273236443,3.375,Asteroid,MBA,N,N
311281 (2005 EK306),311281,2.06039747,2.743618825,2.402008147,0.142218784,1.337856048,162.1950814,305.9756231,2460020.836,1.07612,1359.753361,3.722801811,3.511,Asteroid,MBA,N,N
557194 (2014 TK68),557194,2.200498548,3.14986628,2.675182414,0.177439813,7.335203266,40.24935443,309.1599521,2459988.025,1.20307,1598.190439,4.37560695,3.345,Asteroid,MBA,N,N
171687 (2000 SO18),171687,2.774339798,3.393101496,3.083720647,0.100327132,11.48199497,312.2716793,330.6901276,2459332.51,1.76373,1977.930238,5.415277858,3.189,Asteroid,MBA,N,N
150624 (2000 YF125),150624,2.582965629,3.711849887,3.147407758,0.179335559,17.07003424,64.33841122,110.6947396,2460379.433,1.64137,2039.519882,5.583901115,3.116,Asteroid,MBA,N,N
 73388 (2002 LN12),73388,2.030396706,3.107442724,2.568919715,0.209630144,8.018211516,109.2608806,131.7458769,2459905.809,1.02677,1503.918232,4.117503716,3.386,Asteroid,MBA,N,N
277367 (2005 TE193),277367,2.229333548,2.5141935,2.371763524,0.060052351,7.366926145,31.06987447,171.0118183,2459649.332,1.22454,1334.152595,3.652710732,3.531,Asteroid,MBA,N,N
578046 (2013 VB58),578046,2.656378288,2.753792174,2.705085231,0.018005696,7.624398368,80.90672035,21.45535892,2460122.822,1.67299,1625.061707,4.449176474,3.353,Asteroid,MBA,N,N
574148 (2010 CH138),574148,2.484276293,3.046694791,2.765485542,0.101685308,8.329335889,273.0758893,227.5971372,2460349.578,1.50541,1679.792026,4.599019921,3.317,Asteroid,MBA,N,N
393931 (2005 UQ110),393931,3.008027659,3.3478944,3.17796103,0.053472453,13.53330998,50.45818662,316.7947142,2459618.575,2.02401,2069.289613,5.665406196,3.155,Asteroid,MBA,N,N
328173 (2008 CM215),328173,2.154873197,2.539027043,2.34695012,0.081841076,7.225284262,96.2348759,153.9811498,2460071.841,1.14192,1313.270583,3.595538899,3.545,Asteroid,MBA,N,N
372833 (2010 UE73),372833,1.929021473,2.645547875,2.287284674,0.156632537,5.870971552,77.1608395,342.1508764,2460589.902,0.941527,1263.510213,3.459302433,3.578,Asteroid,MBA,N,N
531225 (2012 HM85),531225,2.078585283,2.718267808,2.398426545,0.133354621,3.232742964,137.4178665,90.20633056,2460113.763,1.0709,1356.71323,3.714478385,3.513,Asteroid,MBA,N,N
123520 (2000 XY3),123520,2.471822541,2.964165893,2.717994217,0.090571082,9.378705426,356.9231087,104.1805997,2460212.426,1.50741,1636.708053,4.481062432,3.335,Asteroid,MBA,N,N
541174 (2011 AE83),541174,2.812320252,2.928857757,2.870589004,0.020298535,3.245836985,94.89013383,36.58579807,2460928.888,1.8261,1776.458034,4.863677026,3.295,Asteroid,MBA,N,N
321240 (2009 BK87),321240,2.792821573,3.00729757,2.900059572,0.036977861,1.644865853,1.97755941,207.0805762,2460629.789,1.78614,1803.884826,4.938767492,3.286,Asteroid,MBA,N,N
135878 (2002 TN39),135878,1.804145869,3.332920244,2.568533056,0.297596788,4.911341555,25.69068439,353.5024538,2460025.826,0.805824,1503.578704,4.116574138,3.362,Asteroid,MBA,N,N
427384 (2014 XX28),427384,2.972177136,3.417974892,3.195076014,0.069763247,10.11001459,86.65838731,210.9932749,2460483.361,1.96066,2086.028412,5.711234529,3.168,Asteroid,MBA,N,N
  8092 (1992 DC10),8092,2.150282845,2.485103126,2.317692985,0.07223137,3.674601619,261.6468244,96.04410391,2459722.196,1.149,1288.790382,3.528515762,3.574,Asteroid,MBA,N,N
438767 (2008 UO229),438767,2.549876502,2.807756076,2.678816289,0.04813312,13.6586906,260.9662035,167.9983871,2459600.676,1.56473,1601.447934,4.384525487,3.335,Asteroid,MBA,N,N
101729 (1999 EG9),101729,1.866838954,3.337036785,2.60193787,0.28251978,13.90845662,340.5531875,9.784435045,2459801.662,0.861063,1533.005842,4.197141252,3.317,Asteroid,MBA,N,N
524123 (2000 SB131),524123,2.089973424,3.143242715,2.616608069,0.201266155,10.52434246,270.7070757,48.01674403,2459437.936,1.09188,1545.989149,4.232687609,3.354,Asteroid,MBA,N,N
325456 (2009 QT27),325456,1.9092487,3.486542482,2.697895591,0.292319278,7.152364002,168.9222226,165.4952852,2459924.225,0.899953,1618.587322,4.431450574,3.295,Asteroid,MBA,N,N
578650 (2014 EM50),578650,2.823630294,3.118487575,2.971058934,0.049621581,11.03193224,75.56843508,180.4959998,2460902.646,1.80795,1870.532795,5.121239685,3.233,Asteroid,MBA,N,N
237604 (2001 PN25),237604,1.86146731,3.909927231,2.885697271,0.354933267,6.837945671,30.80732745,258.3770038,2461029.876,0.859618,1790.50105,4.902124708,3.186,Asteroid,MBA,N,N
251991 (2000 ET52),251991,2.553704763,2.775496603,2.664600683,0.041618214,6.182650547,168.4682368,171.3486291,2460310.267,1.5444,1588.717316,4.349670955,3.374,Asteroid,MBA,N,N
107102 (2001 AV33),107102,1.959722863,2.630651623,2.295187243,0.146159918,6.483202368,67.81735188,346.7202178,2460654.841,0.970951,1270.064008,3.477245745,3.573,Asteroid,MBA,N,N
174752 (2003 UN281),174752,1.938904346,3.272895423,2.605899885,0.255955934,5.740276658,125.2273747,296.6907003,2460675.886,0.958941,1536.508676,4.206731488,3.358,Asteroid,MBA,N,N
155202 (2005 UU444),155202,1.793369402,2.634018722,2.213694062,0.189874774,1.740329828,325.0236056,26.06952624,2460731.855,0.787013,1203.025484,3.293704267,3.631,Asteroid,MBA,N,N
 70987 (1999 XA29),70987,2.606527914,2.992997875,2.799762895,0.069018338,4.733478534,105.6392051,231.2912784,2459698.106,1.59913,1711.119368,4.684789509,3.317,Asteroid,MBA,N,N
 72534 (2001 DZ99),72534,2.541461148,2.810308338,2.675884743,0.050235196,11.58364738,169.4304657,28.98605491,2460154.971,1.54618,1598.819851,4.377330188,3.348,Asteroid,MBA,N,N
294712 (2008 BU21),294712,1.963650115,2.694595413,2.329122764,0.156914292,1.559959886,320.0837095,248.5457653,2459854.85,0.958279,1298.335694,3.554649402,3.555,Asteroid,MBA,N,N
137846 (2000 AT41),137846,1.776720603,3.03809782,2.407409212,0.261978149,12.1169842,323.7416977,87.74805963,2459561.472,0.834521,1364.342173,3.735365293,3.445,Asteroid,MBA,N,N
313039 (2000 QQ25),313039,1.731427283,2.810451182,2.270939233,0.237572165,24.23589819,147.0932536,230.1709493,2460609.714,0.791707,1249.990455,3.422287351,3.462,Asteroid,MBA,N,N
231307 Peterfalk (2006 BD186),231307,2.631527426,3.102798244,2.867162835,0.082184174,1.067718962,310.697861,68.47177016,2460272.644,1.63287,1773.278566,4.854972118,3.294,Asteroid,MBA,N,N
421318 (2013 TW58),421318,2.34217818,2.947184622,2.644681401,0.114381725,11.37041915,224.7743433,183.9443368,2459872.482,1.3512,1570.935914,4.300988128,3.356,Asteroid,MBA,N,N
264860 (2002 RR119),264860,1.805033399,2.951242764,2.378138081,0.240988817,6.382774855,331.2170669,358.2223821,2460473.825,0.793426,1339.534884,3.667446637,3.492,Asteroid,MBA,N,N
472954 (2015 GE32),472954,2.336861934,3.117129666,2.7269958,0.143063611,7.124366367,203.2265537,355.0177885,2460445.785,1.3337,1644.845574,4.503341749,3.33,Asteroid,MBA,N,N
407392 (2010 SD33),407392,2.007287067,3.19339223,2.600339649,0.228067353,3.710073914,91.61660451,234.179256,2459951.39,0.997533,1531.593603,4.193274752,3.375,Asteroid,MBA,N,N
147144 (2002 TS255),147144,1.905621503,2.957335272,2.431478387,0.216270433,2.20796827,21.30758327,357.460216,2460826.088,0.906929,1384.854184,3.791524116,3.474,Asteroid,MBA,N,N
243005 (2006 UC9),243005,2.759864693,3.210426941,2.985145817,0.075467377,8.337876663,202.2524846,97.24306515,2461046.443,1.76028,1883.851877,5.157705344,3.238,Asteroid,MBA,N,N
113005 (2002 RF39),113005,2.647699137,2.895161899,2.771430518,0.044645312,4.374518226,186.8261324,191.1650256,2459438.473,1.64798,1685.21152,4.613857687,3.331,Asteroid,MBA,N,N
 66009 (1998 QZ8),66009,2.578720906,2.786228617,2.682474762,0.038678409,9.060543412,327.0794097,294.7725582,2460449.704,1.57715,1604.729712,4.393510504,3.357,Asteroid,MBA,N,N
249052 (2007 TN129),249052,2.624247758,3.466125791,3.045186775,0.138230935,9.104982998,37.76583708,13.89574581,2460238.321,1.6347,1940.972263,5.314092439,3.205,Asteroid,MBA,N,N
551303 (2013 AS131),551303,4.408716708,5.949005439,5.178861073,0.148709215,8.239545827,166.514961,273.2862985,2460083.541,3.4362,4304.76867,11.78581429,2.957,Asteroid,TJN,N,N
437283 (2013 AT96),437283,4.790413064,5.422879299,5.106646181,0.061925794,7.8709277,90.37754726,5.243838575,2460279.846,3.80596,4215.04368,11.54016066,2.978,Asteroid,TJN,N,N
589340 (2009 TX52),589340,4.877985418,5.581003854,5.229494636,0.067216671,20.11669526,241.8260424,125.444735,2459342.102,3.92121,4368.054111,11.95908039,2.873,Asteroid,TJN,N,N
336118 (2008 LT17),336118,4.923659419,5.459981227,5.191820323,0.051650652,12.85565271,202.9852544,131.3082351,2460329.486,3.93059,4320.936739,11.83008005,2.947,Asteroid,TJN,N,N
322171 (2010 XG21),322171,4.93594616,5.521391268,5.228668714,0.055984146,8.233573238,358.8942354,71.46712252,2459875.391,3.96011,4367.019346,11.95624735,2.976,Asteroid,TJN,N,N
181648 (2007 EE1),181648,4.980815692,5.290517587,5.13566664,0.030152064,3.231140642,210.4092592,135.4073286,2460766.333,3.97372,4251.025061,11.63867231,2.996,Asteroid,TJN,N,N
105904 (2000 SB197),105904,5.088807987,5.356246858,5.222527422,0.025604353,8.296145851,176.6075661,228.716285,2460992.955,4.10172,4359.327734,11.93518887,2.978,Asteroid,TJN,N,N
392451 (2010 VT83),392451,5.000974891,5.636456939,5.318715915,0.059740176,3.255596438,62.34407357,329.7977117,2459667.951,4.00647,4480.315711,12.2664359,2.993,Asteroid,TJN,N,N
420276 (2011 LY19),420276,4.916107329,5.538062145,5.227084737,0.05949347,7.124952868,256.4983197,64.45266092,2460031.406,3.91028,4365.035074,11.95081471,2.981,Asteroid,TJN,N,N
219902 (2002 EG134),219902,4.779969899,5.648738918,5.214354409,0.083305521,4.638879977,224.5219846,193.0005319,2459769.991,3.79112,4349.098519,11.9071828,2.987,Asteroid,TJN,N,N
295329 (2008 HG2),295329,4.970615252,5.428520416,5.199567834,0.044033002,10.26402547,68.70803949,167.527788,2459122.808,3.9584,4330.612245,11.85657014,2.966,Asteroid,TJN,N,N
390316 (2013 AG132),390316,4.759483726,5.728798386,5.244141056,0.09241882,13.25231276,166.7157484,312.9329914,2460552.274,3.78979,4386.417585,12.00935684,2.938,Asteroid,TJN,N,N
431868 (2008 SP134),431868,5.054052937,5.470486665,5.262269801,0.039567881,16.64523808,205.6596361,14.63814004,2461756.102,4.04856,4409.182686,12.07168429,2.914,Asteroid,TJN,N,N
589327 (2009 SA402),589327,4.675182876,5.724296507,5.199739691,0.100881361,7.592326444,17.67613787,44.15810159,2460033.222,3.6919,4330.826951,11.85715798,2.972,Asteroid,TJN,N,N
391880 (2008 TT141),391880,4.880441023,5.542922941,5.211681982,0.0635574,15.75763568,17.13139733,332.6070015,2458794.997,3.88331,4345.75549,11.89803009,2.921,Asteroid,TJN,N,N
187019 (2004 YU36),187019,4.960296744,5.543070793,5.251683769,0.055484496,12.16706624,135.5086897,271.251099,2461093.255,3.99656,4395.884545,12.03527596,2.952,Asteroid,TJN,N,N
 54653 (2000 SB350),54653,4.95600777,5.512180591,5.234094181,0.053129806,16.46263801,97.68742136,258.6042852,2460318.119,3.99662,4373.818189,11.97486157,2.915,Asteroid,TJN,N,N
433675 (2014 DK125),433675,4.759368451,5.60379499,5.181581721,0.081483472,12.97137312,150.3734436,219.378662,2459162.502,3.76814,4308.161297,11.7951028,2.943,Asteroid,TJN,N,N
550015 (2011 WZ167),550015,4.477309244,5.837537348,5.157423296,0.1318709,10.25149345,290.7717275,112.325673,2459665.101,3.50279,4278.067112,11.71270941,2.951,Asteroid,TJN,N,N
601274 (2013 AT135),601274,5.081464157,5.219620945,5.150542551,0.013411868,7.400675512,151.474847,125.7398706,2458098.682,4.07057,4269.508633,11.68927757,2.983,Asteroid,TJN,N,N
389313 (2009 SU76),389313,4.476950186,6.01623301,5.246591598,0.1466936,6.235174349,110.6393059,53.80312886,2460924.288,3.48844,4389.492547,12.01777563,2.967,Asteroid,TJN,N,N
316146 (2009 SV347),316146,4.695041627,5.55075687,5.122899248,0.083518648,1.562444747,241.054348,208.2801666,2459948.18,3.71034,4235.18269,11.59529826,2.993,Asteroid,TJN,N,N
182487 (2001 SK158),182487,4.856919039,5.45637156,5.156645299,0.058124273,23.0080793,198.6282737,106.9589279,2460094.771,3.92452,4277.09913,11.71005922,2.839,Asteroid,TJN,N,N
393205 (2013 CW206),393205,4.553433097,5.89752172,5.225477408,0.12860917,6.186085456,180.4133529,280.7383779,2460206.689,3.57601,4363.021856,11.94530282,2.972,Asteroid,TJN,N,N
360058 (2013 AL92),360058,4.743862056,5.670520479,5.207191268,0.08897872,6.943094135,70.54559186,53.39635941,2460528.405,3.76399,4340.139834,11.88265526,2.977,Asteroid,TJN,N,N
603620 (2015 FS146),603620,5.16686414,5.381311422,5.274087781,0.020330272,9.937945025,170.453531,126.8865975,2458337.295,4.16176,4424.044204,12.11237291,2.97,Asteroid,TJN,N,N
546693 (2010 WF78),546693,4.856148199,5.684522004,5.270335102,0.078588343,8.890758038,102.3218823,302.6943822,2459514.392,3.87529,4419.323274,12.0994477,2.97,Asteroid,TJN,N,N
200036 (2007 RH77),200036,5.049750013,5.501229318,5.275489665,0.042790275,3.341128543,332.7592458,178.9333993,2460800.504,4.05895,4425.808227,12.11720254,2.995,Asteroid,TJN,N,N
516604 (2007 JK46),516604,5.194611394,5.312111957,5.253361676,0.011183369,22.94775187,50.94224674,157.8928806,2458546.469,4.18741,4397.991434,12.04104431,2.841,Asteroid,TJN,N,N
546543 (2010 VB231),546543,4.653532972,5.815071137,5.234302055,0.110954446,16.63366173,61.17811437,353.752148,2459847.562,3.66486,4374.078753,11.97557496,2.904,Asteroid,TJN,N,N
599570 (2010 MY147),599570,4.778501021,5.732148472,5.255324746,0.090731543,27.70990115,119.8495766,195.8716599,2459920.736,3.76948,4400.456819,12.04779417,2.762,Asteroid,TJN,N,N
237710 (2001 UW184),237710,4.871104394,5.632432133,5.251768264,0.072482991,17.46984624,53.66366416,241.0589298,2459979.181,3.89438,4395.990634,12.03556642,2.902,Asteroid,TJN,N,N
548819 (2010 VP225),548819,4.825242232,5.476694093,5.150968162,0.063235866,18.70604517,310.550143,52.50164243,2459363.285,3.85208,4270.037855,11.6907265,2.891,Asteroid,TJN,N,N
355808 (2008 SK275),355808,5.018568862,5.626424173,5.322496518,0.057102462,10.05511922,332.702754,103.168943,2459936.192,4.05046,4485.093548,12.2795169,2.966,Asteroid,TJN,N,N
   588 Achilles (A906 DN),588,4.437222383,5.98320968,5.210216032,0.148361151,10.31949694,316.5373838,133.7743648,2460068.537,3.46286,4343.922048,11.8930104,2.946,Asteroid,TJN,N,N
184985 (2006 CC51),184985,4.573143294,5.535948442,5.054545868,0.095241509,4.766929436,145.1972391,164.3517349,2459914.778,3.55838,4150.702817,11.36400498,2.985,Asteroid,TJN,N,N
195337 (2002 EG142),195337,4.817056487,5.648019744,5.232538116,0.079403459,4.481320343,37.80738242,19.9951849,2459948.976,3.82846,4371.867868,11.96952188,2.988,Asteroid,TJN,N,N
316164 (2009 VM71),316164,4.851083692,5.743395307,5.297239499,0.084224209,6.916390683,83.22914825,25.32062359,2460034.065,3.86809,4453.206558,12.19221508,2.978,Asteroid,TJN,N,N
129137 Hippolochos (2005 AP27),129137,4.826755571,5.426046132,5.126400852,0.058451395,12.51493623,114.5074231,232.3247231,2460518.704,3.83448,4239.525679,11.60718872,2.95,Asteroid,TJN,N,N
164210 (2004 JH21),164210,4.856361878,5.522512965,5.189437421,0.064183363,4.04790527,203.1661433,234.5445514,2460080.386,3.8725,4317.962295,11.82193647,2.991,Asteroid,TJN,N,N
185666 (1995 FT9),185666,4.772405082,5.808514268,5.290459675,0.097922416,14.23171069,169.1576475,88.76613556,2459245.722,3.79594,4444.659948,12.16881574,2.929,Asteroid,TJN,N,N
599283 (2009 VQ56),599283,4.334180464,6.145131972,5.239656218,0.172812054,4.969107916,221.2009478,234.8050092,2459981.725,3.35282,4380.791832,11.99395436,2.962,Asteroid,TJN,N,N
 99306 (2001 SC101),99306,5.021092413,5.239623493,5.130357953,0.021297839,5.535061481,134.282275,125.1811612,2459759.557,4.00849,4244.435402,11.6206308,2.99,Asteroid,TJN,N,N
429095 (2009 SU8),429095,4.886922554,5.50538132,5.196151937,0.059511228,11.10468196,183.7386932,217.8273651,2459803.001,3.90086,4326.3454,11.84488816,2.959,Asteroid,TJN,N,N
601255 (2013 AC71),601255,4.814774335,5.454326981,5.134550658,0.06227932,18.59720651,310.0205808,193.3078086,2460688.547,3.82913,4249.639513,11.63487889,2.893,Asteroid,TJN,N,N
574761 (2010 VN250),574761,4.800821007,5.677241608,5.239031308,0.083643383,13.53393014,237.0581544,202.9229458,2460150.053,3.81929,4380.008138,11.99180873,2.937,Asteroid,TJN,N,N
588750 (2008 SE325),588750,4.734741134,5.736678399,5.235709767,0.095683041,13.45309801,170.3191961,249.6305201,2459688.023,3.77469,4375.843417,11.98040634,2.936,Asteroid,TJN,N,N
228077 (2008 QD6),228077,4.649449005,5.768312717,5.208880861,0.107399626,16.06371559,203.0339991,182.6106808,2459546.888,3.65272,4342.252393,11.88843913,2.911,Asteroid,TJN,N,N
 52767 Ophelestes (1998 MW41),52767,5.156735684,5.420884067,5.288809875,0.024972384,12.80750442,98.46510909,202.2889611,2460006.847,4.14308,4442.581047,12.16312402,2.949,Asteroid,TJN,N,N
599180 (2009 SR400),599180,5.051689214,5.570535922,5.311112568,0.048845388,8.140064756,69.71506517,278.738608,2458999.229,4.05692,4470.711923,12.24014216,2.978,Asteroid,TJN,N,N
609345 (2005 AW72),609345,4.769291711,5.60939247,5.189342091,0.080944824,17.35551917,313.1892607,78.78230118,2460992.25,3.82633,4317.843313,11.82161071,2.903,Asteroid,TJN,N,N
287574 (2003 FU32),287574,4.970795463,5.381105521,5.175950492,0.039636204,14.81705434,14.13934487,307.2463568,2458570.919,3.98203,4301.140184,11.77588004,2.932,Asteroid,TJN,N,N
228107 (2008 SS231),228107,5.046665855,5.337151792,5.191908823,0.027974869,4.669516695,253.6025242,114.9268734,2459055.964,4.04817,4321.047222,11.83038254,2.993,Asteroid,TJN,N,N
356216 (2009 SH69),356216,4.722855504,5.720972531,5.221914018,0.095570037,5.365176597,121.4515205,289.9910787,2459665.248,3.73756,4358.559728,11.93308618,2.982,Asteroid,TJN,N,N
437720 (2014 DB110),437720,4.679571084,5.591116259,5.135343672,0.08875211,8.49292721,133.0739864,338.1986649,2460317.625,3.6965,4250.624064,11.63757444,2.971,Asteroid,TJN,N,N
605444 (2016 LY20),605444,4.938501174,5.344913403,5.141707288,0.039521136,14.05448761,80.86435659,319.251333,2459375.487,3.96037,4258.527445,11.65921272,2.939,Asteroid,TJN,N,N
 30498 (2000 QK100),30498,4.798688445,5.754925796,5.276807121,0.090607571,4.67692849,107.4127701,242.9187077,2460557.431,3.79523,4427.466226,12.12174189,2.985,Asteroid,TJN,N,N
 51345 (2000 QH137),51345,4.435395144,5.999886798,5.217640971,0.149923276,13.93179914,292.8576578,126.6341703,2461301.822,3.47038,4353.210965,11.91844207,2.919,Asteroid,TJN,N,N
356427 (2010 VJ122),356427,4.879651398,5.456157305,5.167904351,0.055777533,7.845457964,272.7761208,168.328666,2460152.078,3.89473,4291.114742,11.74843187,2.978,Asteroid,TJN,N,N
 89924 (2002 ED51),89924,5.098189193,5.415609623,5.256899408,0.030190841,1.221453819,20.31096602,106.9763295,2460732.309,4.11209,4402.434741,12.05320942,2.999,Asteroid,TJN,N,N
291327 (2006 BQ194),291327,4.582138606,5.757708412,5.169923509,0.113693153,5.56426408,294.6581138,346.9859605,2459560.667,3.56533,4293.629866,11.75531791,2.978,Asteroid,TJN,N,N
575243 (2011 PU15),575243,4.868989983,5.518044275,5.193517129,0.062486969,24.07431298,190.5780673,186.98634,2460627.008,3.87003,4323.055184,11.83588004,2.823,Asteroid,TJN,N,N
599069 (2009 SR29),599069,4.749781998,5.537748647,5.143765322,0.076594343,3.804203309,39.21724522,4.698552809,2459608.618,3.75775,4261.084496,11.66621354,2.99,Asteroid,TJN,N,N
435560 (2008 RS9),435560,5.155517805,5.287321387,5.221419596,0.012621432,7.928086838,342.5905692,70.46868927,2459532.522,4.17165,4357.940727,11.93139145,2.981,Asteroid,TJN,N,N
596079 (2004 YF37),596079,4.82270762,5.462613779,5.142660699,0.062215475,9.897311285,296.8022621,131.554603,2461442.641,3.84592,4259.711969,11.66245577,2.967,Asteroid,TJN,N,N
264073 (2009 SA184),264073,4.640322444,5.833984409,5.237153426,0.113960951,5.285978009,280.8049917,124.9583136,2459675.189,3.65256,4377.653391,11.98536178,2.978,Asteroid,TJN,N,N
585987 (2000 GH189),585987,4.615565739,5.95635743,5.285961585,0.126825713,13.82709461,27.83391626,43.02377134,2460061.58,3.64373,4438.9927,12.15329966,2.926,Asteroid,TJN,N,N
 23706 (1997 SY32),23706,4.767625921,5.722731057,5.245178489,0.091046009,6.799882925,21.80288129,9.418793522,2459515.05,3.77251,4387.719278,12.01292068,2.978,Asteroid,TJN,N,N
219896 (2002 EW111),219896,4.999785885,5.362092894,5.18093939,0.034965378,2.020515054,27.0269742,330.1583391,2459039,3.99484,4307.360234,11.79290961,2.998,Asteroid,TJN,N,N
 30499 (2000 QE169),30499,4.876656784,5.47271116,5.174683972,0.057593312,3.912271674,267.0164718,107.4630408,2460650.117,3.87935,4299.56159,11.77155808,2.992,Asteroid,TJN,N,N
392222 (2009 UA99),392222,5.090127609,5.516451083,5.303289346,0.04019425,22.32292378,55.6672465,75.81833843,2460545.117,4.17777,4460.837582,12.21310769,2.847,Asteroid,TJN,N,N
 41417 (2000 AL233),41417,4.97068069,5.429603128,5.200141909,0.044125953,1.723501611,119.892711,328.6676867,2459642.142,3.98598,4331.329467,11.85853379,2.997,Asteroid,TJN,N,N
355758 (2008 QM42),355758,5.235423104,5.309928685,5.272675895,0.007065253,5.624093345,234.1069322,209.8289593,2460142.068,4.25012,4422.267831,12.10750946,2.99,Asteroid,TJN,N,N
546527 (2010 VO225),546527,4.97722106,5.302546276,5.139883668,0.031647138,13.12024109,345.5340308,73.4177178,2459945.692,4.01381,4256.262075,11.65301047,2.947,Asteroid,TJN,N,N
  5041 Theotes (1973 SW1),5041,5.012345782,5.389454518,5.20090015,0.03625418,10.57709653,29.87944913,103.3271654,2460413.196,4.04379,4332.276839,11.86112755,2.965,Asteroid,TJN,N,N
 89878 (2002 CL207),89878,4.871610982,5.378581343,5.125096162,0.049459595,1.746171077,72.60078501,304.1622875,2459230.913,3.87255,4237.907318,11.60275789,2.997,Asteroid,TJN,N,N
315928 (2008 SP198),315928,5.036302765,5.593109898,5.314706332,0.052383622,9.492128514,285.3343621,135.5966768,2459786.192,4.0563,4475.25035,12.25256769,2.97,Asteroid,TJN,N,N
 47962 (2000 RU69),47962,4.791064478,5.755843558,5.273454018,0.091475063,20.09744218,19.44250221,4.063364646,2460777.276,3.79374,4423.246802,12.11018974,2.87,Asteroid,TJN,N,N
  4836 Medon (1989 CK1),4836,4.646023688,5.787238673,5.21663118,0.109382372,19.39238341,82.05706687,34.04708458,2460299.614,3.67915,4351.947285,11.9149823,2.875,Asteroid,TJN,N,N
191914 (2005 MT14),191914,5.0173635,5.437774151,5.227568826,0.040210915,8.076469148,130.8185712,263.4972702,2459707.293,4.03439,4365.641467,11.95247493,2.979,Asteroid,TJN,N,N
353971 (2000 AE210),353971,5.108971611,5.237503222,5.173237416,0.012422744,26.80917914,266.6075426,23.50557193,2458237.209,4.09632,4297.758836,11.76662241,2.786,Asteroid,TJN,N,N
508854 (2002 GC192),508854,4.782603093,5.495957748,5.13928042,0.069402192,6.565317927,294.7269184,179.6780478,2460349.863,3.79766,4255.512786,11.65095903,2.982,Asteroid,TJN,N,N
602224 (2014 EH117),602224,5.097004921,5.387407443,5.242206182,0.027698502,21.64826124,333.6573223,293.3589803,2462244.548,4.12994,4383.990196,12.00271101,2.858,Asteroid,TJN,N,N
186106 (2001 TW56),186106,5.04904837,5.398549358,5.223798864,0.033452761,7.518066586,200.5464371,236.5341955,2461494.409,4.0696,4360.919769,11.93954762,2.982,Asteroid,TJN,N,N
344006 (2011 QD77),344006,4.382183737,6.05231069,5.217247213,0.160058253,3.647933743,289.2393931,13.84642035,2459748.287,3.36642,4352.718192,11.91709293,2.97,Asteroid,TJN,N,N
184986 (2006 DW143),184986,4.704694032,5.733538351,5.219116192,0.098564995,2.675809252,9.092183995,5.717731748,2460737.506,3.7049,4355.057317,11.9234971,2.988,Asteroid,TJN,N,N
 25938 Stoch (2001 DC102),25938,4.300215854,6.001333512,5.150774683,0.165132214,12.76255848,13.79074269,102.2125046,2460149.772,3.3449,4269.797272,11.69006782,2.924,Asteroid,TJN,N,N
416776 (2005 EM298),416776,5.157968766,5.60181305,5.379890908,0.041250305,1.490083401,42.13488346,312.3285275,2460523.882,4.15241,4557.835332,12.47867305,2.998,Asteroid,TJN,N,N
 65229 (2002 EE61),65229,4.919446851,5.314360179,5.116903515,0.038589093,7.266384388,188.2861781,234.5860691,2459562.692,3.93702,4227.749713,11.57494788,2.983,Asteroid,TJN,N,N
572472 (2008 KX24),572472,4.926167284,5.590968627,5.258567956,0.063211253,16.77009852,135.7522599,53.71499024,2458352.761,3.95823,4404.530917,12.05894844,2.911,Asteroid,TJN,N,N
392462 (2010 XB77),392462,4.911617017,5.663093746,5.287355382,0.071063573,8.716228409,94.31803359,299.3662732,2459510.677,3.92828,4440.748519,12.15810683,2.972,Asteroid,TJN,N,N
264138 (2009 UX77),264138,4.89809329,5.5378492,5.217971245,0.061303127,4.346266456,245.6018103,80.28802534,2458734.59,3.88913,4353.624306,11.91957373,2.99,Asteroid,TJN,N,N
337860 (2001 VY128),337860,4.738831965,5.546441608,5.142636787,0.078520969,26.56972071,59.46391925,242.2108812,2459693.335,3.80172,4259.682258,11.66237442,2.785,Asteroid,TJN,N,N
598370 (2008 QP51),598370,5.171838072,5.421029441,5.296433756,0.023524449,2.792588165,284.8837738,232.5894896,2460985.655,4.18038,4452.190557,12.18943342,2.997,Asteroid,TJN,N,N
242917 (2006 OZ2),242917,4.930681454,5.626643878,5.278662666,0.06592223,14.80316671,310.1309605,56.28979592,2459000.487,3.95199,4429.801753,12.12813622,2.929,Asteroid,TJN,N,N
590389 (2011 YL47),590389,4.826624221,5.453386536,5.140005378,0.060969033,10.77028467,138.276317,306.0988201,2459780.812,3.85517,4256.413255,11.65342438,2.961,Asteroid,TJN,N,N
335789 (2007 GN13),335789,4.954280039,5.470455012,5.212367525,0.049514445,13.58229904,170.3810219,23.8348989,2458652.287,3.95833,4346.612978,11.90037776,2.942,Asteroid,TJN,N,N
490820 (2010 VA148),490820,4.674225443,5.570037256,5.12213135,0.087445221,6.996433278,202.8961208,222.7970357,2459801.589,3.69063,4234.230475,11.59269124,2.978,Asteroid,TJN,N,N
600556 (2012 BB79),600556,4.609844299,5.81610074,5.21297252,0.115697564,22.23006367,95.40395984,349.1849139,2460050.625,3.62729,4347.369761,11.90244972,2.839,Asteroid,TJN,N,N
586393 (2003 GS57),586393,4.893143951,5.57820998,5.235676965,0.06542287,29.32983026,180.4535086,247.2512409,2459936.916,3.99498,4375.802296,11.98029376,2.739,Asteroid,TJN,N,N
178268 (2008 AH32),178268,5.170928799,5.353326439,5.262127619,0.017331168,11.97554487,140.2773853,303.7106325,2461759.142,4.20084,4409.003988,12.07119504,2.956,Asteroid,TJN,N,N
484540 (2008 FV120),484540,4.979496823,5.339997288,5.159747055,0.034933928,27.71566848,29.38030862,342.235682,2460991.158,3.98713,4280.958765,11.72062632,2.77,Asteroid,TJN,N,N
618288 (2007 HS100),618288,5.154682223,5.40286306,5.278772642,0.023507438,11.1886805,32.28569242,335.8172394,2460499.043,4.15733,4429.94019,12.12851524,2.961,Asteroid,TJN,N,N
486021 (2012 SQ49),486021,5.079738458,5.239425587,5.159582022,0.015474813,30.35163082,183.6669765,106.9924162,2459541.334,4.12088,4280.753379,11.72006401,2.727,Asteroid,TJN,N,N
420749 (2012 XU93),420749,4.952831472,5.435321387,5.194076429,0.04644617,7.692905122,273.8791005,189.1440071,2461848.558,3.96861,4323.753541,11.83779203,2.98,Asteroid,TJN,N,N
585851 (2019 LM),585851,4.844412607,5.354594948,5.099503777,0.050022744,26.99920139,210.198377,170.1064485,2459329.41,3.84968,4206.203724,11.51595818,2.782,Asteroid,TJN,N,N
297644 (2001 TJ176),297644,4.678148532,5.667068962,5.172608747,0.095592039,12.91464353,201.1138634,179.5520664,2460834.9,3.68008,4296.975443,11.7644776,2.941,Asteroid,TJN,N,N
590811 (2012 TN297),590811,4.401958762,6.03974184,5.220850301,0.156850224,19.72846707,112.0413186,22.83254654,2460666.682,3.42448,4357.228022,11.92944017,2.859,Asteroid,TJN,N,N
356223 (2009 SH197),356223,4.43857641,5.973737487,5.206156948,0.147437072,9.359302617,231.2001567,252.4519782,2460491.292,3.46815,4338.846757,11.87911501,2.952,Asteroid,TJN,N,N
585784 (2019 GK13),585784,4.676261191,5.697099434,5.186680312,0.098409597,17.47669716,200.8436601,43.5497811,2459114.762,3.68779,4314.521601,11.81251636,2.899,Asteroid,TJN,N,N
575275 (2011 QJ46),575275,4.62938308,5.904102379,5.266742729,0.121015907,19.26146388,149.0540471,185.1518013,2460172.374,3.61899,4414.805586,12.08707895,2.874,Asteroid,TJN,N,N
395692 (2012 AF1),395692,4.610259844,5.815229772,5.212744808,0.115579217,13.56468871,119.1278042,356.9516629,2460307.891,3.62526,4347.084913,11.90166985,2.931,Asteroid,TJN,N,N
228122 (2008 UH11),228122,5.0464368,5.496307325,5.271372063,0.042671103,4.183811939,5.870853532,58.91235893,2459736.964,4.0609,4420.627619,12.10301881,2.993,Asteroid,TJN,N,N
222056 (1998 WK24),222056,4.833708922,5.336781454,5.085245188,0.049463941,3.31776449,355.4867239,25.40336798,2459357.038,3.83564,4188.574777,11.46769275,2.995,Asteroid,TJN,N,N
341021 (2007 GS6),341021,4.780797229,5.561825935,5.171311582,0.075515533,5.140636053,8.442806824,289.4675945,2459656.224,3.76904,4295.359178,11.76005251,2.986,Asteroid,TJN,N,N
514997 (2009 KP14),514997,4.539985838,5.870477196,5.205231517,0.127803283,18.16003907,152.0768765,131.9973995,2459757.142,3.55462,4337.689917,11.87594775,2.885,Asteroid,TJN,N,N
 29976 (1999 NE9),29976,5.11622774,5.215626554,5.165927147,0.009620617,30.07030022,318.8944554,97.34698416,2461072.016,4.15568,4288.652351,11.74169021,2.732,Asteroid,TJN,N,N
606917 (2019 MJ12),606917,4.290640562,6.078093594,5.184367078,0.172388741,11.87608337,135.0100052,278.0361404,2459732.003,3.32782,4311.635539,11.80461475,2.928,Asteroid,TJN,N,N
532615 (2013 TJ171),532615,4.94687892,5.478526724,5.212702822,0.050995407,8.667938486,129.0767956,253.8843799,2460723.818,3.96149,4347.032393,11.90152606,2.975,Asteroid,TJN,N,N
341865 (2008 FA132),341865,4.67800449,5.624594395,5.151299443,0.09187875,5.304808395,45.85894352,308.250266,2460510.834,3.67596,4270.449798,11.69185434,2.983,Asteroid,TJN,N,N
 24467 (2000 SS165),24467,4.715089539,5.79051433,5.252801935,0.102366775,16.39166643,243.469132,82.16005769,2460070.913,3.75285,4397.288549,12.03911992,2.908,Asteroid,TJN,N,N
591754 (2014 DM174),591754,4.866029129,5.578936534,5.222482832,0.068253686,11.94346608,104.5421066,297.3035889,2459655.407,3.89496,4359.271903,11.93503601,2.952,Asteroid,TJN,N,N
 15094 Polymele (1999 WB2),15094,4.680250689,5.684267949,5.182259319,0.096870612,12.98096389,50.31464509,4.991352597,2459472.49,3.69091,4309.006395,11.79741655,2.94,Asteroid,TJN,N,N
254630 (2005 JJ60),254630,4.919041956,5.208643337,5.063842647,0.028595022,7.130265535,121.0567427,265.713545,2459492.039,3.93121,4162.159604,11.39537195,2.984,Asteroid,TJN,N,N
421382 (2013 UE4),421382,4.921545613,5.437236075,5.179390844,0.049782926,24.4683564,63.08690514,172.8532326,2459170.334,3.90928,4305.42922,11.78762278,2.819,Asteroid,TJN,N,N
239903 (2000 SF129),239903,5.031500564,5.389678753,5.210589659,0.034370216,6.363548819,280.4071206,70.12267264,2460187.557,4.03074,4344.389313,11.8942897,2.986,Asteroid,TJN,N,N
473718 (2015 YU20),473718,4.934767782,5.422381545,5.178574664,0.04707992,27.88853514,4.351678554,337.7592128,2460132.298,3.93884,4304.411571,11.78483661,2.766,Asteroid,TJN,N,N
 11554 Asios (1993 BZ12),11554,4.942864033,5.627907311,5.285385672,0.06480542,13.69875158,128.0712136,129.0135266,2459178.302,3.94598,4438.267268,12.15131353,2.939,Asteroid,TJN,N,N
509697 (2008 RE99),509697,4.935099736,5.428686868,5.181893302,0.047626138,4.876604939,197.7960599,138.2388302,2458735.251,3.927,4308.549893,11.79616672,2.991,Asteroid,TJN,N,N
228085 (2008 RT29),228085,4.977298687,5.306501094,5.141899891,0.032011748,4.34451741,182.5077309,195.2222214,2459157.42,3.97787,4258.766727,11.65986784,2.993,Asteroid,TJN,N,N
356218 (2009 SZ117),356218,4.493726153,5.979430613,5.236578383,0.141858323,5.084556318,232.6550382,207.6254834,2460107.43,3.50922,4376.932407,11.98338783,2.972,Asteroid,TJN,N,N
591011 (2013 BM),591011,4.853265511,5.543297112,5.198281311,0.066371129,6.314142946,354.7190536,210.7587668,2461593.76,3.8504,4329.005067,11.85216993,2.983,Asteroid,TJN,N,N
315938 (2008 TV49),315938,4.852695032,5.596803437,5.224749235,0.071209964,4.33152698,21.03671898,10.26838743,2459204.191,3.85746,4362.109903,11.94280603,2.989,Asteroid,TJN,N,N
312782 (2010 VB46),312782,4.99862104,5.309574434,5.154097737,0.030165648,22.26572761,247.2989721,43.81465547,2458243.863,4.00526,4273.929967,11.70138253,2.851,Asteroid,TJN,N,N
316461 (2010 UQ91),316461,4.787939009,5.566222461,5.177080735,0.075166246,7.791147807,312.1266509,106.426394,2459793.351,3.80987,4302.549084,11.7797374,2.976,Asteroid,TJN,N,N
153758 (2001 UQ214),153758,5.090736063,5.435047687,5.262891875,0.032711258,4.105986202,156.9033696,122.7448844,2459635.467,4.0759,4409.964549,12.07382491,2.994,Asteroid,TJN,N,N
595529 (2003 GT57),595529,4.906084517,5.400418287,5.153251402,0.047963289,7.903384033,102.9304928,275.8637987,2459315.125,3.91904,4272.877302,11.69850048,2.979,Asteroid,TJN,N,N
309707 (2008 GC1),309707,4.74794204,5.45136797,5.099655005,0.068967992,34.79221794,255.3569411,167.2875851,2459914.612,3.7656,4206.39083,11.51647045,2.642,Asteroid,TJN,N,N
231666 Aisymnos (1960 SX),231666,5.019147656,5.582420136,5.300783896,0.053131055,5.271898381,237.2043272,209.3410433,2460237.004,4.03528,4457.676784,12.20445389,2.989,Asteroid,TJN,N,N
388876 (2008 RE29),388876,5.12927871,5.315765419,5.222522065,0.017854085,31.04978525,356.1266049,44.46317545,2459550.356,4.14728,4359.321025,11.9351705,2.713,Asteroid,TJN,N,N
222791 (2002 CG205),222791,4.69039777,5.563675055,5.127036412,0.085163944,2.942452032,349.5761833,99.77607232,2460270.805,3.7072,4240.314115,11.60934734,2.99,Asteroid,TJN,N,N
514535 (2017 BX27),514535,4.819449456,5.650849252,5.235149354,0.079405547,29.1585265,153.643343,169.9315061,2459915.917,3.81029,4375.140872,11.97848288,2.74,Asteroid,TJN,N,N
  2920 Automedon (1981 JR),2920,4.970093068,5.257818455,5.113955761,0.028131392,21.11159035,230.9456677,198.6845875,2459837.339,3.98526,4224.096947,11.56494715,2.866,Asteroid,TJN,N,N
  4792 Lykaon (1988 RK1),4792,4.764783491,5.73537445,5.250078971,0.092435844,9.340358641,61.922129,284.0985268,2460470.721,3.77317,4393.869772,12.02975981,2.965,Asteroid,TJN,N,N
256556 (2007 RD237),256556,5.064758057,5.337930869,5.201344463,0.026259827,3.804577147,306.495858,151.3603061,2460217.383,4.08088,4332.83201,11.86264753,2.995,Asteroid,TJN,N,N
515442 (2013 TW90),515442,5.025481926,5.313941851,5.169711888,0.027899033,12.7799795,9.170950185,37.03585543,2461215.432,4.03933,4293.366242,11.75459615,2.95,Asteroid,TJN,N,N
254681 (2005 MU3),254681,4.975561057,5.368256871,5.171908964,0.037964301,15.13959296,90.64976381,280.163931,2459243.376,4.01691,4296.103489,11.76209032,2.929,Asteroid,TJN,N,N
243325 (2008 SR154),243325,4.903307339,5.538821921,5.22106463,0.060860632,18.70525858,14.95374492,293.6767521,2458475.048,3.94026,4357.496337,11.93017478,2.891,Asteroid,TJN,N,N
586194 (2002 CY315),586194,4.873311649,5.43261036,5.152961005,0.054269643,9.4022767,157.4065158,338.6785884,2460527.73,3.88725,4272.516128,11.69751164,2.97,Asteroid,TJN,N,N
356265 (2009 VQ26),356265,4.812788572,5.657480275,5.235134423,0.080675264,8.711858464,15.81403274,57.26698766,2459919.544,3.83592,4375.122156,11.97843164,2.97,Asteroid,TJN,N,N
439402 (2013 BA46),439402,4.931461437,5.524695711,5.228078574,0.056735402,16.15076503,94.83648661,2.730561157,2460274.408,3.94704,4366.280034,11.95422323,2.918,Asteroid,TJN,N,N
467777 (2009 WM24),467777,4.566410792,5.85596368,5.211187236,0.12372928,23.01258341,60.71466575,305.8331225,2459058.219,3.6237,4345.13669,11.89633591,2.827,Asteroid,TJN,N,N
266808 (2009 SN355),266808,4.637836286,5.603863209,5.120849748,0.094322912,6.881053104,209.4605427,223.235699,2460016.084,3.65532,4232.641412,11.58834062,2.977,Asteroid,TJN,N,N
591150 (2013 CQ223),591150,4.922038011,5.492443866,5.207240938,0.05477045,8.351620053,182.8990278,245.5271265,2459670.202,3.94511,4340.201935,11.88282528,2.976,Asteroid,TJN,N,N
490014 (2008 SE245),490014,5.192565948,5.485820787,5.339193368,0.027462467,8.489408848,298.8320812,75.22287532,2459249.922,4.20324,4506.214925,12.33734408,2.978,Asteroid,TJN,N,N
459422 (2012 RA9),459422,4.856515582,5.385021939,5.12076876,0.051604201,29.21371799,272.8925233,354.5194779,2459495.289,3.84026,4232.541002,11.58806571,2.746,Asteroid,TJN,N,N
 15398 (1997 UZ23),15398,4.997764027,5.269886895,5.133825461,0.026502933,28.46114694,189.5961178,315.4687131,2460736.069,4.0269,4248.739224,11.63241403,2.759,Asteroid,TJN,N,N
325877 (2010 TJ168),325877,4.651319336,5.591297555,5.121308445,0.091771295,17.11176947,24.21248758,65.14610032,2460357.937,3.70823,4233.21013,11.58989769,2.904,Asteroid,TJN,N,N
589939 (2010 VA263),589939,4.77425674,5.504264143,5.139260441,0.071022612,6.139772019,259.0709621,125.3784585,2459487.691,3.78219,4255.487971,11.65089109,2.984,Asteroid,TJN,N,N
 23119 (2000 AP33),23119,4.561940376,5.957713012,5.259826694,0.132682379,18.43946976,317.4772298,63.48113454,2459286.561,3.61073,4406.112474,12.06327851,2.88,Asteroid,TJN,N,N
599105 (2009 SF186),599105,5.019147991,5.504868514,5.262008253,0.046153531,13.97958289,40.84132891,35.67208858,2460062.824,4.0419,4408.853968,12.07078431,2.938,Asteroid,TJN,N,N
593229 (2015 HR171),593229,4.808796051,5.581698624,5.195247338,0.074385542,37.12751363,97.08688162,9.254088494,2460326.222,3.82683,4325.215688,11.84179518,2.59,Asteroid,TJN,N,N
295500 (2008 RQ45),295500,4.772534638,5.592676809,5.182605724,0.0791245,7.485883639,21.2855493,22.12671596,2459386.523,3.78152,4309.438451,11.79859946,2.977,Asteroid,TJN,N,N
 13182 (1996 SO8),13182,4.624245826,5.803546837,5.213896332,0.113092104,5.083767886,302.9158389,66.91436197,2459304.854,3.62715,4348.525434,11.90561378,2.979,Asteroid,TJN,N,N
545544 (2011 PD20),545544,5.044460687,5.310971272,5.17771598,0.025736308,17.61836375,34.76414051,292.3040197,2460066.497,4.07704,4303.341013,11.78190558,2.906,Asteroid,TJN,N,N
599824 (2010 VY262),599824,4.620124198,5.637039144,5.128581671,0.099141928,19.72296599,62.06408813,18.23596203,2459973.181,3.63934,4242.231268,11.61459622,2.874,Asteroid,TJN,N,N
 22203 Prothoenor (6020 P-L),22203,4.6859141,5.71940997,5.202662035,0.099323756,1.379736848,189.3891131,96.78201496,2458252.295,3.66924,4334.478463,11.86715527,2.99,Asteroid,TJN,N,N
322520 (2011 YD8),322520,4.985225204,5.373065712,5.179145458,0.037442519,11.89192803,271.9646833,192.8273797,2460180.191,4.00176,4305.123254,11.78678509,2.956,Asteroid,TJN,N,N
487570 (2014 WU364),487570,4.850994668,5.573215119,5.212104893,0.069282993,31.92742798,97.85127506,296.7092291,2461172.233,3.95941,4346.284467,11.89947835,2.693,Asteroid,TJN,N,N
190294 (1995 QC6),190294,4.747956316,5.809891668,5.278923992,0.100582557,13.42518403,296.2135548,146.2984113,2460147.359,3.77232,4430.13071,12.12903685,2.935,Asteroid,TJN,N,N
200544 (2001 FJ86),200544,4.965831021,5.700332464,5.333081742,0.068862759,3.045437721,182.234265,201.6938404,2459104.461,3.96869,4498.479932,12.31616682,2.993,Asteroid,TJN,N,N
  4833 Meges (1989 AL2),4833,4.746462918,5.714520373,5.230491646,0.092539815,34.72825603,101.7409178,281.6822064,2459495.88,3.9289,4369.303332,11.96250057,2.636,Asteroid,TJN,N,N
  5244 Amphilochos (1973 SQ1),5244,5.038390792,5.330567944,5.184479368,0.028178061,6.150614335,213.2814926,129.8510486,2458746.258,4.03427,4311.77562,11.80499828,2.988,Asteroid,TJN,N,N
381739 (2009 SG1),381739,4.733286502,5.501415204,5.117350853,0.075051401,23.62482068,120.8871368,159.6456795,2459654.034,3.72432,4228.304133,11.5764658,2.829,Asteroid,TJN,N,N
427369 (2014 WB472),427369,4.88594902,5.423720343,5.154834682,0.05216184,26.06480025,82.08303245,256.9281226,2460303.289,3.96991,4274.846645,11.70389225,2.795,Asteroid,TJN,N,N
257204 (2008 SQ220),257204,4.877477032,5.333404587,5.105440809,0.044651145,6.685945003,186.7537908,220.8552259,2459624.277,3.88903,4213.55139,11.53607499,2.985,Asteroid,TJN,N,N
598418 (2008 SV108),598418,4.913861926,5.358812337,5.136337132,0.04331398,8.212032401,192.09779,212.3525114,2459570.464,3.92432,4251.857583,11.64095163,2.978,Asteroid,TJN,N,N
424621 (2008 JY32),424621,4.782480123,5.66687995,5.224680036,0.084636745,14.86366587,123.7930073,178.5204156,2459636.033,3.76655,4362.023244,11.94256877,2.926,Asteroid,TJN,N,N
599097 (2009 SV172),599097,4.605665243,5.80625004,5.205957641,0.115308737,6.225490686,253.1483336,177.285696,2460065.255,3.61897,4338.597604,11.87843286,2.975,Asteroid,TJN,N,N
162396 (2000 CV120),162396,4.990746355,5.507495566,5.249120961,0.049222452,3.124694227,110.0521759,305.7811305,2459505.408,4.0026,4392.667168,12.02646726,2.995,Asteroid,TJN,N,N
395695 (2012 AW21),395695,4.897253485,5.501495858,5.199374671,0.058107216,6.622665397,345.4384147,88.49063639,2459798.481,3.91917,4330.370925,11.85590945,2.983,Asteroid,TJN,N,N
341854 (2008 FO63),341854,3.966370882,6.371459281,5.168915081,0.232649247,10.14765646,65.92413309,256.7584606,2459980.89,2.97327,4292.373677,11.75187865,2.915,Asteroid,TJN,N,N
313142 (2001 DM2),313142,5.105213351,5.575970209,5.34059178,0.044073473,14.09136507,335.4754906,55.48649867,2459454.085,4.12873,4507.985405,12.34219139,2.938,Asteroid,TJN,N,N
190674 (2001 BZ18),190674,4.673698841,5.532419714,5.103059277,0.08413785,5.290779032,85.53162438,327.7397683,2459626.902,3.6855,4210.603495,11.52800409,2.985,Asteroid,TJN,N,N
222871 (2002 FA27),222871,4.636523915,5.621869235,5.129196575,0.096052599,12.68635174,26.21277136,87.64493174,2460452.517,3.682,4242.994241,11.61668512,2.943,Asteroid,TJN,N,N
353227 (2010 AP119),353227,4.807924357,5.622870839,5.215397598,0.078128893,7.740743016,92.7914766,240.2493517,2458881.765,3.8052,4350.403712,11.91075623,2.976,Asteroid,TJN,N,N
  4867 Polites (1989 SZ),4867,5.076399194,5.273854048,5.175126621,0.019077297,27.15476478,335.1859946,284.4428121,2459223.542,4.11962,4300.113286,11.77306855,2.78,Asteroid,TJN,N,N
590982 (2013 AP133),590982,4.634217966,5.588387727,5.111302847,0.093339193,11.13835584,133.743965,303.852277,2459823.388,3.66435,4220.810435,11.55594917,2.954,Asteroid,TJN,N,N
 47959 (2000 QP168),47959,4.764528257,5.464872243,5.11470025,0.068463835,6.022634789,291.1273404,16.21157491,2459778.001,3.74952,4225.019395,11.56747268,2.985,Asteroid,TJN,N,N
389560 (2010 UN93),389560,4.681781663,5.59340228,5.137591971,0.088720613,6.80671389,354.9230358,95.92266528,2460137.469,3.70577,4253.415812,11.64521783,2.978,Asteroid,TJN,N,N
 62692 (2000 TE24),62692,4.929023522,5.542185614,5.235604568,0.058556952,19.11095796,246.6303489,38.77928619,2459477.923,3.93203,4375.711536,11.98004527,2.886,Asteroid,TJN,N,N
201006 (2002 CH185),201006,5.035782514,5.104087784,5.069935149,0.006736306,4.141838217,5.152099151,215.1824298,2461629.441,4.02673,4169.673343,11.41594344,2.995,Asteroid,TJN,N,N
396816 (2004 QU28),396816,4.278869571,6.127523561,5.203196566,0.177645988,8.399727576,126.4105208,256.8987075,2459289.053,3.29455,4335.146479,11.8689842,2.947,Asteroid,TJN,N,N
420736 (2012 TM),420736,4.744876397,5.548673137,5.146774767,0.078087421,4.763487404,41.57720509,233.7285298,2459423.322,3.73074,4264.82457,11.67645331,2.987,Asteroid,TJN,N,N
263816 (2008 RV125),263816,4.503842703,5.806389644,5.155116173,0.126335363,7.303320463,215.9132292,166.5104611,2459236.287,3.50698,4275.196806,11.70485094,2.968,Asteroid,TJN,N,N
187018 (2004 YC25),187018,4.866018835,5.441297375,5.153658105,0.055812641,10.48272331,124.261299,189.6794355,2459918.035,3.85178,4273.383146,11.69988541,2.964,Asteroid,TJN,N,N
356912 (2012 BW36),356912,5.110755579,5.504557187,5.307656383,0.037097504,6.080157275,274.2051794,115.1001388,2459406.801,4.12073,4466.348686,12.22819627,2.988,Asteroid,TJN,N,N
614044 (2008 RL122),614044,4.743076701,5.826059542,5.284568122,0.102466542,3.397433411,101.189216,302.3666677,2459457.81,3.75266,4437.237532,12.14849427,2.986,Asteroid,TJN,N,N
 34642 (2000 WN2),34642,4.6978837,5.725552089,5.211717894,0.098592097,19.62900869,45.18685474,267.0878731,2460036.148,3.75701,4345.800409,11.89815307,2.874,Asteroid,TJN,N,N
 23710 (1997 UJ),23710,4.85818423,5.52231501,5.19024962,0.063978694,11.06339011,224.0878587,206.2336441,2459524.169,3.87479,4318.97604,11.82471195,2.959,Asteroid,TJN,N,N
269622 (2010 VF38),269622,4.362249339,6.052753686,5.207501513,0.16231434,17.33383762,65.77467812,50.98389382,2460471.804,3.40929,4340.527719,11.88371723,2.884,Asteroid,TJN,N,N
433279 (2013 AP129),433279,5.283468644,5.344234235,5.31385144,0.00571766,9.196941979,175.3099534,209.4560457,2459451.865,4.28235,4474.170601,12.2496115,2.974,Asteroid,TJN,N,N
355820 (2008 TY96),355820,5.094018457,5.448329365,5.271173911,0.033608349,6.238018976,266.9661866,235.1361573,2460693.237,4.11042,4420.378363,12.10233638,2.987,Asteroid,TJN,N,N
233578 (2007 QK5),233578,4.844305958,5.624600439,5.234453199,0.074534479,19.8951025,352.5613219,19.04970759,2458967.171,3.8474,4374.268211,11.97609367,2.875,Asteroid,TJN,N,N
  6002 Eetion (1988 RO),6002,4.741313037,5.709610345,5.225461691,0.092651843,15.55503608,209.7097524,158.9091101,2460575.871,3.74595,4363.002172,11.94524893,2.918,Asteroid,TJN,N,N
576500 (2012 TQ14),576500,5.090899553,5.59496884,5.342934197,0.047171579,25.46255334,276.3364737,99.44192589,2460696.474,4.19983,4510.951576,12.35031232,2.802,Asteroid,TJN,N,N
598500 (2008 TF218),598500,4.743511587,5.685602045,5.214556816,0.090332745,11.26493035,272.0067006,72.03006658,2458746.842,3.75649,4349.351752,11.90787612,2.953,Asteroid,TJN,N,N
545538 (2011 PX15),545538,5.040411876,5.438858993,5.239635434,0.038022408,28.78198949,115.0755425,240.4091817,2460566.185,4.08708,4380.765766,11.993883,2.751,Asteroid,TJN,N,N
345434 (2006 DP105),345434,4.967122778,5.532041548,5.249582163,0.05380607,4.20378997,4.765566641,25.76194504,2460863.852,3.97198,4393.246108,12.02805232,2.992,Asteroid,TJN,N,N
195188 (2002 CS273),195188,4.661544635,5.654976035,5.158260335,0.096295198,4.687631386,329.7246386,1.638025396,2458742.237,3.65029,4279.108637,11.71556095,2.984,Asteroid,TJN,N,N
215199 (2000 SB130),215199,4.083135801,6.319636564,5.201386182,0.214990839,18.08090726,224.8590902,123.8364785,2460528.792,3.11999,4332.88414,11.86279025,2.857,Asteroid,TJN,N,N
454752 (2014 VU9),454752,4.925443201,5.671764968,5.298604084,0.070426263,25.39851879,76.41326743,265.0126391,2460426.276,4.03045,4454.927409,12.19692651,2.801,Asteroid,TJN,N,N
321074 (2008 SP67),321074,5.008450884,5.509282605,5.258866744,0.047617837,11.6871277,209.4063157,161.5891961,2458868.699,4.01055,4404.906316,12.05997623,2.956,Asteroid,TJN,N,N
196440 (2003 HQ35),196440,5.072826331,5.272510601,5.172668466,0.019301862,20.94925653,23.85087362,245.9068232,2462190.834,4.09992,4297.049858,11.76468134,2.868,Asteroid,TJN,N,N
341928 (2008 LZ5),341928,4.596026473,5.784785667,5.19040607,0.114515047,28.41872274,79.72544868,326.3360146,2460955.433,3.63755,4319.171323,11.82524661,2.748,Asteroid,TJN,N,N
618433 (2000 QT258),618433,5.136074962,5.312513659,5.224294311,0.016886367,15.03084973,7.27439743,246.241057,2459327.933,4.15188,4361.540196,11.94124626,2.931,Asteroid,TJN,N,N
590401 (2011 YK72),590401,4.802020668,5.559967414,5.180994041,0.073146846,20.24301013,283.6915179,73.61739123,2459139.314,3.86087,4307.428389,11.79309621,2.872,Asteroid,TJN,N,N
256505 (2007 EY98),256505,4.557933819,5.858399545,5.208166682,0.124848704,4.385869824,35.81680253,260.6170984,2459789.457,3.54513,4341.359388,11.88599422,2.979,Asteroid,TJN,N,N
295681 (2008 TD101),295681,4.924988073,5.641429759,5.283208916,0.067803649,10.85081147,206.290339,234.4035997,2459771.401,3.95277,4435.525737,12.14380763,2.96,Asteroid,TJN,N,N
 96295 (1996 JF7),96295,4.763003344,5.717373871,5.240188607,0.091062612,4.109751341,132.2986155,112.1391335,2459222.807,3.75177,4381.459531,11.99578243,2.987,Asteroid,TJN,N,N
545539 (2011 PY15),545539,4.686650543,5.700876082,5.193763313,0.097638791,23.0383136,223.2223879,87.25858762,2459929.086,3.77264,4323.362571,11.83672162,2.832,Asteroid,TJN,N,N
436401 (2010 WD13),436401,4.73965158,5.628801987,5.184226784,0.085755354,9.526638702,77.83185186,40.4517581,2460447.645,3.76146,4311.460524,11.80413559,2.965,Asteroid,TJN,N,N
 32437 (2000 RR97),32437,4.552655757,5.840308779,5.196482268,0.123896605,23.11602008,269.2813317,30.67966477,2459864.712,3.55569,4326.75796,11.84601769,2.825,Asteroid,TJN,N,N
467801 (2010 AS130),467801,4.896094443,5.545356824,5.220725633,0.062181239,13.72522862,292.3335488,63.78811492,2459095.28,3.91617,4357.071955,11.92901288,2.939,Asteroid,TJN,N,N
514869 (2008 GV133),514869,4.715295255,5.85542037,5.285357812,0.107856947,12.7565478,118.3561437,145.1580956,2459220.086,3.70802,4438.232177,12.15121746,2.939,Asteroid,TJN,N,N
 51346 (2000 QX158),51346,4.970771657,5.283900368,5.127336013,0.030535224,8.990032659,246.517753,56.3032884,2459878.38,3.96427,4240.685797,11.61036495,2.975,Asteroid,TJN,N,N
253340 (2003 FF39),253340,4.815033852,5.523436225,5.169235038,0.068521006,5.374320353,201.0930969,255.7792464,2460364.141,3.83561,4292.772231,11.75296983,2.987,Asteroid,TJN,N,N
581330 (2015 FJ387),581330,4.961370081,5.445154723,5.203262402,0.046488588,21.92116141,339.8618351,76.8564855,2459889.03,4.04101,4335.228758,11.86920947,2.853,Asteroid,TJN,N,N
379840 (2011 SG69),379840,5.146278856,5.568924071,5.357601463,0.03944351,3.715863502,327.401498,334.5187495,2459689.011,4.13075,4529.539317,12.40120278,2.995,Asteroid,TJN,N,N
195495 (2002 GY162),195495,4.566782151,5.730258534,5.148520342,0.112991336,9.759052422,182.4237574,261.8522133,2459603.464,3.59929,4266.994435,11.68239407,2.959,Asteroid,TJN,N,N
360071 (2013 AC131),360071,4.847663414,5.462137938,5.154900676,0.059601005,9.576420171,179.3949739,249.6210235,2459897.279,3.87505,4274.928738,11.70411701,2.969,Asteroid,TJN,N,N
215530 (2002 VE103),215530,4.701035164,5.692251708,5.196643436,0.095370844,19.09523566,237.9073718,148.2381389,2461058.453,3.72168,4326.959253,11.8465688,2.881,Asteroid,TJN,N,N
491868 (2013 BL1),491868,4.996418416,5.320267768,5.158343092,0.031390831,3.890826945,8.923286986,11.23951687,2459467.442,3.9976,4279.211615,11.71584289,2.994,Asteroid,TJN,N,N
312619 (2009 SS246),312619,4.514038322,5.960630101,5.237334212,0.138103825,14.39171132,178.3825851,259.793302,2460022.007,3.56597,4377.880066,11.98598238,2.918,Asteroid,TJN,N,N
621534 (2009 HP64),621534,4.970406237,5.375502821,5.172954529,0.039155243,14.76329356,54.38494844,218.4911718,2459889.244,3.96647,4297.406321,11.76565728,2.933,Asteroid,TJN,N,N
263833 (2008 TJ53),263833,4.778908847,5.592657934,5.18578339,0.07845961,6.682414548,350.124871,47.02496637,2459688.021,3.78923,4313.402497,11.80945242,2.98,Asteroid,TJN,N,N
491611 (2012 TX51),491611,5.101130214,5.442810092,5.271970153,0.032405331,16.33518768,321.109222,71.75771951,2460850.227,4.14071,4421.379987,12.10507868,2.918,Asteroid,TJN,N,N
454744 (2014 UL133),454744,5.008466384,5.486631623,5.247549004,0.045560817,6.16765911,100.8288007,324.7260351,2461627.485,4.02344,4390.694104,12.02106531,2.986,Asteroid,TJN,N,N
353178 (2009 QK59),353178,4.902274224,5.350954264,5.126614244,0.043759879,3.362766252,46.74601058,40.24180367,2460360.67,3.91814,4239.790395,11.60791347,2.995,Asteroid,TJN,N,N
485452 (2011 QJ99),485452,5.122479061,5.352804008,5.237641534,0.021987468,25.81528626,170.4432405,31.25444316,2458560.146,4.13578,4378.265407,11.98703739,2.799,Asteroid,TJN,N,N
322570 (2011 YG67),322570,4.80078034,5.584286524,5.192533432,0.075445464,21.59779469,113.9552329,322.7250071,2459724.038,3.8387,4321.827006,11.83251747,2.854,Asteroid,TJN,N,N
378648 (2008 GM35),378648,4.941433817,5.499374897,5.220404357,0.053438493,7.413539479,113.9027508,178.9129766,2459766.103,3.92467,4356.669769,11.92791176,2.98,Asteroid,TJN,N,N
616926 (2001 YS165),616926,4.567598523,5.881991131,5.224794827,0.125784136,17.93648029,67.60458211,274.091799,2460238.052,3.62106,4362.167,11.94296236,2.887,Asteroid,TJN,N,N
 77914 (2001 UE188),77914,5.162880753,5.441800581,5.302340667,0.026301576,19.76911172,78.01313706,237.6840179,2459918.115,4.17921,4459.64067,12.20983072,2.881,Asteroid,TJN,N,N
590207 (2011 TD2),590207,4.174022607,6.153092444,5.163557526,0.191638209,19.55312295,243.9252248,232.0209121,2460410.437,3.23079,4285.701869,11.73361224,2.85,Asteroid,TJN,N,N
354144 (2002 CB94),354144,5.016209413,5.421479052,5.218844232,0.038827528,22.96269543,340.4667508,253.4425367,2461885.828,4.08307,4354.71692,11.92256515,2.84,Asteroid,TJN,N,N
320800 (2008 EZ160),320800,4.803441358,5.506550971,5.154996164,0.068196909,6.198198475,46.64289736,285.156303,2460392.381,3.79933,4275.04752,11.70444222,2.984,Asteroid,TJN,N,N
602092 (2014 DZ53),602092,5.090509559,5.364825699,5.227667629,0.026236953,3.874438949,147.9256864,209.82275,2458889.663,4.08565,4365.765237,11.95281379,2.995,Asteroid,TJN,N,N
450501 (2005 YG204),450501,4.837832542,5.491287171,5.164559856,0.063263342,29.07678624,126.5839608,166.8427168,2460019.226,3.82561,4286.949817,11.73702893,2.745,Asteroid,TJN,N,N
312807 (2010 XM87),312807,4.963533255,5.464238979,5.213886117,0.048016557,8.541030048,305.963362,128.8172467,2459835.081,3.98565,4348.512656,11.9055788,2.976,Asteroid,TJN,N,N
257385 (2009 ST121),257385,4.812838849,5.405847451,5.10934315,0.058031785,7.041807666,212.380167,242.0098506,2460160.147,3.83534,4218.383251,11.5493039,2.982,Asteroid,TJN,N,N
550088 (2011 YJ89),550088,4.927094009,5.509456508,5.218275258,0.055800286,34.16804605,309.562153,139.6724792,2460047.191,3.98008,4354.004793,11.92061545,2.652,Asteroid,TJN,N,N
356962 (2012 XG120),356962,5.056178264,5.347111119,5.201644691,0.027965468,5.673205944,69.05692326,23.33269934,2460384.338,4.0723,4333.207161,11.86367464,2.989,Asteroid,TJN,N,N
421365 (2013 TE129),421365,4.628118883,5.781554284,5.204836583,0.11080419,8.226749286,20.51128172,30.67584911,2461219.715,3.64072,4337.19626,11.87459619,2.967,Asteroid,TJN,N,N
388887 (2008 RL110),388887,4.865551955,5.707959766,5.286755861,0.079671526,9.418777788,193.0198482,233.402789,2459776.926,3.88802,4439.993251,12.15603902,2.967,Asteroid,TJN,N,N
335739 (2007 DD116),335739,4.935201292,5.387203682,5.161202487,0.043788477,1.52837763,342.5270619,231.7646896,2458797.346,3.92781,4282.770215,11.7255858,2.997,Asteroid,TJN,N,N
512938 (2017 BT12),512938,4.733553994,5.602277205,5.167915599,0.084049671,20.50153917,295.9103318,23.02614966,2460325.085,3.72745,4291.128751,11.74847023,2.867,Asteroid,TJN,N,N
595271 (2002 EQ171),595271,4.764662476,5.562425528,5.163544002,0.077249565,17.28511781,304.4927551,285.8086247,2461756.878,3.80311,4285.685032,11.73356614,2.904,Asteroid,TJN,N,N
283543 (2001 UG59),283543,4.468756967,5.778020223,5.123388595,0.127773175,14.43292421,29.98595192,283.6543322,2459911.503,3.49312,4235.789531,11.5969597,2.922,Asteroid,TJN,N,N
576479 (2012 SM72),576479,4.748161572,5.606309738,5.177235655,0.082877063,17.35004411,156.9472629,30.1757097,2458500.383,3.76183,4302.74221,11.78026615,2.903,Asteroid,TJN,N,N
388924 (2008 SA154),388924,4.795356199,5.590737005,5.193046602,0.076581328,21.60118853,10.98731254,343.4352008,2458967.563,3.79637,4322.467701,11.8342716,2.854,Asteroid,TJN,N,N
 24456 (2000 RO25),24456,4.982905883,5.433300604,5.208103243,0.043239803,8.062391747,220.7718584,140.8956581,2460412.368,3.98465,4341.280068,11.88577705,2.978,Asteroid,TJN,N,N
296694 (2009 SV253),296694,4.608717796,5.755824972,5.182271384,0.1106761,5.518788486,158.531008,257.8736563,2459686.786,3.62502,4309.021443,11.79745775,2.979,Asteroid,TJN,N,N
390288 (2013 AN23),390288,4.517148754,5.894285805,5.205717279,0.132271595,3.927344892,338.4510593,156.2026557,2460628.132,3.53032,4338.297134,11.87761022,2.978,Asteroid,TJN,N,N
601271 (2013 AD129),601271,4.762165822,5.645144103,5.203654963,0.084842124,21.159621,304.0339142,246.6712332,2461255.063,3.82884,4335.719375,11.8705527,2.858,Asteroid,TJN,N,N
155427 (1997 LO5),155427,4.806763547,5.558130698,5.182447122,0.072491541,12.78393487,186.0658849,123.5031825,2459946.848,3.8131,4309.240633,11.79805786,2.945,Asteroid,TJN,N,N
567513 (2001 VL137),567513,5.101160067,5.424319153,5.26273961,0.030702553,6.408104091,227.9706461,314.6826168,2458297.61,4.10482,4409.773168,12.07330094,2.987,Asteroid,TJN,N,N
424632 (2008 KE18),424632,5.042885852,5.303304053,5.173094952,0.025170445,29.2570265,93.9699253,245.0447158,2460115.585,4.08029,4297.581306,11.76613636,2.745,Asteroid,TJN,N,N
264120 (2009 TJ10),264120,4.760426565,5.539609007,5.150017786,0.075648519,11.66376367,275.6399723,99.4984916,2459190.42,3.78631,4268.856148,11.68749117,2.953,Asteroid,TJN,N,N
 24470 (2000 SJ310),24470,4.791431883,5.696070318,5.2437511,0.086258712,23.93320604,260.6979358,68.0040176,2459951.461,3.85805,4385.928332,12.00801734,2.821,Asteroid,TJN,N,N
284204 (2006 BM192),284204,4.43643138,5.904338557,5.170384968,0.141953373,18.98425278,149.6578008,159.066416,2459971.581,3.42917,4294.204744,11.75689184,2.873,Asteroid,TJN,N,N
316169 (2009 WQ96),316169,5.131331712,5.579998786,5.355665249,0.041887147,2.678571067,67.42225107,50.48479541,2460353.601,4.14692,4527.084104,12.39448078,2.997,Asteroid,TJN,N,N
493447 (2014 WK366),493447,4.690317587,5.63806286,5.164190223,0.091761267,35.79637494,47.49017881,295.2695892,2460352.5,3.81678,4286.489592,11.7357689,2.617,Asteroid,TJN,N,N
593243 (2015 HG205),593243,4.673374919,5.721951025,5.197662972,0.100869959,7.285165299,317.6839748,125.0020855,2459951.53,3.69486,4328.232683,11.85005526,2.974,Asteroid,TJN,N,N
567071 (2019 GJ48),567071,4.707140982,5.682931263,5.195036123,0.09391564,23.37760663,218.1515532,99.03550169,2459984.447,3.79401,4324.951926,11.84107303,2.828,Asteroid,TJN,N,N
468780 (2011 YR58),468780,4.911483576,5.598688938,5.255086257,0.065384784,11.81809689,121.2913751,337.3598049,2460086.283,3.93034,4400.15728,12.04697407,2.953,Asteroid,TJN,N,N
 56951 (2000 SK2),56951,5.012673204,5.262560326,5.137616765,0.024319362,13.39957583,61.7322112,211.5296431,2459499.803,4.00279,4253.446602,11.64530213,2.945,Asteroid,TJN,N,N
295529 (2008 RK121),295529,4.502850946,5.966531953,5.234691449,0.139805853,5.357521807,189.4960462,189.5011438,2459275.573,3.50441,4374.566862,11.97691133,2.972,Asteroid,TJN,N,N
135593 (2002 GW125),135593,4.931128681,5.494672902,5.212900791,0.054052844,3.445300374,240.1260347,185.8990006,2459588.374,3.94364,4347.280034,11.90220406,2.993,Asteroid,TJN,N,N
 65209 (2002 DB17),65209,4.666265701,5.591290036,5.128777869,0.090179801,17.58813943,79.56415616,7.887432392,2460056.539,3.68204,4242.474705,11.61526271,2.9,Asteroid,TJN,N,N
161024 (2002 FM7),161024,5.086581159,5.323011096,5.204796127,0.022712699,21.13536701,8.144585446,0.26786489,2459286.356,4.08481,4337.145692,11.87445775,2.865,Asteroid,TJN,N,N
313896 (2004 KY18),313896,4.834665783,5.827770511,5.331218147,0.093140507,15.97487783,149.2558249,264.5635495,2459730.197,3.89167,4496.122211,12.30971173,2.914,Asteroid,TJN,N,N
616896 (2001 UD236),616896,5.113709606,5.293226032,5.203467819,0.017249691,9.500482198,200.0142808,244.9279023,2461549.786,4.13961,4335.485483,11.86991234,2.972,Asteroid,TJN,N,N
186272 (2001 YZ140),186272,4.561500942,5.872156136,5.216828539,0.125618006,8.178338488,82.25279512,215.1259939,2459673.598,3.54917,4352.194256,11.91565847,2.964,Asteroid,TJN,N,N
496618 (2015 HE133),496618,5.146550018,5.303465179,5.225007599,0.015015783,3.275973301,60.11746347,322.8451308,2459070.686,4.14879,4362.433467,11.9436919,2.997,Asteroid,TJN,N,N
546760 (2010 XQ75),546760,4.721158128,5.645686569,5.183422349,0.089181276,8.233126574,56.92447224,29.03688446,2459856.86,3.73886,4310.457051,11.80138823,2.972,Asteroid,TJN,N,N
584395 (2017 BM160),584395,5.297333138,5.409962045,5.353647591,0.010518894,3.467017925,138.1025714,75.93195141,2458673.16,4.29068,4524.52609,12.38747732,2.997,Asteroid,TJN,N,N
601347 (2013 CH13),601347,5.05447893,5.350613251,5.20254609,0.028460519,22.31658651,327.9246177,68.52885195,2459445.17,4.10295,4334.333569,11.86675857,2.849,Asteroid,TJN,N,N
180274 (2003 WC63),180274,5.053394807,5.348428798,5.200911803,0.028363679,10.50432935,55.57971791,247.0727291,2460280.851,4.05369,4332.291398,11.86116742,2.966,Asteroid,TJN,N,N
 22059 (2000 AD75),22059,4.623369463,5.765462607,5.194416035,0.109934701,7.802322267,213.977482,320.5895905,2461025.234,3.63114,4324.177599,11.83895304,2.97,Asteroid,TJN,N,N
246114 (2007 GR70),246114,4.757113359,5.570245238,5.163679298,0.078735707,8.985777873,182.9905496,111.5749112,2459534.176,3.75411,4285.853475,11.73402731,2.969,Asteroid,TJN,N,N
431806 (2008 RD14),431806,5.13909236,5.443715611,5.291403985,0.028784728,20.70390584,345.9009747,9.803239202,2459085.11,4.13349,4445.850012,12.17207396,2.869,Asteroid,TJN,N,N
312610 (2009 RA63),312610,4.783633663,5.572827494,5.178230578,0.076203041,4.457806732,16.26947848,50.37975165,2459957.032,3.79838,4303.982574,11.78366208,2.988,Asteroid,TJN,N,N
596796 (2006 DX116),596796,4.884163802,5.522672171,5.203417986,0.061354707,30.30763433,9.913802963,90.39793313,2461869.332,4.05565,4335.423203,11.86974183,2.723,Asteroid,TJN,N,N
  9430 Erichthonios (1996 HU10),9430,4.975048923,5.542244519,5.258646721,0.053929806,1.003324728,326.4134615,312.1062891,2459703.475,3.95805,4404.629877,12.05921938,2.997,Asteroid,TJN,N,N
 56355 (2000 AX130),56355,5.081243913,5.484744046,5.282993979,0.038188585,2.534390295,186.7872229,260.1619005,2460208.353,4.09742,4435.255065,12.14306657,2.997,Asteroid,TJN,N,N
493535 (2015 FJ227),493535,4.87399977,5.409809186,5.141904478,0.052102234,5.72358547,32.30415096,321.1270017,2459126.75,3.87083,4258.772426,11.65988344,2.988,Asteroid,TJN,N,N
381703 (2009 HD84),381703,4.321100477,5.917055428,5.119077953,0.155883048,13.23380367,79.50779619,244.8441037,2460066.938,3.33572,4230.444885,11.58232686,2.924,Asteroid,TJN,N,N
356425 (2010 VS119),356425,4.911676914,5.44879197,5.180234442,0.051842736,2.547182075,169.932574,136.3170265,2458473.179,3.89672,4306.481139,11.79050278,2.995,Asteroid,TJN,N,N
547888 (2010 WL68),547888,4.904443438,5.603969627,5.254206533,0.066568204,5.665089581,54.05920281,329.1419312,2459364.298,3.90878,4399.052418,12.04394913,2.986,Asteroid,TJN,N,N
322196 (2010 XV78),322196,5.070456119,5.412849869,5.241652994,0.032660856,10.11741946,103.6819357,325.1247193,2459793.813,4.08953,4383.296278,12.00081116,2.968,Asteroid,TJN,N,N
 63176 (2000 YN59),63176,5.003186842,5.154053621,5.078620231,0.014853127,2.81085176,315.2298938,182.4362145,2460452.449,4.0148,4180.392255,11.44529023,2.998,Asteroid,TJN,N,N
356451 (2011 GP27),356451,4.650346284,5.676864353,5.163605318,0.099399354,4.558843047,328.0014097,90.18819212,2459525.691,3.66548,4285.76137,11.73377514,2.984,Asteroid,TJN,N,N
433284 (2013 BV),433284,4.967370441,5.484641915,5.226006178,0.049490132,3.324648496,36.87050894,67.89369818,2460499.338,3.98464,4363.684118,11.947116,2.994,Asteroid,TJN,N,N
 29196 Dius (1990 YY),29196,4.978475246,5.524550077,5.251512662,0.051992147,3.853815707,67.64213741,38.0282945,2461966.584,3.995,4395.669711,12.03468778,2.993,Asteroid,TJN,N,N
509144 (2006 BF102),509144,4.492781471,5.865568377,5.179174924,0.132529498,17.3702956,322.4683382,330.348942,2459672.768,3.48867,4305.159993,11.78688568,2.892,Asteroid,TJN,N,N
 51910 (2001 QQ60),51910,4.716423866,5.607680598,5.162052232,0.086327752,32.63207783,8.645556351,299.2430903,2460084.939,3.80679,4283.827937,11.72848169,2.679,Asteroid,TJN,N,N
492242 (2013 TC133),492242,4.978982822,5.518991182,5.248987002,0.051439293,9.874655771,80.48979847,16.32986799,2461650.822,3.99567,4392.499016,12.02600689,2.968,Asteroid,TJN,N,N
602247 (2014 EJ224),602247,5.137767409,5.41992123,5.27884432,0.026724961,13.79834042,332.9246564,170.8275289,2460817.241,4.1486,4430.030418,12.12876227,2.941,Asteroid,TJN,N,N
592989 (2015 FV165),592989,4.508363527,5.820538324,5.164450925,0.127039139,12.58115648,43.70502712,90.56135055,2460720.329,3.55135,4286.814187,11.7366576,2.936,Asteroid,TJN,N,N
589272 (2009 SN153),589272,4.857633998,5.589650388,5.223642193,0.070067624,21.7246467,197.569412,247.4151302,2460263.766,3.93533,4360.723584,11.9390105,2.853,Asteroid,TJN,N,N
389328 (2009 SU253),389328,4.720475573,5.763941402,5.242208488,0.099525403,6.345503777,333.5970844,161.1294396,2460630.828,3.73384,4383.993088,12.00271893,2.978,Asteroid,TJN,N,N
392202 (2009 SV262),392202,4.942104712,5.290148227,5.116126469,0.034014358,6.411667825,152.7763187,228.0112193,2459475.262,3.94681,4226.78672,11.57231135,2.987,Asteroid,TJN,N,N
231621 (2009 SB132),231621,4.82700966,5.498082244,5.162545952,0.064994345,5.363149249,165.3438937,0.179211723,2461010.69,3.83296,4284.442536,11.73016437,2.987,Asteroid,TJN,N,N
347446 (2012 TF231),347446,5.039354096,5.493447817,5.266400956,0.043112339,18.67963728,303.5015952,17.5314066,2460184.9,4.02854,4414.375861,12.08590243,2.892,Asteroid,TJN,N,N
454257 (2013 RH98),454257,4.722038699,5.45416302,5.088100859,0.071944753,16.48086644,81.39704037,280.5751145,2460449.805,3.76919,4192.103478,11.47735381,2.914,Asteroid,TJN,N,N
375257 (2008 GW100),375257,4.660245839,5.870250437,5.265248138,0.114904803,13.60671177,50.64927871,219.3370143,2459476.687,3.65697,4412.926476,12.08193422,2.931,Asteroid,TJN,N,N
596979 (2006 OZ39),596979,5.069260266,5.395231921,5.232246093,0.03115026,22.52727789,137.9301753,267.9062328,2459269.769,4.15344,4371.50189,11.96851989,2.846,Asteroid,TJN,N,N
155327 (2006 AV99),155327,4.958926931,5.525163915,5.242045423,0.054009164,7.911548564,158.9974379,53.02091364,2458869.606,3.96005,4383.788537,12.0021589,2.978,Asteroid,TJN,N,N
601300 (2013 AU201),601300,4.667943318,5.540255069,5.104099194,0.085452077,9.202597118,132.7661766,326.8246193,2460247.743,3.68797,4211.890634,11.53152809,2.968,Asteroid,TJN,N,N
579882 (2014 WF591),579882,4.863036269,5.577245502,5.220140885,0.068409,20.82876237,106.9736779,186.5227527,2459932.328,3.84687,4356.339953,11.92700877,2.865,Asteroid,TJN,N,N
 56968 (2000 SA92),56968,5.011229075,5.38954788,5.200388478,0.036374091,14.42461672,234.0424146,257.3673588,2462229.539,4.06085,4331.637531,11.85937722,2.936,Asteroid,TJN,N,N
418394 (2008 HO69),418394,4.863532929,5.585434189,5.224483559,0.069088289,9.957671092,74.88669991,244.5820329,2459979.073,3.86465,4361.777191,11.94189512,2.965,Asteroid,TJN,N,N
293456 (2007 EW191),293456,5.082558661,5.290059886,5.186309273,0.02000471,5.942618223,198.9356085,233.8286515,2461354.959,4.09933,4314.058638,11.81124884,2.989,Asteroid,TJN,N,N
274675 (2008 UZ7),274675,4.830031411,5.729161305,5.279596358,0.085151386,6.606553957,343.7890809,124.3468357,2460259.2,3.85089,4430.977123,12.1313542,2.98,Asteroid,TJN,N,N
599126 (2009 SR246),599126,4.57114098,5.698504026,5.134822503,0.109776243,5.15307651,123.1397319,287.0187153,2459646.083,3.58538,4249.977008,11.6358029,2.98,Asteroid,TJN,N,N
316128 (2009 RB57),316128,4.590189417,5.869826751,5.230008084,0.122336076,4.048980008,110.3073182,330.4003731,2459920.15,3.60551,4368.69743,11.9608417,2.98,Asteroid,TJN,N,N
316693 (1996 JU4),316693,5.013592967,5.431692991,5.222642979,0.040027628,13.07721547,91.90195741,30.42390051,2462054.518,4.03502,4359.472419,11.935585,2.946,Asteroid,TJN,N,N
 23624 (1996 UX3),23624,4.378506015,6.084535596,5.231520806,0.163052929,19.92390846,211.1358379,235.5963789,2459921.53,3.43931,4370.592963,11.96603138,2.855,Asteroid,TJN,N,N
274506 (2008 SV144),274506,4.907581272,5.462875687,5.18522848,0.0535458,1.170298955,298.8214496,138.8291236,2459505.903,3.92186,4312.710175,11.80755695,2.997,Asteroid,TJN,N,N
 60322 (1999 XB257),60322,5.025441187,5.256455314,5.14094825,0.022468046,10.31707875,128.9259948,299.5016419,2460125.302,4.05305,4257.584491,11.65663105,2.967,Asteroid,TJN,N,N
484249 (2007 FY40),484249,4.56175667,5.804231245,5.182993958,0.119860701,14.27108262,192.2370147,333.8040766,2458186.833,3.57338,4309.922697,11.79992525,2.924,Asteroid,TJN,N,N
349920 (2009 SC211),349920,4.913174065,5.510327086,5.211750575,0.057289102,8.02936791,20.92519097,152.4558328,2461237.972,3.91879,4345.841286,11.89826498,2.977,Asteroid,TJN,N,N
335184 (2005 BM49),335184,4.942071578,5.600815274,5.271443426,0.062482288,9.851954668,305.809892,40.57659458,2460510.295,3.94062,4420.717388,12.10326458,2.967,Asteroid,TJN,N,N
386649 (2009 SK319),386649,5.167428629,5.397753051,5.28259084,0.021800328,4.054678339,228.305208,132.6387349,2459280.492,4.16496,4434.747401,12.14167666,2.995,Asteroid,TJN,N,N
153141 (2000 SP203),153141,4.905397969,5.659103688,5.282250829,0.071343234,17.21374531,5.199925762,309.4412186,2460106.823,3.9217,4434.319247,12.14050444,2.905,Asteroid,TJN,N,N
316134 (2009 SV43),316134,4.882136586,5.369904066,5.126020326,0.047577599,5.53233831,255.2767418,159.6649761,2459580.697,3.89338,4239.053647,11.60589636,2.989,Asteroid,TJN,N,N
582777 (2016 AT311),582777,4.702744289,5.609688233,5.156216261,0.087946655,28.31261627,152.5129868,179.2330126,2460029.364,3.69178,4276.565353,11.70859782,2.755,Asteroid,TJN,N,N
599779 (2010 VW156),599779,4.687704301,5.561754721,5.124729511,0.085277713,17.88589622,249.4243936,146.8681901,2459556.564,3.71023,4237.452555,11.60151281,2.897,Asteroid,TJN,N,N
 29314 Eurydamas (1994 CR18),29314,4.90167693,5.702011496,5.301844213,0.075476998,15.2252233,143.3496129,135.7229212,2459447.276,3.90352,4459.014356,12.20811596,2.924,Asteroid,TJN,N,N
377471 (2004 YG16),377471,4.763259972,5.494890503,5.129075238,0.071321875,12.34805817,107.9563573,193.7010871,2459684.718,3.74838,4242.843682,11.61627291,2.949,Asteroid,TJN,N,N
526900 (2007 HM2),526900,5.249450393,5.427900461,5.338675427,0.016712953,27.67747138,35.22756875,287.0082208,2460026.213,4.30087,4505.559237,12.3355489,2.768,Asteroid,TJN,N,N
248670 (2006 JV25),248670,4.583001202,5.809173473,5.196087337,0.11798996,24.17937847,127.4658077,121.1292165,2459277.56,3.63615,4326.264722,11.84466727,2.812,Asteroid,TJN,N,N
182506 (2001 SL251),182506,4.583386072,5.78299253,5.183189301,0.11572088,9.025132078,36.02124299,273.8642629,2460024.826,3.58438,4310.166356,11.80059235,2.962,Asteroid,TJN,N,N
489083 (2006 AZ93),489083,5.151569888,5.352668482,5.252119185,0.019144519,30.85433868,350.2063389,154.5599147,2462198.392,4.16505,4396.43125,12.03677276,2.715,Asteroid,TJN,N,N
586657 (2004 JB57),586657,4.787720931,5.613736629,5.20072878,0.079413457,6.916356457,148.7010045,249.3037168,2459409.659,3.80183,4332.062718,11.86054132,2.979,Asteroid,TJN,N,N
 23126 (2000 AK95),23126,5.10337532,5.402514095,5.252944707,0.028473436,1.22598368,3.396549039,14.2004086,2458777.788,4.10375,4397.46783,12.03961076,2.999,Asteroid,TJN,N,N
321300 (2009 FO61),321300,4.80492019,5.453370965,5.129145578,0.063212358,7.877361912,196.3936064,111.2013418,2460292.691,3.80015,4242.930961,11.61651187,2.977,Asteroid,TJN,N,N
516419 (2002 VU149),516419,4.662033081,5.78296463,5.222498855,0.107317549,19.34361362,50.72107064,3.173790237,2461237.418,3.67236,4359.291966,11.93509094,2.876,Asteroid,TJN,N,N
 24519 (2001 CH),24519,4.757935569,5.680990774,5.219463171,0.088424343,13.49944568,355.7009316,137.5224982,2460645.537,3.78402,4355.491627,11.92468618,2.937,Asteroid,TJN,N,N
573612 (2009 HP124),573612,4.570745744,5.640369592,5.105557668,0.104750932,8.318075088,91.5973075,211.4908871,2459903.387,3.55822,4213.696057,11.53647107,2.969,Asteroid,TJN,N,N
312796 (2010 WQ21),312796,5.085481751,5.376482026,5.230981889,0.027815072,2.637561542,62.65272072,322.5966678,2459397.466,4.08864,4369.917635,11.96418244,2.997,Asteroid,TJN,N,N
546274 (2010 UO83),546274,4.797392862,5.510678687,5.154035775,0.069196825,20.53865102,46.22613496,58.86399332,2460317.291,3.86014,4273.852896,11.70117152,2.869,Asteroid,TJN,N,N
606827 (2019 GE17),606827,5.089295788,5.41249642,5.250896104,0.03077576,21.29818488,298.5681647,332.2225273,2459606.766,4.08152,4394.895618,12.03256843,2.862,Asteroid,TJN,N,N
344629 (2003 JL18),344629,4.81740854,5.67044373,5.243926135,0.081335546,8.110097289,51.95729728,35.85764751,2459901.611,3.83642,4386.147935,12.00861858,2.973,Asteroid,TJN,N,N
350794 (2002 CM159),350794,4.320815485,6.157624043,5.239219764,0.175294094,12.16283845,154.5762395,15.56760933,2461103.277,3.32808,4380.244474,11.99245578,2.925,Asteroid,TJN,N,N
163702 (2003 FR72),163702,5.15325301,5.406295719,5.279774365,0.023963402,19.83382086,56.73490194,87.50870278,2461022.536,4.22732,4431.201217,12.13196774,2.88,Asteroid,TJN,N,N
193570 (2001 AR36),193570,4.750591324,5.669556765,5.210074044,0.088191207,24.78944382,323.5538447,153.1644348,2460670.243,3.77938,4343.74448,11.89252424,2.809,Asteroid,TJN,N,N
546781 (2010 XR91),546781,5.010891656,5.494215907,5.252553782,0.046008501,12.32788263,75.08143742,337.7456089,2459624.681,4.02512,4396.976948,12.0382668,2.952,Asteroid,TJN,N,N
 82055 (2000 TY40),82055,4.884818239,5.452490011,5.168654125,0.054914854,36.53082302,156.6157103,330.6056262,2461865.54,3.91619,4292.048625,11.75098871,2.606,Asteroid,TJN,N,N
249755 (2000 SJ350),249755,4.78550282,5.580312812,5.182907816,0.076676069,22.58211362,38.72814742,319.5062983,2460277.965,3.81398,4309.81525,11.79963108,2.842,Asteroid,TJN,N,N
285180 (1996 TH16),285180,5.07053929,5.401054772,5.235797031,0.031563053,21.73514225,343.3854829,353.6534049,2458815.518,4.0619,4375.952817,11.98070586,2.856,Asteroid,TJN,N,N
622144 (2012 QC64),622144,4.783112531,5.722662416,5.252887474,0.089431754,9.920469711,286.5903018,309.021129,2459270.971,3.7812,4397.395961,12.03941399,2.962,Asteroid,TJN,N,N
124696 (2001 SC137),124696,4.80996304,5.480499829,5.145231435,0.065160994,3.131460775,214.8601401,145.5964558,2460659.269,3.80668,4262.906412,11.67120168,2.993,Asteroid,TJN,N,N
483027 (2015 AY47),483027,5.067800256,5.228546758,5.148173507,0.015611993,17.98381104,150.1351183,198.4452993,2460348.795,4.06008,4266.563266,11.6812136,2.903,Asteroid,TJN,N,N
228110 Eudorus (2008 TC9),228110,5.144992404,5.519055414,5.332023909,0.035077019,1.468010301,73.67352857,324.6199742,2459230.064,4.15142,4497.141567,12.31250258,2.999,Asteroid,TJN,N,N
101466 (1998 WJ15),101466,4.801841428,5.617897422,5.209869425,0.078318277,11.9430284,81.94526119,325.8993976,2459826.58,3.81933,4343.488589,11.89182365,2.951,Asteroid,TJN,N,N
589882 (2010 VE107),589882,4.990651261,5.479811762,5.235231512,0.046718135,6.855326282,287.8863008,150.0553129,2460226.866,4.00713,4375.243865,11.97876486,2.984,Asteroid,TJN,N,N
 38610 (2000 AU45),38610,5.159453788,5.298069034,5.228761411,0.013255075,14.07619007,270.6640358,300.3630773,2461678.185,4.16392,4367.135478,11.95656531,2.94,Asteroid,TJN,N,N
572474 (2008 KJ34),572474,5.1961409,5.286283094,5.241211997,0.008599365,25.65964336,200.4260548,39.25838489,2459002.061,4.19941,4382.743119,11.9992967,2.802,Asteroid,TJN,N,N
591123 (2013 CZ177),591123,4.715827643,5.804408686,5.260118165,0.103474961,25.10370593,154.63412,307.3931086,2460296.143,3.7878,4406.478723,12.06428124,2.8,Asteroid,TJN,N,N
616788 (2000 RB108),616788,4.762192703,5.629057643,5.195625173,0.083422583,6.283135953,105.6107935,268.8420679,2460668.406,3.76981,4325.687538,11.84308703,2.981,Asteroid,TJN,N,N
 90380 (2003 WX68),90380,4.645167593,5.661313516,5.153240554,0.098592906,9.936779084,71.8500066,65.68096488,2462227.725,3.67312,4272.86381,11.69846355,2.961,Asteroid,TJN,N,N
  4754 Panthoos (5010 T-3),4754,5.21766205,5.335516296,5.276589173,0.011167654,12.30920527,154.9481225,178.9803466,2460047.832,4.20663,4427.191927,12.1209909,2.954,Asteroid,TJN,N,N
618988 (2005 BC35),618988,5.105956673,5.237295908,5.17162629,0.012698059,1.963150582,121.8369381,316.7962315,2461422.476,4.12036,4295.751285,11.76112604,2.999,Asteroid,TJN,N,N
 63205 (2000 YG139),63205,4.839993107,5.342675476,5.091334292,0.049366467,4.274301956,136.9938617,349.9960818,2460529.615,3.85383,4196.100167,11.48829614,2.992,Asteroid,TJN,N,N
353742 (2011 YE28),353742,4.689717056,5.741273104,5.21549508,0.10081076,21.76533049,291.1580141,188.2183736,2460587.444,3.70588,4350.525684,11.91109017,2.848,Asteroid,TJN,N,N
219835 (2002 CH82),219835,4.621571003,5.619918209,5.120744606,0.097480668,6.50918055,337.5607646,122.7263217,2460301.129,3.64274,4232.511056,11.58798373,2.978,Asteroid,TJN,N,N
592946 (2015 FM69),592946,5.068894392,5.283280554,5.176087473,0.020709287,24.87270117,83.55272471,223.9575556,2458344.675,4.07221,4301.310928,11.77634751,2.815,Asteroid,TJN,N,N
617778 (2005 XW106),617778,4.877158732,5.596689085,5.236923909,0.068697805,14.16148177,329.901715,187.8489503,2458129.26,3.88612,4377.365619,11.9845739,2.934,Asteroid,TJN,N,N
554228 (2012 SN6),554228,4.707484472,5.557010036,5.132247254,0.082763507,26.37707946,242.9205048,89.85397356,2460195.214,3.82752,4246.780195,11.6270505,2.787,Asteroid,TJN,N,N
599223 (2009 UQ64),599223,5.010011519,5.557439553,5.283725536,0.051803224,10.15476098,65.52338361,323.7064308,2459607.075,4.0214,4436.176347,12.1455889,2.966,Asteroid,TJN,N,N
490834 (2010 VY224),490834,4.894396623,5.500849241,5.197622932,0.05833942,2.380566763,52.59835484,171.3900502,2461839.381,3.88444,4328.182669,11.84991833,2.995,Asteroid,TJN,N,N
558121 (2014 WC574),558121,5.035947981,5.558942264,5.297445122,0.049362879,27.69783192,140.1681867,181.9220202,2460026.632,4.02274,4453.465851,12.19292499,2.767,Asteroid,TJN,N,N
225276 Leitos (1436 T-2),225276,4.384416588,6.018116412,5.2012665,0.157048271,6.1093166,341.5710849,72.01026815,2459686.094,3.40112,4332.734594,11.86238082,2.964,Asteroid,TJN,N,N
545581 (2011 QM99),545581,5.17549269,5.335434686,5.255463688,0.015216735,25.81126038,131.5609802,265.3538226,2461041.5,4.22307,4400.63133,12.04827195,2.799,Asteroid,TJN,N,N
 39287 (2001 CD14),39287,4.891430811,5.328548693,5.109989752,0.042770916,5.221338193,47.90300649,8.414533014,2459445.297,3.90207,4219.184049,11.55149637,2.99,Asteroid,TJN,N,N
589962 (2010 XP34),589962,4.747538192,5.513225627,5.130381909,0.07462285,8.692456688,84.40777064,309.9809376,2459361.71,3.76195,4244.465131,11.6207122,2.972,Asteroid,TJN,N,N
286200 (2001 UC69),286200,4.950562887,5.404520434,5.17754166,0.043839101,10.49188701,210.2386144,24.39541307,2459062.88,3.94218,4303.123692,11.78131059,2.965,Asteroid,TJN,N,N
216291 (2007 EO149),216291,4.896156388,5.533794162,5.214975275,0.061135263,9.754454508,149.8945634,141.0653554,2459823.813,3.88624,4349.875304,11.90930952,2.967,Asteroid,TJN,N,N
350061 (2010 VX141),350061,5.066506417,5.391594631,5.229050524,0.031084822,6.935489726,105.9632725,337.5901453,2460303.819,4.08262,4367.49769,11.95755699,2.984,Asteroid,TJN,N,N
591713 (2014 DM49),591713,4.831938989,5.725573081,5.278756035,0.084644383,7.545494872,29.12448987,66.66758558,2460309.683,3.8563,4429.919285,12.128458,2.976,Asteroid,TJN,N,N
436085 (2009 SB180),436085,5.084328114,5.369769591,5.227048852,0.027304267,6.190819806,211.0397726,184.9065453,2459566.478,4.08978,4364.990125,11.95069165,2.988,Asteroid,TJN,N,N
591160 (2013 CX238),591160,5.088068935,5.425516417,5.256792676,0.032096328,4.638153859,330.0427434,109.5865507,2459757.751,4.10605,4402.300667,12.05284235,2.992,Asteroid,TJN,N,N
 13387 Irus (1998 YW6),13387,4.702246151,5.705248041,5.203747096,0.096373043,7.246511212,355.9072393,21.22679705,2459350.717,3.70409,4335.834524,11.87086797,2.975,Asteroid,TJN,N,N
319378 (2006 DS138),319378,5.192625312,5.414992984,5.303809148,0.020963016,7.240020429,129.7816376,152.6990413,2459604.692,4.17742,4461.493442,12.21490333,2.984,Asteroid,TJN,N,N
429970 (2013 AQ54),429970,4.962129844,5.580191291,5.271160567,0.058626695,21.84864883,308.2930668,157.6757928,2460543.563,3.98502,4420.361578,12.10229043,2.852,Asteroid,TJN,N,N
 20961 Arkesilaos (1973 SS1),20961,5.045105221,5.24382568,5.144465451,0.019314005,9.203193986,27.877759,49.59152907,2459952.455,4.06546,4261.954503,11.66859549,2.974,Asteroid,TJN,N,N
376532 (2012 SA24),376532,5.135130917,5.379407314,5.257269116,0.023232252,3.425481906,206.5994077,355.8890837,2458541.055,4.13012,4402.899172,12.05448096,2.996,Asteroid,TJN,N,N
284887 (2009 KE9),284887,5.094614027,5.211672073,5.15314305,0.011357927,23.05039001,62.68072666,222.4356984,2459802.878,4.09139,4272.742541,11.69813153,2.841,Asteroid,TJN,N,N
565197 (2017 BM159),565197,4.761787621,5.802438953,5.282113287,0.098507101,9.858228679,102.3666332,239.3283367,2460484.867,3.76589,4434.146053,12.14003026,2.961,Asteroid,TJN,N,N
195041 (2002 CV58),195041,4.990476454,5.355728113,5.173102283,0.035302961,9.010421219,127.7910674,142.9161018,2458148.578,3.97849,4297.590441,11.76616137,2.974,Asteroid,TJN,N,N
599184 (2009 SY410),599184,5.030288164,5.342929165,5.186608665,0.030139251,14.46603614,24.56891459,69.01113227,2460217.337,4.07468,4314.432202,11.8122716,2.936,Asteroid,TJN,N,N
243313 (2008 RH3),243313,4.801426305,5.497615917,5.149521111,0.06759751,2.313311324,248.0636036,156.7838855,2459431.265,3.80979,4268.238621,11.68580047,2.994,Asteroid,TJN,N,N
216877 (2008 FS54),216877,4.729280007,5.786649536,5.257964772,0.100549317,2.249260404,99.27079825,205.0578772,2460023.832,3.71367,4403.773106,12.05687366,2.988,Asteroid,TJN,N,N
398753 (2013 AG39),398753,4.852748697,5.442447752,5.147598225,0.057279048,8.615077607,126.1060339,42.69357751,2461014.533,3.86475,4265.848136,11.67925568,2.974,Asteroid,TJN,N,N
545527 (2011 OB68),545527,5.006266884,5.301942423,5.154104654,0.028683502,16.84400406,138.6157944,236.2476118,2460548.133,4.02687,4273.938571,11.70140608,2.914,Asteroid,TJN,N,N
 25910 (2001 BM50),25910,5.066567563,5.323952443,5.195260003,0.024771126,19.6061145,60.84775297,312.7488437,2459000.243,4.09464,4325.231505,11.84183848,2.884,Asteroid,TJN,N,N
608094 (2003 GQ57),608094,4.769574976,5.625951292,5.197763134,0.082379313,27.20054569,6.606132839,234.4269916,2462013.746,3.82645,4328.357795,11.85039779,2.773,Asteroid,TJN,N,N
219057 (1996 RA30),219057,4.792112416,5.606640992,5.199376704,0.078329444,12.32610145,12.53471225,8.669668153,2459437.114,3.7943,4330.373465,11.8559164,2.948,Asteroid,TJN,N,N
 12054 (1997 TT9),12054,4.821431607,5.500509758,5.160970683,0.06578977,10.07885862,44.52282535,40.29262067,2459812.822,3.84334,4282.481691,11.72479587,2.965,Asteroid,TJN,N,N
602263 (2014 FJ4),602263,4.552124389,5.855860009,5.203992199,0.125263026,8.950340303,88.16723348,344.3585117,2460019.678,3.56688,4336.140863,11.87170668,2.96,Asteroid,TJN,N,N
585852 (2019 LA3),585852,4.898523019,5.390843779,5.144683399,0.047847527,27.06978701,102.1006552,261.3426924,2460616.354,3.99657,4262.225346,11.66933702,2.78,Asteroid,TJN,N,N
356262 (2009 VL15),356262,4.90747023,5.560207036,5.233838633,0.062357368,3.459047588,289.6613296,123.9768988,2459558.729,3.91926,4373.497874,11.9739846,2.992,Asteroid,TJN,N,N
591082 (2013 CK96),591082,4.695551607,5.659609227,5.177580417,0.093099242,13.60387515,151.9296797,225.9152884,2459179.279,3.71163,4303.172009,11.78144287,2.936,Asteroid,TJN,N,N
231493 (2008 QT19),231493,4.788970066,5.483139536,5.136054801,0.067578083,17.64031517,195.6935869,199.7233918,2459580.874,3.79817,4251.507018,11.63999183,2.902,Asteroid,TJN,N,N
436061 (2009 RR64),436061,4.641882947,5.638589722,5.140236334,0.096951454,7.969779062,33.49555271,52.94292889,2459966.18,3.66426,4256.700139,11.65420983,2.972,Asteroid,TJN,N,N
403144 (2008 ED162),403144,4.712130282,5.549430848,5.130780565,0.081595827,7.144562822,101.9956199,232.6696828,2460381.95,3.70735,4244.959864,11.6220667,2.978,Asteroid,TJN,N,N
589287 (2009 SA278),589287,4.852521484,5.442384138,5.147452811,0.057296558,12.54403155,33.20509519,102.9744312,2460745.565,3.89178,4265.667379,11.67876079,2.949,Asteroid,TJN,N,N
 98116 (2000 RA103),98116,4.528517192,5.882537999,5.205527596,0.130056059,14.54229357,323.881449,321.920316,2459619.412,3.52594,4338.06002,11.87696104,2.919,Asteroid,TJN,N,N
252683 (2002 AE166),252683,4.940041376,5.317007985,5.12852468,0.036751954,6.026781406,286.2389717,203.8542138,2460588.329,3.95463,4242.160557,11.61440262,2.988,Asteroid,TJN,N,N
360143 (2013 CS48),360143,5.083727739,5.41110271,5.247415225,0.031193927,7.259991584,76.53995541,71.72961127,2460778.162,4.10282,4390.526203,12.02060562,2.983,Asteroid,TJN,N,N
576379 (2012 QM10),576379,4.851763466,5.426938435,5.13935095,0.055957938,15.83366687,261.0476885,79.08886415,2460597.066,3.88614,4255.600388,11.65119887,2.922,Asteroid,TJN,N,N
514310 (2015 YA2),514310,4.620183366,5.766222924,5.193203145,0.110340336,9.653712365,224.1578146,305.9625211,2458234.507,3.63575,4322.663152,11.83480671,2.96,Asteroid,TJN,N,N
436756 (2011 YA59),436756,4.727394178,5.698597801,5.212995989,0.093152155,18.11862728,118.8787341,300.259873,2459624.621,3.78191,4347.399119,11.9025301,2.892,Asteroid,TJN,N,N
558011 (2014 WC472),558011,4.704193489,5.711954759,5.208074124,0.096749897,10.07337714,122.7003306,271.9392653,2461020.088,3.72926,4341.243658,11.88567737,2.96,Asteroid,TJN,N,N
591007 (2013 AT201),591007,4.530629422,5.86555247,5.198090946,0.128405126,18.65228564,93.56404857,310.2844912,2459606.591,3.57457,4328.767271,11.85151888,2.879,Asteroid,TJN,N,N
416502 (2003 YT7),416502,5.030728284,5.352840049,5.191784166,0.031021298,33.16219215,103.8035398,237.6099561,2460189.333,4.06728,4320.891601,11.82995647,2.674,Asteroid,TJN,N,N
224793 (2006 SG371),224793,4.980787372,5.365620938,5.173204155,0.037194894,17.73460433,207.5349874,205.9199426,2459348.297,3.99551,4297.717388,11.76650893,2.904,Asteroid,TJN,N,N
589257 (2009 ST27),589257,4.660135008,5.59313752,5.126636264,0.090995583,28.37557469,191.6383065,217.0998909,2459669.621,3.69866,4239.817711,11.60798826,2.754,Asteroid,TJN,N,N
589299 (2009 SK372),589299,4.848936169,5.640568656,5.244752413,0.075469005,3.302605711,221.8917654,354.8089539,2461733.532,3.84083,4387.184654,12.01145696,2.991,Asteroid,TJN,N,N
 54680 (2001 AS9),54680,4.995706518,5.367884844,5.181795681,0.0359121,11.85931754,268.5645698,264.2200743,2461126.583,4.02589,4308.428142,11.79583338,2.956,Asteroid,TJN,N,N
 57714 (2001 UY124),57714,5.100535291,5.362597727,5.231566509,0.025046268,16.59203806,126.425061,314.9578305,2461424.625,4.13247,4370.650236,11.96618819,2.916,Asteroid,TJN,N,N
382151 (2011 QJ95),382151,4.546121152,5.891162821,5.218641986,0.128868935,26.92598062,301.647445,13.28676035,2459885.964,3.53575,4354.463784,11.9218721,2.768,Asteroid,TJN,N,N
576495 (2012 TJ),576495,4.839907787,5.50303375,5.171470769,0.064113865,5.982026275,66.75357451,226.8404919,2459695.479,3.82674,4295.557513,11.76059552,2.985,Asteroid,TJN,N,N
591780 (2014 EV54),591780,4.803532465,5.501200066,5.152366266,0.067703611,27.24780927,178.7809412,198.0026837,2459326.876,3.80872,4271.776468,11.69548657,2.775,Asteroid,TJN,N,N
617066 (2002 VY153),617066,4.860572394,5.428411211,5.144491802,0.05518901,12.44854708,69.29297375,260.8285643,2459979.017,3.8772,4261.98725,11.66868515,2.95,Asteroid,TJN,N,N
225993 (2002 CF309),225993,5.098833185,5.310270084,5.204551635,0.020312691,10.07460748,138.5988884,253.2064659,2459363.84,4.11675,4336.840093,11.87362106,2.969,Asteroid,TJN,N,N
 48269 (2002 AX166),48269,4.938552395,5.396521111,5.167536753,0.044312091,15.74586645,162.5680676,40.98758517,2461413.718,3.95264,4290.656903,11.74717838,2.923,Asteroid,TJN,N,N
202783 (2007 YK2),202783,5.052334972,5.40397275,5.228153861,0.033629249,21.14310945,282.8422538,61.70898912,2458602.494,4.0828,4366.374349,11.95448145,2.864,Asteroid,TJN,N,N
494961 (2009 SV235),494961,5.010850897,5.581591441,5.296221169,0.053881865,8.249671981,180.5737394,229.2313134,2459886.714,4.02638,4451.922507,12.18869954,2.976,Asteroid,TJN,N,N
312631 (2009 UR145),312631,4.519571237,6.038797709,5.279184473,0.143888368,22.54169796,106.40271,319.6995388,2459867.298,3.56581,4430.458612,12.1299346,2.827,Asteroid,TJN,N,N
603631 (2015 FM162),603631,4.952539968,5.387378876,5.169959422,0.042054383,8.578696439,123.5492447,323.2815787,2460055.989,3.97229,4293.674605,11.7554404,2.976,Asteroid,TJN,N,N
422575 (2014 TC54),422575,4.730861464,5.800704478,5.265782971,0.10158442,10.24425047,212.6173223,246.1070009,2461773.7,3.76258,4413.598877,12.08377516,2.958,Asteroid,TJN,N,N
241099 (2007 GH2),241099,4.651854962,5.883469686,5.267662324,0.116903348,15.87183744,43.18273776,281.9004426,2460050.028,3.68636,4415.961902,12.09024477,2.91,Asteroid,TJN,N,N
195232 (2002 EB8),195232,4.943971094,5.660459502,5.302215298,0.067565005,12.58993922,180.1827697,277.7113241,2460465.823,3.98829,4459.482505,12.20939769,2.947,Asteroid,TJN,N,N
418979 (2009 HJ106),418979,4.545085161,5.839944047,5.192514604,0.124685146,15.22564011,68.81061103,249.1477776,2460129.645,3.56914,4321.8035,11.83245311,2.915,Asteroid,TJN,N,N
493531 (2015 FF112),493531,5.108063034,5.474092084,5.291077559,0.034589273,6.567541179,338.0504423,26.71267418,2459195.247,4.10592,4445.438623,12.17094763,2.986,Asteroid,TJN,N,N
344435 (2002 FD38),344435,5.174181597,5.43107628,5.302628939,0.024223332,18.58029337,11.61011325,256.9248282,2457994.247,4.21228,4460.00436,12.21082645,2.894,Asteroid,TJN,N,N
 47967 (2000 SL298),47967,4.621557855,5.832272002,5.226914929,0.115815368,6.447207441,254.6103022,6.276625043,2459251.756,3.60552,4364.82237,11.95023236,2.974,Asteroid,TJN,N,N
618295 (2007 HQ107),618295,4.862932809,5.605736622,5.234334715,0.07095494,16.79537346,196.6133649,155.2356105,2460221.62,3.86575,4374.119692,11.97568704,2.91,Asteroid,TJN,N,N
155415 (1996 JZ5),155415,4.504922369,5.988057308,5.246489838,0.14134545,3.873324689,109.9645904,239.6939361,2460309.227,3.5003,4389.364844,12.01742599,2.975,Asteroid,TJN,N,N
218804 (2006 BB252),218804,4.634587822,5.768204377,5.201396099,0.108972335,4.052861645,157.6271975,173.168403,2460267.336,3.6233,4332.896532,11.86282418,2.983,Asteroid,TJN,N,N
 65245 (2002 EH130),65245,5.133039233,5.348117701,5.240578467,0.020520489,15.633296,207.983031,173.6403682,2459360.649,4.13601,4381.948499,11.99712115,2.925,Asteroid,TJN,N,N
338345 (2002 WM24),338345,4.636662983,5.69058942,5.163626202,0.102052937,22.61255369,240.5381231,97.36754493,2460315.887,3.72318,4285.78737,11.73384632,2.837,Asteroid,TJN,N,N
 17172 (1999 NZ41),17172,4.915931572,5.53488819,5.225409881,0.059225652,29.15301151,135.2193969,215.0482216,2460279.464,3.93102,4362.937283,11.94507128,2.743,Asteroid,TJN,N,N
588700 (2008 RG172),588700,4.874669083,5.492384537,5.18352681,0.059584476,7.462838854,14.97738019,4.329416677,2459266.263,3.87598,4310.587354,11.80174498,2.98,Asteroid,TJN,N,N
 60399 (2000 AY253),60399,4.575792156,5.918585919,5.247189037,0.127953629,4.287688054,119.0636517,299.3947231,2459725.815,3.58977,4390.242329,12.01982841,2.978,Asteroid,TJN,N,N
576497 (2012 TX4),576497,4.769454249,5.532938038,5.151196144,0.074107427,6.639121618,45.18317756,255.9860977,2459713.459,3.76137,4270.321346,11.69150266,2.981,Asteroid,TJN,N,N
356422 (2010 VO24),356422,4.636754565,5.738938625,5.187846595,0.106227511,6.599949569,64.01190527,16.8530233,2460031.587,3.65191,4315.976935,11.81650085,2.976,Asteroid,TJN,N,N
336068 (2008 FB27),336068,4.647435569,5.895281462,5.271358515,0.11836094,29.27545849,216.4953163,119.9531929,2460269.36,3.73727,4420.610578,12.10297215,2.731,Asteroid,TJN,N,N
184276 (2005 AU19),184276,4.724113978,5.670077613,5.197095796,0.09100887,10.71807663,91.30887606,359.8248631,2461746.206,3.73942,4327.524247,11.84811567,2.957,Asteroid,TJN,N,N
572490 (2008 KH47),572490,5.136349489,5.440792035,5.288570762,0.028783064,29.71774205,211.3746143,54.00833968,2459309.433,4.16834,4442.279769,12.16229916,2.734,Asteroid,TJN,N,N
 12052 Aretaon (1997 JB16),12052,4.863391912,5.580323536,5.221857724,0.068647181,11.47467646,219.7871337,87.81154199,2460199.901,3.87342,4358.489249,11.93289322,2.955,Asteroid,TJN,N,N
315916 (2008 RO124),315916,4.613522272,5.887554713,5.250538493,0.121323979,6.595160617,175.1047403,222.4434946,2459523.116,3.62345,4394.446656,12.03133924,2.972,Asteroid,TJN,N,N
557082 (2014 SO349),557082,5.118047541,5.214133952,5.166090746,0.009299722,29.54986913,89.86713194,171.6618316,2459495.844,4.10171,4288.856078,11.74224799,2.741,Asteroid,TJN,N,N
539815 (2017 DY6),539815,4.424363196,5.955788377,5.190075787,0.14753399,24.56835372,145.1777744,169.672555,2460133.073,3.41329,4318.759064,11.8241179,2.799,Asteroid,TJN,N,N
359969 (2012 CM17),359969,4.833931087,5.688222919,5.261077003,0.081189824,10.92762981,157.2696031,233.774754,2459121.103,3.85157,4407.683628,12.06758009,2.957,Asteroid,TJN,N,N
356251 (2009 UZ50),356251,5.025025671,5.576100226,5.300562948,0.051982644,3.417593566,195.7087565,222.007275,2459881.164,4.03684,4457.398079,12.20369084,2.994,Asteroid,TJN,N,N
162388 (2000 BK39),162388,4.583055388,5.913312696,5.248184042,0.126735009,4.219028746,132.7335428,241.0906198,2459071.016,3.58557,4391.491146,12.02324749,2.978,Asteroid,TJN,N,N
 55267 (2001 RP132),55267,4.96937602,5.291803429,5.130589724,0.031422061,17.35047936,15.66849847,19.71208172,2461169.967,3.97651,4244.723028,11.62141828,2.909,Asteroid,TJN,N,N
258685 (2002 EK160),258685,4.855176925,5.658914888,5.257045907,0.076443879,2.776802185,200.7210535,322.759975,2460991.839,3.86216,4402.618773,12.05371327,2.992,Asteroid,TJN,N,N
269621 (2010 UX96),269621,4.899497831,5.635334328,5.26741608,0.069847956,15.62681729,81.20332644,28.31186548,2460356.201,3.92323,4415.65226,12.08939701,2.921,Asteroid,TJN,N,N
457150 (2008 FD133),457150,5.028553163,5.291026916,5.159790039,0.025434538,30.41534321,51.28719685,271.81135,2460075.58,4.11934,4281.01226,11.72077279,2.725,Asteroid,TJN,N,N
614468 (2009 RK72),614468,4.197918873,6.20927295,5.203595912,0.193265783,10.47080829,193.5890894,221.2625048,2459678.546,3.21699,4335.645573,11.87035064,2.93,Asteroid,TJN,N,N
257386 (2009 SN122),257386,4.381215109,6.123366033,5.252290571,0.165846777,8.7831759,209.2451108,246.474506,2460247.742,3.40903,4396.646447,12.03736194,2.949,Asteroid,TJN,N,N
253343 (2003 FC48),253343,4.42177848,5.840046017,5.130912248,0.138208126,6.807359908,2.906288613,87.20685799,2460203.566,3.44593,4245.123288,11.62251414,2.967,Asteroid,TJN,N,N
295530 (2008 RC124),295530,4.89352716,5.648467879,5.270997519,0.071612699,3.610941108,325.818562,94.47350544,2459974.55,3.90751,4420.156483,12.10172891,2.991,Asteroid,TJN,N,N
567074 (2019 KH5),567074,4.855007807,5.652392446,5.253700126,0.075887909,28.61712582,132.0170956,196.6693206,2460480.1,3.84823,4398.416455,12.04220795,2.749,Asteroid,TJN,N,N
454735 (2014 UM13),454735,5.181774806,5.288278461,5.235026634,0.010172217,6.611485323,267.352918,124.9375042,2461187.02,4.19197,4374.987033,11.97806169,2.987,Asteroid,TJN,N,N
267099 (1999 XG227),267099,4.880026593,5.631406595,5.255716594,0.071482165,6.305184312,297.7892648,105.9242641,2459502.088,3.89506,4400.948989,12.04914165,2.983,Asteroid,TJN,N,N
528210 (2008 KF10),528210,5.135434272,5.490509188,5.31297173,0.033415848,15.24275862,73.88063878,213.313146,2459688.154,4.12776,4473.059596,12.24656974,2.928,Asteroid,TJN,N,N
 42179 (2001 CP25),42179,4.963358154,5.550420804,5.256889479,0.055837454,6.610749909,81.62830477,319.9122244,2459544.885,3.97443,4402.422269,12.05317528,2.984,Asteroid,TJN,N,N
535147 (2014 XA5),535147,4.634815994,5.80309014,5.218953067,0.111926102,7.184952993,337.5611741,69.21203066,2461221.597,3.6519,4354.853141,11.9229381,2.972,Asteroid,TJN,N,N
 13790 (1998 UF31),13790,4.672894241,5.868010346,5.270452294,0.113378894,7.969673421,67.23599102,55.35366751,2460518.52,3.69542,4419.470677,12.09985127,2.968,Asteroid,TJN,N,N
  2594 Acamas (1978 TB),2594,4.625096093,5.495069551,5.060082822,0.08596435,5.536267725,356.6960906,280.8381275,2459577.41,3.61386,4157.524957,11.38268298,2.984,Asteroid,TJN,N,N
618250 (2007 EQ234),618250,4.527554236,5.951516239,5.239535238,0.135886289,5.069726026,33.98437455,213.8724996,2459120.599,3.5147,4380.640108,11.99353897,2.974,Asteroid,TJN,N,N
432356 (2009 VV110),432356,4.93445661,5.518634944,5.226545777,0.055885699,24.92464179,37.43478868,295.005577,2458709.982,4.00187,4364.359979,11.9489664,2.81,Asteroid,TJN,N,N
284447 (2007 ET144),284447,4.757395375,5.594851968,5.176123672,0.080896115,4.829085903,141.9352053,132.3631677,2459552.794,3.74283,4301.35605,11.77647105,2.986,Asteroid,TJN,N,N
228084 (2008 RV3),228084,5.085550052,5.288845458,5.187197755,0.01959588,3.675570194,203.6812743,112.9949745,2458512.039,4.07352,4315.167266,11.8142841,2.996,Asteroid,TJN,N,N
515447 (2013 UY15),515447,5.023333727,5.469690366,5.246512047,0.042538418,18.27494568,60.29837071,325.1950226,2460605.4,4.04363,4389.392714,12.0175023,2.897,Asteroid,TJN,N,N
546780 (2010 XN91),546780,4.708653178,5.77955033,5.244101754,0.102104917,11.30315402,106.2146319,12.33045781,2460454.274,3.72451,4386.368275,12.00922183,2.951,Asteroid,TJN,N,N
567068 (2019 GX12),567068,4.831082748,5.595664077,5.213373412,0.073328848,27.85745403,198.8137812,134.5501095,2460317.454,3.87164,4347.871258,11.90382275,2.763,Asteroid,TJN,N,N
297178 (2010 WF24),297178,4.60041508,5.749359939,5.17488751,0.111011578,27.85678989,250.892913,193.5417244,2459965.35,3.6195,4299.815266,11.77225261,2.758,Asteroid,TJN,N,N
581638 (2015 KV27),581638,5.175253417,5.318496326,5.246874872,0.013650307,18.01474262,231.7118909,67.60293277,2458071.069,4.18878,4389.848048,12.01874893,2.901,Asteroid,TJN,N,N
 60313 (1999 XW218),60313,4.88324442,5.708515833,5.295880127,0.077916361,3.384935913,123.3476083,327.6903572,2460148.283,3.89916,4451.492502,12.18752225,2.991,Asteroid,TJN,N,N
 18268 Dardanos (2140 T-3),18268,4.657817118,5.662405585,5.160111352,0.097341743,16.60081468,218.3833453,113.1265823,2460160.135,3.69108,4281.412149,11.72186762,2.908,Asteroid,TJN,N,N
296787 (2009 UR154),296787,5.022580193,5.510977336,5.266778765,0.04636583,7.62389106,86.96019719,257.0716781,2459138.197,4.02422,4414.850896,12.087203,2.98,Asteroid,TJN,N,N
577070 (2013 AH36),577070,4.81368769,5.344980381,5.079334036,0.052299444,12.79226046,310.2973233,121.8104587,2460031.995,3.84844,4181.273623,11.44770328,2.949,Asteroid,TJN,N,N
591789 (2014 EM90),591789,4.839971094,5.628731729,5.234351411,0.075344639,8.816243284,303.746069,63.64982088,2459175.906,3.84904,4374.140621,11.97574434,2.971,Asteroid,TJN,N,N
514875 (2008 HB33),514875,4.561579491,5.791270165,5.176424828,0.11877799,6.059248558,87.60113569,131.6194527,2458863.846,3.55666,4301.731446,11.77749883,2.975,Asteroid,TJN,N,N
125159 (2001 UV93),125159,4.884394163,5.599775373,5.242084768,0.068234418,15.32672151,104.6312493,192.1666196,2459698.285,3.86925,4383.837891,12.00229402,2.924,Asteroid,TJN,N,N
266662 (2008 UJ209),266662,4.623755906,5.694867439,5.159311672,0.103803724,1.264117318,290.9144184,99.858105,2458930.635,3.62873,4280.416931,11.71914286,2.989,Asteroid,TJN,N,N
389825 (2012 AM1),389825,4.973677019,5.492501506,5.233089262,0.04957153,3.74111357,274.9299809,194.0516316,2460260.975,3.9892,4372.558624,11.97141307,2.993,Asteroid,TJN,N,N
257401 (2009 SM264),257401,4.300143038,6.077802915,5.188972977,0.171292073,27.69546448,26.18713747,59.77295607,2460047.892,3.40422,4317.382634,11.82034944,2.745,Asteroid,TJN,N,N
304770 (2007 EO67),304770,4.863631115,5.428804558,5.146217836,0.054911535,29.44166971,2.756156819,304.0588915,2459884.812,3.91796,4264.132346,11.6745581,2.741,Asteroid,TJN,N,N
195117 (2002 CT143),195117,4.533184139,5.79025943,5.161721784,0.121768989,8.552376217,163.9195596,340.094155,2460882.697,3.54555,4283.416601,11.72735551,2.963,Asteroid,TJN,N,N
353228 (2010 AC121),353228,5.031164189,5.504799123,5.267981656,0.044954118,13.12899152,132.1807678,315.787434,2460172.278,4.05981,4416.363459,12.09134417,2.946,Asteroid,TJN,N,N
490446 (2009 SO164),490446,5.090199602,5.428228971,5.259214286,0.03213687,3.351133479,174.2853852,221.5455384,2459492.391,4.09645,4405.342983,12.06117175,2.996,Asteroid,TJN,N,N
557679 (2014 WZ119),557679,4.936525655,5.421026236,5.178775946,0.046777519,32.42897952,86.50936256,269.8911006,2460614.308,4.07688,4304.66253,11.7855237,2.687,Asteroid,TJN,N,N
192393 (1996 TT22),192393,5.160849305,5.491989422,5.326419363,0.031084683,4.183999284,7.775761,341.5532179,2458875.414,4.15405,4490.052942,12.29309498,2.994,Asteroid,TJN,N,N
418997 (2009 OP10),418997,4.415734993,5.992558052,5.204146523,0.151496797,34.54922499,120.1278451,155.6749612,2459528.191,3.42064,4336.333746,11.87223476,2.628,Asteroid,TJN,N,N
359616 (2011 JA11),359616,4.618785097,5.690311393,5.154548245,0.103939884,20.22814596,251.9589483,118.4934207,2460674.502,3.67488,4274.490342,11.70291675,2.867,Asteroid,TJN,N,N
574764 (2010 VM251),574764,4.783881983,5.645021399,5.214451691,0.082572384,31.24224159,218.6322804,250.7617308,2460522.314,3.91964,4349.220229,11.90751603,2.704,Asteroid,TJN,N,N
499231 (2009 UC112),499231,3.971684666,6.524170585,5.247927626,0.243189893,6.728606071,251.8815752,154.5861536,2459593.434,2.98221,4391.169309,12.02236635,2.926,Asteroid,TJN,N,N
306178 (2010 WR11),306178,4.371703992,5.845105602,5.108404797,0.144213474,10.41041373,329.0608825,116.0411029,2459996.799,3.40336,4217.221219,11.54612243,2.947,Asteroid,TJN,N,N
321138 (2008 UY152),321138,5.041694311,5.479802915,5.260748613,0.041639378,8.345371333,205.2414702,196.500759,2459209.408,4.04943,4407.270951,12.06645024,2.977,Asteroid,TJN,N,N
573514 (2009 GT4),573514,5.089799058,5.352548934,5.221173996,0.025161954,29.74668001,62.27475694,239.5016289,2460031.639,4.12049,4357.633253,11.93054963,2.735,Asteroid,TJN,N,N
 24449 (2000 QL63),24449,4.956676669,5.487349232,5.222012951,0.050811111,36.9348649,158.4531008,219.9043457,2460762.111,3.98758,4358.683593,11.93342531,2.596,Asteroid,TJN,N,N
315917 (2008 RO125),315917,4.699865568,5.63621246,5.168039014,0.090590153,2.82752069,249.1623022,177.6413646,2459768.263,3.71256,4291.282466,11.74889108,2.989,Asteroid,TJN,N,N
542323 (2013 CR12),542323,4.786295303,5.460193169,5.123244236,0.065768665,7.3162148,13.84840872,106.813257,2460316.003,3.80988,4235.610508,11.59646956,2.98,Asteroid,TJN,N,N
227078 (2005 LZ18),227078,4.772473314,5.467101944,5.119787629,0.067837641,16.37083011,217.9239184,193.1343295,2459551.718,3.78329,4231.324638,11.58473549,2.915,Asteroid,TJN,N,N
 76835 (2000 SH255),76835,5.037825057,5.557272518,5.297548788,0.049027152,6.612136584,160.1284403,167.20701,2459840.255,4.02619,4453.596576,12.19328289,2.984,Asteroid,TJN,N,N
 77897 (2001 TE64),77897,4.951864133,5.544651209,5.248257671,0.056474654,6.992412807,18.77123156,30.33084042,2461030.466,3.9628,4391.583561,12.02350051,2.982,Asteroid,TJN,N,N
329008 (2010 XZ64),329008,4.708138769,5.609965694,5.159052232,0.087402384,8.717435065,99.06094429,356.348612,2459979.931,3.72366,4280.094068,11.71825891,2.97,Asteroid,TJN,N,N
240914 (2006 DQ196),240914,4.776492588,5.673351796,5.224922192,0.085825126,28.21271228,145.1985707,116.356345,2459337.133,3.85185,4362.326506,11.94339906,2.755,Asteroid,TJN,N,N
353208 (2009 SZ353),353208,5.067884132,5.416581603,5.242232867,0.033258487,11.47841225,178.8800261,280.459194,2460374.059,4.10662,4384.023671,12.00280266,2.959,Asteroid,TJN,N,N
352155 (2007 PP47),352155,5.184265307,5.336947935,5.260606621,0.014511884,11.60322721,153.5626733,331.233953,2460724.156,4.20008,4407.092518,12.06596172,2.959,Asteroid,TJN,N,N
263794 (2008 QQ37),263794,4.842037317,5.356645617,5.099341467,0.05045831,5.860971237,0.874936651,354.6089559,2458956.067,3.83674,4206.002909,11.51540838,2.987,Asteroid,TJN,N,N
266772 (2009 SW172),266772,4.971632527,5.305299154,5.138465841,0.032467534,6.716840967,238.2423848,193.4248092,2460051.85,3.98516,4254.501073,11.64818911,2.985,Asteroid,TJN,N,N
247315 (2001 TP176),247315,5.035211144,5.429868924,5.232540034,0.037711874,19.11382515,29.49865366,293.7527389,2460196.018,4.07387,4371.870273,11.96952847,2.888,Asteroid,TJN,N,N
599879 (2011 AG18),599879,4.790627503,5.645899046,5.218263274,0.081949827,14.39739758,100.9536489,357.6024744,2460097.631,3.80621,4353.989794,11.92057439,2.931,Asteroid,TJN,N,N
228290 (2000 CS69),228290,5.033705825,5.686788632,5.360247228,0.060919094,5.336610737,313.9901184,90.28448976,2459499.019,4.04706,4532.894991,12.41039012,2.988,Asteroid,TJN,N,N
  2148 Epeios (1976 UW),2148,4.914508948,5.525227217,5.219868083,0.058499397,9.147879691,176.5528763,233.085553,2459622.658,3.93253,4355.998467,11.92607383,2.971,Asteroid,TJN,N,N
141584 (2002 GU178),141584,5.031719952,5.289987107,5.16085353,0.025021748,3.129520702,277.9178371,164.3943239,2459518.052,4.04649,4282.335875,11.72439665,2.996,Asteroid,TJN,N,N
589317 (2009 SC391),589317,4.890026659,5.532479162,5.21125291,0.061640887,7.486528675,239.7932501,119.6451307,2459201.869,3.89428,4345.21883,11.89656079,2.979,Asteroid,TJN,N,N
315911 (2008 RH67),315911,4.595213754,5.817002166,5.20610796,0.117341824,9.939661698,29.53481557,50.35236365,2459818.646,3.62014,4338.785517,11.87894734,2.956,Asteroid,TJN,N,N
  8125 Tyndareus (5493 T-2),8125,4.950412797,5.455280902,5.20284685,0.048518448,13.10834973,323.1295483,59.21896005,2459019.267,3.97192,4334.709427,11.86778762,2.946,Asteroid,TJN,N,N
576459 (2012 SE44),576459,4.783554709,5.763804418,5.273679563,0.092937929,4.682964979,280.356668,15.57454931,2459924.19,3.76727,4423.530578,12.11096667,2.985,Asteroid,TJN,N,N
 38611 (2000 AS74),38611,4.518377318,5.853177479,5.185777398,0.128698174,8.356926045,107.4282876,356.4757775,2460338.086,3.53393,4313.395021,11.80943195,2.962,Asteroid,TJN,N,N
490224 (2008 VV53),490224,4.860260203,5.49897847,5.179619336,0.061656873,5.139559673,2.086866704,60.2014354,2459329.46,3.87566,4305.714129,11.78840282,2.988,Asteroid,TJN,N,N
352655 (2008 QX28),352655,5.027963165,5.454854357,5.241408761,0.040722944,12.47901514,323.2397033,90.06536316,2459836.155,4.06678,4382.989924,11.99997241,2.951,Asteroid,TJN,N,N
 58473 (1996 RN7),58473,4.977169743,5.462396545,5.219783144,0.046479594,5.087551884,175.1432417,13.64659023,2461335.775,3.97697,4355.892145,11.92578274,2.99,Asteroid,TJN,N,N
600564 (2012 BC123),600564,4.852406321,5.526814923,5.189610622,0.064976802,16.44305581,128.9463297,308.7656228,2459661.881,3.89368,4318.178469,11.82252832,2.914,Asteroid,TJN,N,N
319342 (2006 BY273),319342,4.810827549,5.660240978,5.235534263,0.081120033,2.793900047,349.9855253,80.05321484,2461568.499,3.82543,4375.623399,11.97980397,2.991,Asteroid,TJN,N,N
575258 (2011 QU9),575258,4.855815172,5.517982646,5.186898909,0.063830767,18.67860195,330.6053298,317.7734939,2459487.708,3.86285,4314.794363,11.81326314,2.891,Asteroid,TJN,N,N
353753 (2012 BU57),353753,4.996051381,5.420472835,5.208262108,0.040745017,4.171203898,126.6184924,292.1263929,2459668.938,4.01007,4341.478705,11.88632089,2.993,Asteroid,TJN,N,N
190301 (1996 RA14),190301,4.964013418,5.431764586,5.197889002,0.04499434,7.467271588,174.4950615,106.660113,2458135.315,3.95676,4328.515018,11.85082825,2.981,Asteroid,TJN,N,N
 64270 (2001 TA197),64270,4.693505128,5.689298522,5.191401825,0.095907948,12.88350787,134.7235066,199.3149656,2460029.027,3.68531,4320.414302,11.8286497,2.941,Asteroid,TJN,N,N
388903 (2008 SK50),388903,4.882571231,5.488725271,5.185648251,0.058445349,18.71587208,4.479777325,127.4154226,2460447.097,3.92597,4313.23389,11.8089908,2.891,Asteroid,TJN,N,N
560802 (2015 KS149),560802,4.448105145,5.952646283,5.200375714,0.144656965,12.96869135,67.3905918,129.0522936,2461292.795,3.46331,4331.621584,11.85933356,2.929,Asteroid,TJN,N,N
591067 (2013 CE28),591067,4.999888974,5.405713865,5.20280142,0.039000613,16.49131759,309.6721616,351.4702671,2458381.219,3.98483,4334.652652,11.86763218,2.916,Asteroid,TJN,N,N
570070 (2006 CM29),570070,4.497368359,5.935198884,5.216283622,0.137821352,10.45318433,156.8114187,100.2546246,2459264.051,3.50245,4351.512369,11.91379156,2.948,Asteroid,TJN,N,N
 54656 (2000 SX362),54656,4.872260994,5.716954832,5.294607913,0.079769253,32.78433029,120.7833473,179.5177789,2459645.317,3.85612,4449.888545,12.18313086,2.673,Asteroid,TJN,N,N
293307 (2007 DQ37),293307,4.688226157,5.682652419,5.185439288,0.095886405,23.25360481,176.0073078,43.12764195,2458903.611,3.71923,4312.973181,11.80827702,2.829,Asteroid,TJN,N,N
546585 (2010 VM246),546585,4.939727837,5.511199594,5.225463716,0.05468144,12.89519364,276.4902355,190.5583594,2460412.988,3.95605,4363.004707,11.94525587,2.947,Asteroid,TJN,N,N
576368 (2012 PL55),576368,4.965184447,5.42983451,5.197509478,0.044699299,26.0052706,329.8110106,319.2640838,2460042.961,3.9786,4328.040956,11.84953034,2.796,Asteroid,TJN,N,N
257987 (2001 DY77),257987,4.835193054,5.666959224,5.251076139,0.079199591,7.667933458,137.2743166,326.1145883,2460334.756,3.85396,4395.121649,12.03318727,2.976,Asteroid,TJN,N,N
283401 (2000 SV15),283401,4.641253752,5.802677986,5.221965869,0.111205652,16.00270361,322.671071,336.502037,2459887.44,3.63207,4358.624646,11.93326392,2.91,Asteroid,TJN,N,N
542209 (2013 AE79),542209,4.875628856,5.540514784,5.20807182,0.063832254,26.38115776,130.560332,319.6870667,2460261.078,3.92292,4341.240778,11.88566948,2.788,Asteroid,TJN,N,N
286110 (2001 TQ99),286110,4.760798498,5.539576407,5.150187452,0.075606754,13.49180471,226.8672447,40.39093656,2459433.837,3.75771,4269.067105,11.68806873,2.94,Asteroid,TJN,N,N
300250 (2007 EF222),300250,4.931094617,5.366667885,5.148881251,0.042297855,8.393823182,1.828865154,324.9218574,2459960.009,3.92359,4267.443114,11.68362249,2.977,Asteroid,TJN,N,N
359347 (2009 SX207),359347,4.606149126,5.861104847,5.233626986,0.119893501,2.531430079,308.4424069,105.9051766,2459832.51,3.61771,4373.232592,11.9732583,2.984,Asteroid,TJN,N,N
322157 (2010 WC61),322157,4.571623883,5.936099958,5.253861921,0.129854581,13.79940625,69.77653644,45.01234827,2460312.967,3.60366,4398.619639,12.04276424,2.926,Asteroid,TJN,N,N
396133 (2013 CE214),396133,4.837611479,5.515164504,5.176387991,0.065446507,9.0927868,310.3351045,100.1987666,2459551.261,3.86242,4301.685528,11.77737311,2.971,Asteroid,TJN,N,N
 99327 (2001 UP32),99327,4.979047735,5.25575134,5.117399537,0.027035568,5.123949992,58.21603927,257.1682103,2459855.52,3.96921,4228.364473,11.576631,2.992,Asteroid,TJN,N,N
491882 (2013 BW56),491882,4.539902801,5.824207944,5.182055372,0.123918508,5.925611449,301.1209978,225.3392281,2461049.066,3.54938,4308.752028,11.79672013,2.974,Asteroid,TJN,N,N
325740 (2009 VD81),325740,4.473122355,5.968479343,5.220800849,0.143211457,9.556138429,43.19426936,338.5321967,2459306.07,3.47802,4357.166114,11.92927068,2.952,Asteroid,TJN,N,N
264141 (2009 UG87),264141,4.381985256,6.089080318,5.235532787,0.163029737,13.1340232,73.69266001,283.0819826,2459055.202,3.40966,4375.621548,11.9797989,2.921,Asteroid,TJN,N,N
343161 (2009 KH3),343161,4.2297326,6.24829227,5.239012435,0.192646963,26.15968245,176.4511032,136.6289936,2459886.84,3.2673,4379.984471,11.99174393,2.761,Asteroid,TJN,N,N
229808 (2008 SB148),229808,4.915963133,5.588304904,5.252134018,0.064006532,1.797582815,42.98863926,7.390948878,2459317.747,3.92541,4396.449875,12.03682375,2.995,Asteroid,TJN,N,N
483649 (2004 YL16),483649,4.699878,5.484630215,5.092254108,0.077053521,13.04145709,109.9605524,229.7972303,2460146.469,3.70664,4197.237338,11.49140955,2.944,Asteroid,TJN,N,N
228096 (2008 SA27),228096,4.704119702,5.667258031,5.185688866,0.092865032,9.625050798,192.0506935,48.72053692,2461935.211,3.70111,4313.284564,11.80912954,2.963,Asteroid,TJN,N,N
355780 (2008 RR126),355780,4.860029763,5.673649287,5.266839525,0.077239825,7.413250174,152.2151842,27.47783327,2461192.452,3.86474,4414.927295,12.08741217,2.977,Asteroid,TJN,N,N
391536 (2007 RC309),391536,5.040648444,5.543867101,5.292257772,0.047542909,8.884410728,173.7795051,296.419225,2460268.029,4.06717,4446.926086,12.17502009,2.974,Asteroid,TJN,N,N
379976 (2012 TP7),379976,4.871768619,5.674013599,5.272891109,0.076072591,8.826062339,307.2899636,97.99261904,2461104.899,3.89465,4422.538589,12.10825076,2.971,Asteroid,TJN,N,N
600527 (2012 AP33),600527,4.878173121,5.646195584,5.262184353,0.072975632,19.59676247,283.2574914,173.2883202,2460145.469,3.89437,4409.075292,12.07139026,2.879,Asteroid,TJN,N,N
481504 (2007 EL62),481504,4.911962138,5.309198437,5.110580287,0.038864109,17.63761464,158.2359682,99.56906714,2459333.342,3.95055,4219.915455,11.55349885,2.906,Asteroid,TJN,N,N
436394 (2010 VF172),436394,5.110082089,5.445814368,5.277948229,0.031805189,8.903101322,58.64891136,14.38346174,2460005.22,4.12404,4428.902461,12.12567409,2.975,Asteroid,TJN,N,N
356423 (2010 VG61),356423,4.820128226,5.726839709,5.273483968,0.085968924,4.594657963,28.34983567,65.87845798,2460274.434,3.83884,4423.284483,12.1102929,2.986,Asteroid,TJN,N,N
259343 (2003 FK133),259343,5.071976222,5.43256646,5.252271341,0.034327076,4.409264531,41.52708833,81.1643062,2460766.526,4.08981,4396.622301,12.03729583,2.993,Asteroid,TJN,N,N
 18263 Anchialos (5167 T-2),18263,4.990337861,5.418301158,5.20431951,0.041116163,10.6032693,311.4152293,144.3766022,2459853.573,4.01202,4336.549959,11.87282672,2.964,Asteroid,TJN,N,N
622150 (2012 RP25),622150,4.846814482,5.480461767,5.163638125,0.06135667,17.00422281,290.0424742,9.672428912,2460068.09,3.83144,4285.802214,11.73388697,2.909,Asteroid,TJN,N,N
264085 (2009 SF247),264085,4.584856085,5.786000053,5.185428069,0.115819172,4.444492998,238.5748917,197.6724805,2459941.164,3.5992,4312.959184,11.8082387,2.981,Asteroid,TJN,N,N
514309 (2015 XL386),514309,5.191473323,5.373543275,5.282508299,0.017233286,8.251428342,107.0308084,252.7885329,2460633.683,4.19576,4434.643461,12.14139209,2.979,Asteroid,TJN,N,N
593109 (2015 FH427),593109,4.935272662,5.574540051,5.254906357,0.060825764,10.16383674,109.5640549,220.6559357,2458631.507,3.9306,4399.931332,12.04635546,2.965,Asteroid,TJN,N,N
187479 (2006 DA15),187479,4.744391898,5.702253974,5.223322936,0.091690873,6.792762864,119.454625,148.1748472,2459444.729,3.73005,4360.323813,11.93791598,2.978,Asteroid,TJN,N,N
315915 (2008 RB123),315915,4.90942784,5.399771905,5.154599873,0.047563737,5.951106523,287.0136688,197.8119109,2460309.26,3.92419,4274.554562,11.70309257,2.987,Asteroid,TJN,N,N
 85030 Admetos (2804 P-L),85030,4.772099163,5.595476662,5.183787912,0.079418517,22.79167628,190.9274117,230.2292188,2460158.394,3.8237,4310.913055,11.8026367,2.838,Asteroid,TJN,N,N
 14235 (1999 XA187),14235,4.702687354,5.588262596,5.145474975,0.08605379,8.666920754,41.37948782,25.86359984,2459630.771,3.71769,4263.209082,11.67203034,2.97,Asteroid,TJN,N,N
 89938 (2002 FR4),89938,4.796020864,5.582020194,5.189020529,0.075736772,32.00957575,23.08389463,71.50329653,2460284.516,3.93119,4317.441982,11.82051193,2.691,Asteroid,TJN,N,N
264156 (2009 WV5),264156,4.935840164,5.649929081,5.292884623,0.067457442,8.44031432,95.20980042,271.5674837,2459055.324,3.94724,4447.716195,12.17718329,2.974,Asteroid,TJN,N,N
164585 Oenomaos (2007 ND2),164585,5.036601233,5.400879429,5.218740331,0.03490097,14.0047535,236.0967315,162.1946122,2459736.205,4.04688,4354.586874,11.9222091,2.939,Asteroid,TJN,N,N
415023 (2011 NC2),415023,4.700754799,5.5852796,5.1430172,0.08599279,7.860606596,300.4357737,353.4227782,2459977.13,3.68423,4260.154915,11.66366849,2.974,Asteroid,TJN,N,N
295699 (2008 TC173),295699,5.024958763,5.483992231,5.254475497,0.043680237,2.529012554,346.8647246,337.960959,2458596.994,4.01244,4399.390206,12.04487394,2.996,Asteroid,TJN,N,N
249005 (2007 PB9),249005,4.653949284,5.785170546,5.219559915,0.108363663,22.59026129,314.0612152,40.90566039,2458930.433,3.67747,4355.612722,11.92501772,2.835,Asteroid,TJN,N,N
546636 (2010 WM31),546636,5.081824861,5.31943977,5.200632315,0.022844809,9.554864913,70.04267884,42.87825657,2460357.456,4.10394,4331.942189,11.86021133,2.972,Asteroid,TJN,N,N
584363 (2017 AO32),584363,5.02017498,5.21612975,5.118152365,0.019143116,30.48005361,145.1213623,138.9462072,2459597.975,4.02466,4229.297568,11.57918567,2.726,Asteroid,TJN,N,N
 51348 (2000 QR169),51348,4.803740062,5.481694515,5.142717288,0.065914031,7.703077277,307.7501922,286.0072721,2458985.106,3.80198,4259.782279,11.66264827,2.978,Asteroid,TJN,N,N
 38257 (1999 RC13),38257,4.588709981,5.861057852,5.224883916,0.121758482,14.82298536,160.4480429,123.9540966,2459538.765,3.59972,4362.278572,11.94326782,2.919,Asteroid,TJN,N,N
420728 (2012 RO2),420728,4.651926261,5.632318959,5.14212261,0.095329572,21.3372273,113.9601519,255.4832855,2460661.616,3.72507,4259.04343,11.66062541,2.855,Asteroid,TJN,N,N
310872 (2003 HF14),310872,5.112133395,5.317775431,5.214954413,0.019716571,29.29362615,22.3639783,21.78618832,2459571.965,4.12117,4349.849203,11.90923806,2.744,Asteroid,TJN,N,N
 63273 (2001 DH4),63273,4.567262829,5.873588496,5.220425663,0.125116777,9.406454542,356.3741488,259.0647127,2462053.11,3.56866,4356.696439,11.92798478,2.958,Asteroid,TJN,N,N
526872 (2007 EH222),526872,4.772857284,5.605596798,5.189227041,0.080237337,31.45401094,191.5576929,37.87274172,2458876.787,3.80462,4317.699722,11.82121758,2.701,Asteroid,TJN,N,N
414468 (2009 KM14),414468,4.932722471,5.498817696,5.215770083,0.054267655,18.30776487,145.6383676,235.4906132,2461035.182,3.96511,4350.869782,11.91203226,2.896,Asteroid,TJN,N,N
283519 (2001 TP47),283519,4.888417691,5.567158954,5.227788323,0.064916674,10.71923531,135.8500202,231.1960159,2460705.144,3.89747,4365.91643,11.95322773,2.961,Asteroid,TJN,N,N
371743 (2007 EL192),371743,4.885843117,5.510969269,5.198406193,0.060126713,6.683105101,22.83027929,188.968389,2458800.964,3.8793,4329.161065,11.85259703,2.983,Asteroid,TJN,N,N
554207 (2012 RB27),554207,4.725054125,5.530031998,5.127543061,0.078495477,29.66211231,192.6203023,135.1450107,2460069.295,3.76735,4240.942667,11.61106822,2.735,Asteroid,TJN,N,N
300993 (2008 FP117),300993,4.44625007,6.111554193,5.278902131,0.157732051,15.29206338,32.62155117,268.2079711,2459817.83,3.47635,4430.103192,12.12896151,2.905,Asteroid,TJN,N,N
247946 (2003 YE20),247946,4.879624987,5.622616711,5.251120849,0.070746013,27.75423928,301.5706032,2.644095174,2459613.85,3.86386,4395.177782,12.03334095,2.764,Asteroid,TJN,N,N
352659 (2008 RE2),352659,4.839102497,5.601757101,5.220429799,0.073045193,17.88574616,1.261419001,139.7841702,2460727.164,3.86847,4356.701617,11.92799895,2.898,Asteroid,TJN,N,N
 38615 (2000 AV121),38615,4.332212454,6.015040027,5.173626241,0.162635209,3.968074783,270.3985482,141.9404256,2459656.347,3.34346,4298.243379,11.76794902,2.969,Asteroid,TJN,N,N
379949 (2012 OM1),379949,4.742344152,5.565261879,5.153803015,0.07983597,20.43150239,342.6586446,355.8938641,2460214.724,3.73343,4273.563385,11.70037888,2.869,Asteroid,TJN,N,N
359355 (2009 SC355),359355,4.819858642,5.66171619,5.240787416,0.080317849,9.074609865,177.9276507,275.9534234,2460221.68,3.85056,4382.210572,11.99783866,2.969,Asteroid,TJN,N,N
280987 (2006 DQ88),280987,5.007327919,5.515493475,5.261410697,0.048291759,12.84639678,171.6759297,163.3329619,2460032.806,3.99974,4408.102982,12.06872822,2.947,Asteroid,TJN,N,N
269620 (2010 UJ58),269620,4.4340931,6.089152998,5.261623049,0.157276555,7.892833736,268.2963543,210.2729336,2460368.6,3.45189,4408.369854,12.06945887,2.956,Asteroid,TJN,N,N
 60328 (2000 AH7),60328,4.89278674,5.524809017,5.208797879,0.060668727,10.35380385,299.6094507,162.3094482,2460464.71,3.90992,4342.14863,11.88815504,2.964,Asteroid,TJN,N,N
159342 (2006 JR),159342,4.794740005,5.716242677,5.255491341,0.087670459,29.17746688,264.4894528,15.27396033,2459496.072,3.78387,4400.666064,12.04836705,2.738,Asteroid,TJN,N,N
243334 (2008 TY109),243334,5.178078915,5.371699991,5.274889453,0.018353093,8.576149075,131.1739467,236.3418957,2458951.11,4.18135,4425.052937,12.11513467,2.977,Asteroid,TJN,N,N
 38051 (1998 XJ5),38051,4.204309856,6.134332776,5.169321316,0.186680495,8.748081387,60.02387682,25.77098465,2460029.985,3.22191,4292.879705,11.75326408,2.942,Asteroid,TJN,N,N
352692 (2008 SS85),352692,4.934686778,5.331567115,5.133126947,0.03865873,20.2073471,335.4463404,106.0504134,2460099.242,4.00956,4247.872121,11.63004003,2.876,Asteroid,TJN,N,N
161017 (2002 EP106),161017,5.119925755,5.504506598,5.312216177,0.036197778,10.11310313,126.7277082,295.1140321,2459967.71,4.14742,4472.105465,12.24395747,2.968,Asteroid,TJN,N,N
510564 (2012 PL24),510564,4.952789881,5.483403524,5.218096703,0.0508436,8.776493795,204.5561014,175.8526098,2461071.373,3.95462,4353.781321,11.92000362,2.974,Asteroid,TJN,N,N
 95569 (2002 EC114),95569,5.013933452,5.575363447,5.29464845,0.053018628,2.161852244,89.57463634,307.897853,2459634.372,4.02078,4449.939649,12.18327077,2.996,Asteroid,TJN,N,N
592948 (2015 FT71),592948,4.542466718,6.007205001,5.27483586,0.138842072,16.68763166,208.7883274,270.7646452,2460655.972,3.60968,4424.985499,12.11495003,2.897,Asteroid,TJN,N,N
 24212 (1999 XW59),24212,4.845523908,5.289306684,5.067415296,0.043787883,7.242280201,72.54481037,0.578682305,2459893.946,3.85909,4166.56512,11.40743359,2.983,Asteroid,TJN,N,N
257505 (1996 RH33),257505,4.901042775,5.510107516,5.205575145,0.058501196,7.182752522,66.67894494,317.4485442,2459316.194,3.90865,4338.119459,11.87712378,2.981,Asteroid,TJN,N,N
599808 (2010 VV245),599808,5.021197973,5.323149719,5.172173846,0.029190023,15.40986985,79.40688794,46.31821281,2460576.556,4.05312,4296.433535,11.76299393,2.928,Asteroid,TJN,N,N
574873 (2011 BQ24),574873,4.882272698,5.476998041,5.17963537,0.057409962,27.83960726,247.8067652,144.5552292,2459526.69,3.91736,4305.734121,11.78845755,2.766,Asteroid,TJN,N,N
295217 (2008 FZ132),295217,4.752677233,5.627154387,5.18991581,0.084247721,30.9943863,211.0037815,72.8930242,2459672.918,3.86831,4318.559386,11.82357121,2.709,Asteroid,TJN,N,N
161003 (2002 DA2),161003,5.05431633,5.425730813,5.240023571,0.035440154,32.20534658,109.5152053,6.253592779,2460560.769,4.07027,4381.252547,11.99521573,2.69,Asteroid,TJN,N,N
 48604 (1995 CV),48604,4.694229467,5.57514022,5.134684844,0.085780411,7.082117596,152.9323757,146.4823791,2460248.039,3.68099,4249.806103,11.63533498,2.978,Asteroid,TJN,N,N
514098 (2014 XE33),514098,4.772592181,5.688307738,5.230449959,0.087536977,11.05409116,64.38482784,309.6197133,2460803.662,3.78681,4369.251098,11.96235756,2.955,Asteroid,TJN,N,N
 65111 (2002 CG40),65111,5.121277443,5.322450528,5.221863986,0.019262574,14.50277928,280.4529757,276.7448504,2461503.917,4.14917,4358.497088,11.93291468,2.936,Asteroid,TJN,N,N
263122 (2007 VC6),263122,4.935887871,5.408841352,5.172364611,0.045719271,5.454711243,216.4725133,228.3890221,2460086.928,3.95366,4296.671235,11.76364472,2.989,Asteroid,TJN,N,N
467856 (2010 WE31),467856,4.976436915,5.53880616,5.257621538,0.053481336,19.33918321,69.89785587,223.6783798,2458333.791,3.98412,4403.341903,12.0556931,2.884,Asteroid,TJN,N,N
246550 (2008 SO47),246550,3.96793751,6.285831984,5.126884747,0.226052914,6.676433171,203.4271493,155.2978369,2459052.427,2.96547,4240.125964,11.60883221,2.936,Asteroid,TJN,N,N
457221 (2008 KZ8),457221,4.307863707,6.139911219,5.223887463,0.175352889,11.9854145,226.5197591,358.1666118,2458848.304,3.29794,4361.030716,11.93985138,2.926,Asteroid,TJN,N,N
334313 (2001 VM128),334313,4.977320323,5.432470595,5.204895459,0.043723287,10.05600892,143.5624211,238.1852375,2460706.339,3.99064,4337.269852,11.87479768,2.967,Asteroid,TJN,N,N
156293 (2001 WB59),156293,4.74194597,5.78930176,5.265623865,0.099452203,3.640641844,241.4987745,4.356382813,2459094.12,3.72775,4413.398842,12.08322749,2.986,Asteroid,TJN,N,N
598550 (2008 UV373),598550,4.557872023,5.902750385,5.230311204,0.128565807,9.924251643,293.138427,141.9818644,2459851.646,3.57886,4369.077236,11.96188155,2.954,Asteroid,TJN,N,N
523983 (1999 RY214),523983,37.07860603,54.08065513,45.57963058,0.18650929,13.68458748,327.239904,70.81151786,2457533.351,36.111,112396.9764,307.7261502,5.765,Asteroid,TNO,N,N
524049 (2000 CQ105),524049,34.55954329,78.58135181,56.57044755,0.389088388,19.70008201,130.6843692,103.7182308,2474644.397,33.6047,155411.3914,425.4932004,5.811,Asteroid,TNO,N,N
612578 (2003 QR91),612578,38.21780549,55.5984741,46.90813979,0.185262821,3.4929602,273.2390374,15.27852461,2447538.41,37.201,117346.6627,321.2776529,6.001,Asteroid,TNO,N,N
524179 (2001 FQ185),524179,36.74878675,57.92786978,47.33832826,0.223699102,3.240080467,135.2831383,68.38777036,2455076.25,35.7459,118964.6147,325.7073639,5.98,Asteroid,TNO,N,N
612019 (1994 EV3),612019,40.5763755,44.69543162,42.63590356,0.048305017,1.66236073,19.60994374,13.42193554,2504766.535,39.5818,101686.11,278.4013962,5.838,Asteroid,TNO,N,N
 15874 (1996 TL66),15874,35.01742358,134.4003951,84.70890934,0.586614633,23.93992186,217.6498191,184.7746612,2452099.995,34.0258,284768.575,779.6538671,6.035,Asteroid,TNO,N,N
 59358 (1999 CL158),59358,32.6858063,49.9159764,41.30089135,0.208593199,10.03157993,120.0902689,327.0059782,2444858.543,31.7055,96947.71196,265.4283695,5.552,Asteroid,TNO,N,N
501546 (2014 JJ80),501546,31.24419349,55.46770574,43.35594961,0.279356264,18.69647935,261.6514421,98.31737425,2463808.422,30.2941,104272.907,285.4836604,5.371,Asteroid,TNO,N,N
535993 (2015 BG519),535993,37.5424815,39.9866916,38.76458655,0.031526327,34.42775391,330.7235798,358.784215,2495844.93,36.5311,88155.85489,241.3575767,4.635,Asteroid,TNO,N,N
587670 (2006 QE181),587670,41.46381912,44.31983611,42.89182761,0.033293254,2.11452032,103.751459,255.8550568,2453315.882,40.4606,102603.0462,280.9118307,5.856,Asteroid,TNO,N,N
523765 (2014 WD510),523765,38.20143402,78.67396929,58.43770166,0.346287877,19.01035754,79.28316003,11.60336282,2454526.146,37.2188,163169.1748,446.7328537,6.034,Asteroid,TNO,N,N
385447 (2003 QF113),385447,42.62620947,45.6198956,44.12305254,0.033924286,4.458244268,114.145685,211.0605916,2455266.228,41.6146,107052.4849,293.0937299,5.921,Asteroid,TNO,N,N
612524 (2002 VD130),612524,32.33380442,63.46885096,47.90132769,0.324991478,3.906165819,37.74878585,53.54798414,2457498.703,31.3506,121093.1993,331.535111,5.834,Asteroid,TNO,N,N
500879 (2013 JH64),500879,36.34473965,81.28342183,58.81408074,0.382040165,13.75595832,85.98085251,59.41516919,2434175.565,35.3773,164748.0933,451.0556969,6.124,Asteroid,TNO,N,N
 90482 Orcus (2004 DW),90482,30.23391774,48.05777737,39.14584756,0.227659646,20.56271645,268.4778053,73.65103082,2503699.353,29.2859,89459.60529,244.9270508,5.134,Asteroid,TNO,N,N
 60454 (2000 CH105),60454,40.40910768,47.69045734,44.04978251,0.082649099,1.165252852,320.1654443,294.6759651,2476513.461,39.3938,106785.9411,292.363973,5.916,Asteroid,TNO,N,N
523730 (2014 OH394),523730,38.26276936,53.84309745,46.05293341,0.169156739,9.699815416,290.3029242,76.11097142,2472331.494,37.2746,114152.2233,312.5317544,5.893,Asteroid,TNO,N,N
612088 (1999 CM158),612088,28.34608989,50.01527503,39.18068246,0.276528939,9.297787423,339.0607009,163.4890946,2448574.105,27.3586,89579.04362,245.2540551,5.338,Asteroid,TNO,N,N
438028 (2004 EH96),438028,28.35350985,49.97542266,39.16446625,0.276039927,3.142588809,226.179876,300.2445129,2451096.035,27.3607,89523.43656,245.1018112,5.399,Asteroid,TNO,N,N
533561 (2014 JN80),533561,36.95820065,45.62901592,41.29360829,0.104989799,17.73658021,138.6909275,158.2126571,2467586.968,35.9484,96922.06923,265.3581635,5.463,Asteroid,TNO,N,N
553893 (2012 BW154),553893,39.16655878,52.17286027,45.66970953,0.142395273,7.86211437,65.8335604,54.0493063,2448640.711,38.1874,112730.3359,308.6388388,5.924,Asteroid,TNO,N,N
 66652 Borasisi (1999 RZ253),66652,40.19151206,47.95341503,44.07246355,0.08805842,0.563572827,84.83608053,202.2929072,2441682.515,39.1745,106868.4272,292.5898075,5.916,Asteroid,TNO,N,N
505477 (2013 UM15),505477,42.03124509,48.84207664,45.43666087,0.074948636,1.840892571,110.9511451,188.6491245,2435311.741,41.015,111868.5576,306.2794184,6.005,Asteroid,TNO,N,N
535992 (2015 BF519),535992,26.59369333,51.33676938,38.96523136,0.317501978,19.19379929,290.341374,266.3116988,2462400.417,25.649,88841.17948,243.2338932,5.035,Asteroid,TNO,N,N
579246 (2014 OX415),579246,28.73489643,49.53492198,39.13490921,0.265747717,19.24683338,131.1199347,141.7436547,2462081.058,27.7398,89422.11196,244.8243996,5.125,Asteroid,TNO,N,N
495613 (2015 FG345),495613,36.65048099,47.18972608,41.92010354,0.125706334,36.13114628,58.58195064,226.0850778,2476306.044,35.7275,99136.12671,271.4199225,4.673,Asteroid,TNO,N,N
536287 (2015 CL62),536287,35.8545451,47.13863811,41.49659161,0.135964094,19.05587808,335.6737799,207.2891145,2468086.615,34.8679,97637.59353,267.3171623,5.414,Asteroid,TNO,N,N
471196 (2010 PK66),471196,40.76341882,41.03630727,40.89986305,0.003336056,13.62221688,331.6497575,8.308470129,2464804.189,39.7537,95539.11357,261.5718373,5.577,Asteroid,TNO,N,N
613412 (2006 HV122),613412,37.50931872,123.7377954,80.62355708,0.534759814,16.07269849,40.76813281,237.7135929,2466327.344,36.5212,264418.2092,723.9376022,6.457,Asteroid,TNO,N,N
499514 (2010 OO127),499514,36.92140774,47.94245074,42.43192924,0.129867333,25.84305157,220.0140601,244.1153119,2490791.404,36.0171,100957.269,276.4059385,5.219,Asteroid,TNO,N,N
612581 (2003 QX111),612581,34.47261373,44.72830438,39.60045905,0.129489543,9.514999974,157.4017573,103.7604427,2432695.841,33.47,91022.49955,249.206022,5.527,Asteroid,TNO,N,N
533028 (2014 AL55),533028,32.91819828,54.21607087,43.56713457,0.244425905,4.31724462,104.5852446,74.46849256,2466875.524,31.9236,105035.6972,287.5720663,5.715,Asteroid,TNO,N,N
 55638 (2002 VE95),55638,27.95749979,51.0424638,39.4999818,0.292214869,16.32308713,199.6494992,207.2666623,2452212.513,26.9746,90676.29571,248.2581676,5.189,Asteroid,TNO,N,N
495297 (2013 TJ159),495297,36.3162759,71.20187715,53.75907652,0.32446243,4.797452491,165.0974952,175.2526967,2452322.87,35.3073,143971.3664,394.1721189,6.156,Asteroid,TNO,N,N
612911 (2004 XR190),612911,51.61275299,63.69536518,57.65405908,0.104785443,46.53596449,252.3233263,281.6457723,2493823.901,50.913,159898.0841,437.7770955,4.645,Asteroid,TNO,N,N
 50000 Quaoar (2002 LM60),50000,41.60136938,45.02396351,43.31266645,0.039510314,7.991292719,189.0994464,159.8952795,2479607.775,40.5958,104116.7992,285.0562605,5.83,Asteroid,TNO,N,N
500829 (2013 GT136),500829,35.45782218,48.88918318,42.17350268,0.159239335,12.15736936,40.86529382,356.0002111,2508124.669,34.4644,100036.3726,273.8846615,5.619,Asteroid,TNO,N,N
183595 (2003 TG58),183595,40.09902909,49.34037107,44.71970008,0.103325179,1.658251061,276.8221713,232.2367913,2474517.053,39.1094,109231.2114,299.0587582,5.946,Asteroid,TNO,N,N
612548 (2003 HE57),612548,39.66073237,48.24518622,43.9529593,0.097655016,8.885070299,10.10459513,164.485076,2446636.308,38.6654,106434.0549,291.400561,5.834,Asteroid,TNO,N,N
523719 (2014 LM28),523719,16.77361781,543.6682204,280.2209191,0.94014145,84.79794671,246.311054,38.44207087,2458071.98,15.9651,1713362.497,4690.930861,0.472,Asteroid,TNO,N,N
451657 (2012 WD36),451657,37.608278,117.5401255,77.57420176,0.515196068,23.64538658,177.1913355,292.9822957,2472970.108,36.6947,249559.6685,683.2571347,6.13,Asteroid,TNO,N,N
500856 (2013 HT156),500856,42.86529047,44.73223119,43.79876083,0.021312712,3.688687579,54.48272508,317.5437191,2501603.07,41.8659,105874.4487,289.8684428,5.908,Asteroid,TNO,N,N
612533 (2002 XV93),612533,34.56391918,44.22796543,39.3959423,0.122652813,13.26537251,18.86803899,163.3470197,2476967.753,33.5677,90318.28158,247.2779783,5.448,Asteroid,TNO,N,N
535025 (2014 WT509),535025,35.48202801,60.36692541,47.92447671,0.259626177,12.25086128,182.2305156,226.4711154,2454925.194,34.5032,121180.99,331.7754688,5.837,Asteroid,TNO,N,N
 91205 (1998 US43),91205,34.10562661,44.81846744,39.46204703,0.135736,10.58413002,223.716344,142.5632548,2442869.267,33.1103,90545.70229,247.9006223,5.496,Asteroid,TNO,N,N
591486 (2013 TA188),591486,28.34826184,51.27963529,39.81394857,0.287981653,10.36424928,129.438718,285.2017334,2460887.478,27.3745,91759.556,251.2239726,5.342,Asteroid,TNO,N,N
525460 (2005 EX297),525460,38.98737013,48.63837602,43.81287308,0.11013893,4.811803505,28.16526477,231.8990286,2483345.572,37.9736,105925.623,290.0085504,5.867,Asteroid,TNO,N,N
612584 (2003 QX113),612584,37.57206993,62.10667054,49.83937023,0.246136744,6.729591575,158.0689145,25.41078778,2408469.585,36.5748,128516.0136,351.857669,6.062,Asteroid,TNO,N,N
536920 (2015 FM345),536920,41.10838703,43.62423807,42.36631255,0.029691645,17.14028163,103.4014101,39.88710446,2437106.678,40.1377,100723.1793,275.7650356,5.574,Asteroid,TNO,N,N
523624 (2008 CT190),523624,34.65572433,70.11804517,52.38688475,0.338465639,38.8610118,103.6263385,47.16159285,2455801.594,33.7783,138494.4235,379.1770665,4.749,Asteroid,TNO,N,N
 19521 Chaos (1998 WH24),19521,41.03528534,50.84932386,45.9423046,0.106808296,12.01089155,49.86940067,55.44380136,2463758.266,40.0657,113741.144,311.4062808,5.893,Asteroid,TNO,N,N
525462 (2005 EO304),525462,42.4755861,48.24543551,45.36051081,0.063599917,3.416739156,93.86258578,152.2750763,2468912.062,41.4618,111587.4445,305.5097727,5.997,Asteroid,TNO,N,N
 80806 (2000 CM105),80806,39.073179,44.95006089,42.01161994,0.069943529,3.762379095,45.49107243,3.123960297,2429960.537,38.0825,99460.94217,272.3092188,5.781,Asteroid,TNO,N,N
508823 (2001 RX143),508823,28.01978356,51.15975975,39.58977165,0.292246901,19.17561842,20.49443208,241.2070258,2432461.997,27.0482,90985.6542,249.105145,5.115,Asteroid,TNO,N,N
 47932 (2000 GN171),47932,28.29743954,50.07234489,39.18489222,0.277848223,10.83130527,26.20877539,195.1240221,2455214.468,27.2898,89593.4812,245.293583,5.311,Asteroid,TNO,N,N
579077 (2014 LP28),579077,39.19250864,43.42630039,41.30940451,0.05124489,16.03759164,177.5378384,139.4547431,2455565.2,38.1955,96977.68857,265.510441,5.535,Asteroid,TNO,N,N
420356 Praamzius (2012 BX85),420356,42.17480131,43.05886979,42.61683555,0.010372291,1.094303375,314.2134408,29.3223217,2415249.459,41.1664,101617.9022,278.2146534,5.844,Asteroid,TNO,N,N
609221 (2004 VC131),609221,40.68585584,47.83588783,44.26087184,0.080771477,0.491166057,124.6129464,280.9627631,2454845.269,39.6945,107554.4474,294.4680285,5.931,Asteroid,TNO,N,N
523716 (2014 KW101),523716,37.52802079,44.20092683,40.86447381,0.081646788,19.29193352,200.417297,54.94671691,2445773.708,36.5512,95415.14038,261.2324172,5.4,Asteroid,TNO,N,N
523759 (2014 WK509),523759,40.74628409,61.85932926,51.30280668,0.20576891,14.45630829,40.86499782,132.6947962,2490199.808,39.7674,134217.7996,367.4683083,6.052,Asteroid,TNO,N,N
 47171 Lempo (1999 TC36),47171,30.56527231,49.04656583,39.80591907,0.23214253,8.409402264,97.12630155,295.2476266,2457198.781,29.5797,91731.79892,251.1479779,5.453,Asteroid,TNO,N,N
 79969 (1999 CP133),79969,31.86895837,37.54206333,34.70551085,0.081732048,3.182000444,334.3096227,153.9103545,2446061.995,30.883,74678.58648,204.4588268,5.29,Asteroid,TNO,N,N
385695 Clete (2005 TO74),385695,28.67571798,32.02953884,30.35262841,0.055247618,5.245079097,169.2767442,297.993832,2469539.085,27.6945,61079.13592,167.2255604,4.974,Asteroid,TNO,N,N
612236 (2001 QO297),612236,41.61056767,44.99006945,43.30031856,0.039023983,1.134926346,143.2216646,304.684017,2479816.479,40.6258,104072.2788,284.9343704,5.884,Asteroid,TNO,N,N
523675 (2013 PV74),523675,38.74839702,61.8819744,50.31518571,0.229886634,2.275466159,49.11700863,238.7969591,2447853.388,37.732,130360.809,356.9084435,6.151,Asteroid,TNO,N,N
533209 (2014 DR143),533209,27.4826106,50.78767776,39.13514418,0.297751135,10.33127503,39.84155037,356.3323437,2424726.207,26.489,89422.91731,244.8266046,5.284,Asteroid,TNO,N,N
575713 (2011 UT410),575713,32.66558662,46.96196264,39.81377463,0.179540575,13.46102329,19.71152711,106.875807,2475205.871,31.705,91758.9547,251.2223263,5.424,Asteroid,TNO,N,N
469705 |=Kagara (2005 EF298),469705,40.05963598,47.47779729,43.76871663,0.084742733,2.867420342,118.0320119,76.45342586,2464657.941,39.0591,105765.529,289.5702368,5.891,Asteroid,TNO,N,N
535019 (2014 WE509),535019,33.0321578,39.49363053,36.26289416,0.089092072,13.89529101,125.4578897,2.659616592,2451171.562,32.046,79761.28105,218.3744861,5.248,Asteroid,TNO,N,N
148209 (2000 CR105),148209,43.93454196,400.292519,222.1135305,0.802197814,22.7722019,128.3025018,316.3176148,2438813.745,42.9861,1209096.46,3310.325696,7.217,Asteroid,TNO,N,N
 79983 (1999 DF9),79983,39.70787083,52.50071881,46.10429482,0.138738137,9.835115475,334.9098047,175.3435299,2450905.866,38.7178,114343.2422,313.0547357,5.922,Asteroid,TNO,N,N
523780 (2015 AN281),523780,35.82440807,47.59247118,41.70843962,0.141075322,17.50090598,53.09500496,229.2959812,2485127.075,34.8346,98386.23481,269.3668304,5.471,Asteroid,TNO,N,N
 84522 (2002 TC302),84522,39.19779522,72.33446398,55.7661296,0.297103896,34.95150281,23.76089564,85.68834336,2472900.243,38.3938,152108.7448,416.4510466,5.218,Asteroid,TNO,N,N
612161 (2000 KK4),612161,37.65887254,44.69283763,41.17585508,0.08541371,19.1110415,146.1207258,301.1769775,2508328.681,36.7141,96507.78923,264.2239267,5.423,Asteroid,TNO,N,N
 90377 Sedna (2003 VB12),90377,76.36862454,1006.915788,541.6422061,0.859005403,11.92963937,144.2973193,310.8362634,2479059.961,75.3964,4604337.756,12605.98975,10.231,Asteroid,TNO,N,N
612208 (2000 YH2),612208,27.40967861,51.31457771,39.36212816,0.30365354,12.90648865,219.2724845,232.4242001,2456656.823,26.441,90202.02416,246.9596829,5.241,Asteroid,TNO,N,N
500885 (2013 JL65),500885,30.2013012,48.09295895,39.14713008,0.228518128,7.246528962,145.8026979,24.74622949,2444236.363,29.2078,89464.00172,244.9390875,5.431,Asteroid,TNO,N,N
609222 (2004 VV131),609222,41.57107358,47.42847128,44.49977243,0.065813794,1.740989853,50.36774895,210.9419504,2413615.409,40.555,108426.4183,296.8553548,5.95,Asteroid,TNO,N,N
612687 (2003 UN284),612687,42.45760148,43.23795353,42.8477775,0.009106097,3.062594594,35.8837691,9.416823059,2450506.261,41.4659,102445.026,280.4791952,5.852,Asteroid,TNO,N,N
529938 (2010 TM182),529938,32.90797886,46.71381509,39.81089698,0.17339268,5.606295182,44.82051654,29.60931465,2464612.474,31.923,91749.00667,251.1950901,5.553,Asteroid,TNO,N,N
523615 (2006 UO321),523615,42.2504625,46.03714004,44.14380127,0.042890252,2.324656522,66.01142079,272.6962374,2447455.364,41.2419,107128.0054,293.3004939,5.933,Asteroid,TNO,N,N
579062 (2014 KF113),579062,35.08774252,50.16016465,42.62395358,0.176806946,28.43460617,165.1183852,107.5633223,2463172.444,34.184,101643.3621,278.2843591,5.076,Asteroid,TNO,N,N
553138 (2011 BQ170),553138,37.5777186,53.49240956,45.53506408,0.174752043,9.326302695,207.170141,350.7494979,2463884.959,36.5753,112232.1687,307.2749314,5.863,Asteroid,TNO,N,N
523642 (2010 SS43),523642,35.58182069,55.93734449,45.75958259,0.222418154,34.43690672,341.2969813,109.6049717,2471010.139,34.7514,113063.2612,309.5503388,4.883,Asteroid,TNO,N,N
620065 (2010 JF210),620065,41.97417014,47.42764176,44.70090595,0.060999565,7.919503556,342.0140042,201.5995818,2470387.463,40.9769,109162.3596,298.870252,5.912,Asteroid,TNO,N,N
612083 (1998 WX31),612083,40.54332016,50.64771846,45.59551931,0.110804729,2.96913602,37.33901156,41.46036251,2453860.817,39.5583,112455.7526,307.8870709,5.99,Asteroid,TNO,N,N
341520 Mors-Somnus (2007 TY430),341520,28.84822686,50.37162431,39.60992559,0.27169197,11.26185563,196.6059129,205.517382,2457898.237,27.8595,91055.14004,249.2953868,5.34,Asteroid,TNO,N,N
592064 (2014 NZ65),592064,36.51790042,52.07169439,44.29479741,0.175571341,28.72578005,342.883928,276.9277686,2440736.831,35.6281,107678.1304,294.8066541,5.155,Asteroid,TNO,N,N
535169 (2014 XX40),535169,32.17250267,126.4711232,79.32181293,0.594405354,19.72311129,202.2548417,324.8630727,2457686.354,31.1973,258040.2027,706.4755719,5.977,Asteroid,TNO,N,N
531077 (2012 DB99),531077,31.75417863,46.73177298,39.2429758,0.190831532,9.724513155,48.40078108,41.16156098,2435651.068,30.7757,89792.76102,245.8391814,5.447,Asteroid,TNO,N,N
582301 (2015 RM306),582301,11.47669956,480.6293573,246.0530285,0.953356804,175.9767013,52.77165604,44.68838318,2458299.352,10.4766,1409748.039,3859.679777,-4.12,Asteroid,TNO,N,N
500883 (2013 JJ65),500883,29.22080441,49.24661225,39.23370833,0.255211764,19.86853992,215.0322479,272.9501844,2435058.164,28.295,89760.95521,245.7521019,5.127,Asteroid,TNO,N,N
523704 (2014 HB200),523704,29.89962854,48.52432545,39.21197699,0.237487349,9.006509539,39.72391734,186.5403016,2458802.367,28.8896,89686.38838,245.547949,5.4,Asteroid,TNO,N,N
511551 (2014 UD225),511551,38.16201794,49.25763614,43.70982704,0.126923611,3.656226753,343.302408,298.394468,2430837.532,37.1466,105552.1439,288.9860203,5.857,Asteroid,TNO,N,N
576212 (2012 HL85),576212,39.40410341,41.27119103,40.33764722,0.023143239,16.6082226,47.67242335,318.2380757,2494763.958,38.4208,93575.95587,256.1970044,5.464,Asteroid,TNO,N,N
500888 (2013 JP65),500888,38.59908045,43.65277651,41.12592848,0.061441726,12.48787126,192.230935,331.5829895,2438602.376,37.6108,96332.31582,263.7435067,5.606,Asteroid,TNO,N,N
535466 (2015 AK281),535466,33.48334235,51.75748953,42.62041594,0.214382553,16.93544717,65.81139302,76.66275647,2455153.795,32.5366,101630.7083,278.2497148,5.471,Asteroid,TNO,N,N
542258 (2013 AP183),542258,36.33518438,79.60317419,57.96917929,0.373198227,3.344359022,193.040921,216.8537592,2439029.08,35.3454,161210.808,441.3711374,6.272,Asteroid,TNO,N,N
543435 (2014 GC54),543435,29.14389127,48.92862944,39.03626036,0.253414876,20.20684151,67.32323439,131.1973383,2454440.127,28.1757,89084.21056,243.899276,5.106,Asteroid,TNO,N,N
135024 (2001 KO76),135024,38.59010927,48.43976017,43.51493472,0.113175522,2.158557134,44.29589873,299.7536051,2484756.494,37.5826,104846.9814,287.0553905,5.862,Asteroid,TNO,N,N
528381 (2008 ST291),528381,42.75454677,159.294799,101.0246729,0.57679104,20.75026926,330.9540933,325.8234275,2435117.948,41.7589,370885.2877,1015.428577,6.783,Asteroid,TNO,N,N
613468 (2006 QQ180),613468,35.12427683,50.03930628,42.58179156,0.175133888,9.371288286,145.5115235,155.822325,2438622.525,34.1106,101492.5867,277.8715585,5.68,Asteroid,TNO,N,N
612158 (2000 FV53),612158,32.79280922,45.25639515,39.02460218,0.159688827,17.36993315,207.6719016,350.0631376,2450069.111,31.7913,89044.30606,243.7900234,5.294,Asteroid,TNO,N,N
553898 (2012 BZ159),553898,38.1268196,50.97069571,44.54875766,0.144155267,7.271521461,173.2811019,5.139107276,2460120.804,37.1297,108605.5009,297.345656,5.861,Asteroid,TNO,N,N
612100 (1999 RC215),612100,41.62711362,47.27051137,44.4488125,0.063481986,1.402653446,188.932555,250.8280126,2471238.133,40.6418,108240.2212,296.3455747,5.949,Asteroid,TNO,N,N
182926 (2002 FU6),182926,38.96943776,51.96357574,45.46650675,0.142897915,2.198774006,55.33502409,192.1476349,2473892.328,37.9551,111978.8,306.5812456,5.961,Asteroid,TNO,N,N
612085 (1999 CL119),612085,46.59195691,46.83386234,46.71290962,0.002589278,23.30703182,125.174447,65.25180245,2471794.22,45.6429,116614.8359,319.2740204,5.615,Asteroid,TNO,N,N
 82157 (2001 FM185),82157,36.17253798,40.54747427,38.36000613,0.057024708,5.375967015,150.8394645,119.2132313,2476673.074,35.1592,86779.35717,237.5889313,5.533,Asteroid,TNO,N,N
523899 (1997 CV29),523899,40.18019847,43.76220555,41.97120201,0.0426722,8.029667672,121.2352479,28.45062367,2453630.481,39.1925,99317.44477,271.9163443,5.743,Asteroid,TNO,N,N
 88611 Teharonhiawako (2001 QT297),88611,43.41617593,45.23214253,44.32415923,0.020485065,2.577170075,304.7079346,237.1029932,2410013.858,42.4187,107785.2135,295.0998317,5.948,Asteroid,TNO,N,N
385527 (2004 OK14),385527,33.12306214,55.21679708,44.16992961,0.250099277,3.459113924,149.0348638,207.4272657,2464046.473,32.1187,107223.1317,293.5609355,5.749,Asteroid,TNO,N,N
523723 (2014 MY69),523723,38.68664136,42.56374922,40.62519529,0.047718021,17.38260432,1.098841076,203.1447711,2424626.724,37.6895,94578.32525,258.9413422,5.455,Asteroid,TNO,N,N
472231 (2014 FU71),472231,40.01073372,46.57275455,43.29174413,0.075788363,2.912508127,252.9131017,332.1742988,2460577.749,39.0011,104041.3674,284.8497396,5.865,Asteroid,TNO,N,N
129772 (1999 HR11),129772,42.16609227,44.67898341,43.42253784,0.028935332,3.306544735,83.28111766,128.2577825,2457060.87,41.1606,104513.2205,286.1416029,5.885,Asteroid,TNO,N,N
524217 (2001 RZ143),524217,41.26300275,47.60745062,44.43522669,0.071389845,2.117188982,8.219882763,32.43535193,2457991.708,40.2706,108190.5994,296.2097178,5.943,Asteroid,TNO,N,N
543733 (2014 OZ393),543733,37.6409133,55.59530557,46.61810944,0.192568859,16.64133847,211.1399802,184.7331186,2453653.823,36.6474,116260.0251,318.3026013,5.74,Asteroid,TNO,N,N
523646 (2010 VL201),523646,34.82695874,38.54258246,36.6847706,0.050642592,5.521602622,104.0944564,340.511827,2463490.946,33.8424,81157.21557,222.1963465,5.421,Asteroid,TNO,N,N
305543 (2008 QY40),305543,36.81472214,89.01819874,62.91646044,0.414863426,25.09800923,43.27997243,331.8971142,2460195.615,35.8365,182282.447,499.0621409,5.813,Asteroid,TNO,N,N
 19299 (1996 SZ4),19299,29.36441666,50.42854124,39.89647895,0.263984757,4.731379347,15.84240494,30.42533885,2455652.698,28.3741,92045.01655,252.005521,5.454,Asteroid,TNO,N,N
546974 (2010 BP153),546974,35.22596056,122.8728647,79.04941265,0.55438049,10.56356455,354.6584403,196.8017595,2464715.304,34.2266,256712.1346,702.8395198,6.444,Asteroid,TNO,N,N
 15809 (1994 JS),15809,33.04871642,51.50937219,42.2790443,0.218319218,14.05972355,56.44044162,238.1462884,2460264.689,32.0545,100412.1276,274.9134227,5.52,Asteroid,TNO,N,N
613469 (2006 QJ181),613469,31.63468666,94.35741634,62.9960515,0.497830643,20.03747582,249.7286757,218.5384328,2461544.524,30.6734,182628.4448,500.0094315,5.753,Asteroid,TNO,N,N
558093 (2014 WW535),558093,24.07952373,44.79727054,34.43839714,0.300794296,18.84604885,220.5479086,277.3383942,2458679.898,23.1459,73818.09304,202.1029241,4.795,Asteroid,TNO,N,N
524460 (2002 GF32),524460,32.19844906,46.07016995,39.1343095,0.177232217,2.791707746,44.39243673,51.96634363,2425738.004,31.2147,89420.05651,244.8187721,5.525,Asteroid,TNO,N,N
469506 (2003 FF128),469506,31.00812529,47.75423749,39.38118139,0.212615666,1.912698767,91.72215598,171.0514519,2461103.925,29.9918,90267.52552,247.1390158,5.505,Asteroid,TNO,N,N
127546 (2002 XU93),127546,20.95071564,111.037369,65.99404234,0.682536258,77.94695519,90.2577395,27.65896087,2454699.077,20.0675,195819.3134,536.1240614,1.166,Asteroid,TNO,N,N
471954 (2013 RM98),471954,38.07401649,49.16205869,43.61803759,0.127103864,28.00682075,352.4028641,255.2796777,2429594.132,37.173,105219.8336,288.0762042,5.19,Asteroid,TNO,N,N
523741 (2014 TY85),523741,32.56379359,50.16888938,41.36634148,0.212794934,19.08178182,42.34552564,9.391524674,2457428.01,31.5751,97178.25493,266.0595618,5.333,Asteroid,TNO,N,N
523752 (2014 VU37),523752,39.30264465,42.53083442,40.91673954,0.039448277,28.52724849,248.1391302,337.636614,2499531.124,38.3065,95598.25306,261.7337524,5.051,Asteroid,TNO,N,N
558168 (2014 XQ40),558168,17.97558059,114.153852,66.06471629,0.727909517,14.73251071,261.0311986,268.4121391,2457025.739,17.0154,196133.9561,536.985506,4.805,Asteroid,TNO,N,N
415720 (1999 RU215),415720,40.15621651,46.65812509,43.4071708,0.074894406,7.716457244,14.19589956,334.7653763,2445254.441,39.1512,104457.7453,285.9897201,5.828,Asteroid,TNO,N,N
134860 (2000 OJ67),134860,42.34963458,43.94004544,43.14484001,0.018431067,1.114933213,96.8041358,169.3548974,2436628.081,41.3331,103512.2434,283.4010772,5.878,Asteroid,TNO,N,N
612084 (1999 CF119),612084,38.66563273,137.3721413,88.01888699,0.560712092,19.72073346,303.4521992,199.5730005,2455386.877,37.6837,301621.4585,825.7945477,6.471,Asteroid,TNO,N,N
127871 (2003 FC128),127871,31.79911368,37.71519013,34.75715191,0.085105886,2.374596143,78.40347973,34.94465724,2443988.02,30.8146,74845.32868,204.915342,5.296,Asteroid,TNO,N,N
495190 (2012 VS113),495190,38.04576309,73.42699054,55.73637681,0.317397986,26.75547898,171.4856236,220.5015346,2455598.324,37.094,151987.0296,416.1178086,5.636,Asteroid,TNO,N,N
602716 (2014 OP394),602716,36.79676441,98.44590242,67.62133341,0.455840893,21.51107513,199.5355394,117.4536505,2445789.08,35.8397,203106.5935,556.0755469,6.047,Asteroid,TNO,N,N
500882 (2013 JN64),500882,37.81361625,67.79165097,52.80263361,0.283868745,7.736682608,146.5068135,79.04218404,2452951.395,36.8127,140146.3538,383.699805,6.152,Asteroid,TNO,N,N
613858 (2007 TA418),613858,35.98314741,111.3214931,73.65232027,0.511445841,21.96115743,121.6722011,297.4759431,2459265.696,35.0523,230875.6209,632.1030003,6.067,Asteroid,TNO,N,N
     P/2014 A2 (Hill),2014 A2,2.0746748,9.774994275,5.924834538,0.649834137,24.51348041,106.6720238,356.2263846,2456593.838,1.09195,5267.599726,14.42190206,2.354,Comet,Short-period_JFC,N,N
  373P/Rinner,373P,2.305421596,5.299253188,3.802337392,0.393683054,13.77059519,232.0189218,221.2177506,2455872.127,1.3413,2708.160519,7.41453941,2.895,Comet,Short-period_JFC,N,N
  270P/Gehrels,270P,3.594520959,9.908671259,6.751596109,0.467604267,2.859569504,225.6814396,211.4760717,2456492.02,2.61132,6407.787608,17.54356635,2.782,Comet,Short-period_JFC,N,N
  224P/LINEAR-NEAT,224P,1.887306625,4.823842014,3.355574319,0.437560773,14.81458871,43.32146785,10.02289898,2452902.09,0.899066,2245.16736,6.146933224,2.947,Comet,Short-period_JFC,N,N
  418P/LINEAR,418P,1.715750899,8.488467899,5.102109399,0.663717344,5.780389972,277.8629046,306.8875,2455305.588,0.715478,4209.427913,11.52478553,2.494,Comet,Short-period_JFC,N,N
  301P/LINEAR-NEAT,301P,2.346308952,9.027632867,5.686970909,0.587423782,10.61830488,355.783208,189.4009432,2451940.186,1.3495,4953.58862,13.5621865,2.578,Comet,Short-period_JFC,N,N
   71P/Clark,71P,1.586547341,4.690543022,3.138545181,0.494495937,9.444998406,59.44373131,208.9562343,2457934.798,0.57753,2030.911526,5.56033272,2.99,Comet,Short-period_JFC,N,N
   67P/Churyumov-Gerasimenko,67P,1.243265644,5.681233332,3.462249488,0.64090813,7.040295031,50.13557349,12.79825003,2457247.589,0.256932,2353.076066,6.442371159,2.746,Comet,Short-period_JFC,Y,N
  255P/Levy,255P,0.992017557,5.057050417,3.024533987,0.672009784,18.33304279,279.7800483,179.5929552,2454015.885,0.00881278,1921.259954,5.260123076,2.792,Comet,Short-period_JFC,Y,N
  143P/Kowal-Mrkos,143P,2.540813685,6.054767148,4.297790417,0.408809309,4.68974626,245.3211164,320.7831086,2458247.583,1.53872,3254.365121,8.909966107,2.864,Comet,Short-period_JFC,N,N
  149P/Mueller 4,149P,2.646438541,6.006549459,4.326494,0.388317991,29.75479752,145.2550898,43.56707734,2455246.203,1.72214,3287.021809,8.999375247,2.662,Comet,Short-period_JFC,N,N
     P/2017 U3 (PANSTARRS),2017 U3,4.443406392,5.430620105,4.937013249,0.099980865,15.90843631,165.1500021,297.4583201,2458595.337,3.49501,4006.774174,10.96994983,2.918,Comet,Short-period_JFC,N,N
     P/2013 G4 (PANSTARRS),2013 G4,2.613193638,6.251331585,4.432262612,0.410415432,5.925605669,339.7728388,214.3909351,2456333.188,1.61583,3408.290888,9.331391892,2.848,Comet,Short-period_JFC,N,N
   49P/Arend-Rigaux,49P,1.423830111,5.701371188,3.56260065,0.600339681,19.05039826,118.8764491,332.7904692,2455853.579,0.463603,2456.117508,6.724483254,2.712,Comet,Short-period_JFC,N,N
  334P/NEAT,334P,4.187661051,8.787903463,6.487782257,0.354531196,19.05708025,92.78358848,81.09451624,2457892.65,3.26359,6035.91097,16.5254236,2.776,Comet,Short-period_JFC,N,N
    7P/Pons-Winnecke,7P,1.23919869,5.599103538,3.419151114,0.637571243,22.33463826,93.41561019,172.5055336,2457053.027,0.225666,2309.276149,6.322453522,2.677,Comet,Short-period_JFC,Y,N
   96P/Machholz 1,96P,0.123949408,5.946118895,3.035034151,0.959160457,58.1379342,94.25475501,14.79291874,2458054.461,0.333081,1931.273584,5.287538903,1.943,Comet,Short-period_JFC,Y,N
  307P/LINEAR,307P,1.888710844,9.724954772,5.806832808,0.674743375,4.424844787,158.1208575,222.1126161,2457011.594,0.892134,5111.017991,13.99320463,2.451,Comet,Short-period_JFC,N,N
   53P/Van Biesbroeck,53P,2.426330189,8.382809836,5.404570013,0.551059532,6.611181453,148.8981965,134.2640135,2457509.314,1.4158,4589.233421,12.56463633,2.652,Comet,Short-period_JFC,N,N
     P/2012 B1 (PANSTARRS),2012 B1,3.825152519,9.152542944,6.488847731,0.410503578,7.627783828,36.19418317,162.1830075,2456496.644,2.82404,6037.397929,16.52949467,2.82,Comet,Short-period_JFC,N,N
  114P/Wiseman-Skiff,114P,1.579408771,5.510766187,3.545087479,0.554479606,18.2730386,271.0620573,172.8433661,2458862.738,0.596927,2438.028968,6.674959528,2.772,Comet,Short-period_JFC,N,N
  146P/Shoemaker-LINEAR,146P,1.425769212,6.645992993,4.035881103,0.646726656,23.09409337,53.44724388,317.0689507,2457569.065,0.500379,2961.460688,8.108037476,2.525,Comet,Short-period_JFC,N,N
  393P/Spacewatch-Hill,393P,4.202480578,5.34465111,4.773565844,0.119634941,16.80707954,36.41101546,328.5924001,2454977.903,3.21504,3809.454607,10.4297183,2.911,Comet,Short-period_JFC,N,N
     P/2022 B1 (Wierzchos),2022 B1,1.896707288,9.030168439,5.463437863,0.652836303,10.99090406,148.8497913,325.4820985,2459635.84,0.924034,4664.417747,12.7704798,2.476,Comet,Short-period_JFC,N,N
  110P/Hartley 3,110P,2.464450156,4.74449837,3.604474263,0.316280274,11.69836175,287.529573,167.3956117,2457008.177,1.4827,2499.547074,6.843386923,2.99,Comet,Short-period_JFC,N,N
  355P/LINEAR-NEAT,355P,1.707731304,5.236008699,3.471870001,0.508123489,11.04421569,51.44154081,336.4011339,2455676.103,0.72064,2362.890574,6.469241819,2.88,Comet,Short-period_JFC,N,N
   92P/Sanguin,92P,1.825455659,8.891258073,5.358356866,0.659325479,19.44460631,181.4589164,163.7890342,2457082.684,0.826021,4530.497323,12.40382566,2.41,Comet,Short-period_JFC,N,N
     P/1998 VS24 (LINEAR),1998 VS24,3.405412022,5.602790706,4.504101364,0.243930865,5.030990985,159.197139,244.6047568,2451120.805,2.41824,3491.488858,9.559175517,2.953,Comet,Short-period_JFC,N,N
     P/2010 T2 (PANSTARRS),2010 T2,3.75359625,7.338933046,5.546264648,0.323220854,8.0107835,59.64929723,355.9417701,2455752.326,2.76501,4770.888974,13.06198213,2.873,Comet,Short-period_JFC,N,N
     P/2015 TP200 (LINEAR),2015 TP200,3.385307416,11.21061394,7.297960677,0.536129672,8.772292885,6.975444809,82.73560997,2457689.703,2.41757,7201.130897,19.7156219,2.689,Comet,Short-period_JFC,N,N
     P/2017 B4 (PANSTARRS),2017 B4,2.817043064,5.955022291,4.386032677,0.357724105,20.18345229,121.5476516,16.17586232,2457780.558,1.83708,3355.105812,9.185779089,2.796,Comet,Short-period_JFC,N,N
     P/2014 W4 (PANSTARRS),2014 W4,4.261090479,8.912328581,6.58670953,0.353077518,15.27434672,33.35259149,67.41178789,2457386.003,3.31445,6174.491463,16.90483631,2.821,Comet,Short-period_JFC,N,N
     C/2015 R1 (PANSTARRS),2015 R1,2.165458648,9.63095745,5.898208049,0.632861603,22.66832741,48.51408041,300.5377061,2457199.267,1.25349,5232.130384,14.32479229,2.404,Comet,Short-period_JFC,N,N
     P/2021 N2 (Fuls),2021 N2,3.796615122,10.06912758,6.932871352,0.452374791,13.06289926,221.7425232,177.3557063,2459531.866,2.80522,6667.578522,18.25483511,2.756,Comet,Short-period_JFC,N,N
   47P/Ashbrook-Jackson,47P,2.802020365,5.425129728,4.113575046,0.318835725,13.05253728,356.984634,357.8423357,2454863.9,1.79833,3047.386674,8.343290004,2.907,Comet,Short-period_JFC,N,N
     P/2016 P1 (PANSTARRS),2016 P1,2.279184702,4.17924279,3.229213746,0.294198253,25.70655465,319.5367731,267.5368032,2457273.803,1.43716,2119.549754,5.803010963,2.968,Comet,Short-period_JFC,N,N
  144P/Kushida,144P,1.425782671,6.289269184,3.857525927,0.630389349,4.133957169,245.3935776,216.1126246,2457632.042,0.445497,2767.334819,7.576549813,2.682,Comet,Short-period_JFC,N,N
  135P/Shoemaker-Levy 8,135P,2.716889808,4.938784882,3.827837345,0.290228512,6.050580894,213.361983,22.69803361,2451523.002,1.70772,2735.44911,7.4892515,2.992,Comet,Short-period_JFC,N,N
  417P/NEOWISE,417P,1.492286161,5.208500673,3.350393417,0.554593752,8.129115273,111.3571884,129.397423,2459326.41,0.496825,2239.969665,6.13270271,2.875,Comet,Short-period_JFC,N,N
  278P/McNaught,278P,2.096064067,5.303175491,3.699619779,0.433437977,6.683670581,15.49257302,237.9227503,2456506.936,1.09119,2599.16629,7.116129473,2.916,Comet,Short-period_JFC,N,N
  425P/Kowalski,425P,2.901290216,9.779356136,6.340323176,0.542406572,16.42807487,210.340678,200.2185931,2459478.515,1.91858,5831.301807,15.96523424,2.6,Comet,Short-period_JFC,N,N
   54P/de Vico-Swift-NEAT,54P,2.171764035,5.409192551,3.790478293,0.427047495,6.067160709,358.8600316,1.93333142,2455164.07,1.16881,2695.500692,7.379878693,2.908,Comet,Short-period_JFC,N,N
  300P/Catalina,300P,0.832163526,4.565435286,2.698799406,0.691654176,5.676017649,95.69013957,222.8674925,2458424.538,0.0222426,1619.400748,4.433677614,2.963,Comet,Short-period_JFC,Y,N
  251P/LINEAR,251P,1.711534756,5.271240397,3.491387577,0.509783798,23.50977788,219.5544176,30.87910691,2453175.325,0.732911,2382.843502,6.523869959,2.783,Comet,Short-period_JFC,N,N
     P/2022 O2 (PANSTARRS),2022 O2,1.756806272,10.86775911,6.312282693,0.721684475,9.42547376,330.4998304,48.64213074,2459951.613,0.774544,5792.660654,15.85944053,2.329,Comet,Short-period_JFC,N,N
  470P/PANSTARRS,470P,2.725984223,6.192070806,4.459027514,0.388659475,8.840429744,246.2423779,152.3833572,2460299.541,1.73719,3439.209685,9.416042944,2.853,Comet,Short-period_JFC,N,N
  200P/Larsen,200P,3.27219905,6.54297654,4.907587795,0.333236778,12.12105974,234.8192177,133.6932882,2454703.507,2.28712,3971.006001,10.87202191,2.851,Comet,Short-period_JFC,N,N
     P/2000 R2 (LINEAR),2000 R2,1.389966893,5.287021594,3.338494243,0.583654549,3.216341679,187.4994255,147.0634904,2451800.158,0.381574,2228.047136,6.100060605,2.857,Comet,Short-period_JFC,N,N
  217P/LINEAR,217P,1.224247378,6.664339557,3.944293468,0.689615545,12.88028468,125.6208073,246.7652181,2455083.487,0.307856,2861.226623,7.833611561,2.548,Comet,Short-period_JFC,Y,N
  341P/Gibbs,341P,2.513233583,6.072113954,4.292673769,0.414529564,3.798458774,30.06697854,312.3983812,2457535.128,1.50665,3248.555222,8.894059471,2.862,Comet,Short-period_JFC,N,N
     P/2018 L5 (Leonard),2018 L5,2.303424902,4.945721724,3.624573313,0.364497638,2.209154643,219.1586937,93.65090976,2458243.018,1.29028,2520.482925,6.90070616,2.989,Comet,Short-period_JFC,N,N
  447P/Sheppard-Tholen,447P,4.665882903,6.724364476,5.695123689,0.180723166,7.414149117,302.8344462,95.08599864,2459792.982,3.68172,4964.244553,13.59136086,2.954,Comet,Short-period_JFC,N,N
   52P/Harrington-Abell,52P,1.774978317,5.943373711,3.859176014,0.540062876,10.23173068,336.836121,139.6591488,2456723.866,0.806116,2769.110632,7.581411725,2.775,Comet,Short-period_JFC,N,N
     P/2014 X1 (Elenin),2014 X1,1.81487841,10.70176275,6.258320581,0.710005522,25.97138709,61.56934864,34.3680039,2457030.241,0.875976,5718.53964,15.65650826,2.22,Comet,Short-period_JFC,N,N
  309P/LINEAR,309P,1.748979363,7.151451835,4.450215599,0.606989971,17.66492031,11.44966493,50.75741674,2453641.848,0.814508,3429.019891,9.388144808,2.57,Comet,Short-period_JFC,N,N
   79P/du Toit-Hartley,79P,1.230504098,4.832365864,3.031434981,0.594085275,2.893178304,307.8386465,253.2696876,2454614.911,0.234063,1927.83923,5.278136153,2.943,Comet,Short-period_JFC,Y,N
     P/2019 LD2 (ATLAS),2019 LD2,4.577967014,5.992608946,5.28528798,0.133828274,11.56549692,179.6753177,123.4434898,2458949.22,3.58067,4438.144217,12.15097664,2.941,Comet,Short-period_JFC,N,N
     P/2012 U2 (PANSTARRS),2012 U2,3.627785064,11.07653271,7.352158886,0.506568734,10.53447533,186.863069,229.5348758,2456265.769,2.65192,7281.498305,19.93565587,2.723,Comet,Short-period_JFC,N,N
  108P/Ciffreo,108P,1.526125116,5.758715449,3.642420283,0.581013448,13.98015613,52.40239463,356.8617073,2459498.728,0.535188,2539.12166,6.951736237,2.75,Comet,Short-period_JFC,N,N
  234P/LINEAR,234P,2.860714685,4.77985105,3.820282867,0.25117726,11.51356494,179.733314,358.4248456,2455189.41,1.86474,2727.355235,7.467091678,2.987,Comet,Short-period_JFC,N,N
  285P/LINEAR,285P,1.723032386,7.295109878,4.509071132,0.617874206,25.02329038,185.4832607,178.4014459,2459957.359,0.719209,3497.269148,9.575001089,2.48,Comet,Short-period_JFC,N,N
  169P/NEAT,169P,0.607730906,4.6042011,2.605966003,0.766792466,11.29962168,176.1922768,217.9597779,2455165.805,0.142313,1536.567154,4.206891592,2.888,Comet,Short-period_JFC,Y,N
  132P/Helin-Roman-Alu 2,132P,1.691774563,6.081072618,3.88642359,0.564696302,5.38251546,173.9965717,216.3455183,2459531.606,0.699969,2798.489149,7.661845719,2.759,Comet,Short-period_JFC,N,N
     P/2012 WA34 (Lemmon-PANSTARRS),2012 WA34,3.173201441,6.446206622,4.809704031,0.340250165,6.116702705,94.52890687,353.2424818,2456317.675,2.18919,3852.79548,10.54837914,2.88,Comet,Short-period_JFC,N,N
  136P/Mueller 3,136P,2.975898098,5.425632731,4.200765414,0.291581937,9.415533385,137.4689521,225.3034679,2457540.031,1.983,3144.785812,8.609954309,2.934,Comet,Short-period_JFC,N,N
   78P/Gehrels 2,78P,2.011536547,5.461257608,3.736397078,0.461637373,6.252696505,210.5626758,192.7558599,2455938.605,1.02019,2638.019263,7.222503116,2.887,Comet,Short-period_JFC,N,N
     P/2015 D6 (Lemmon-PANSTARRS),2015 D6,4.563650089,9.914185314,7.238917702,0.369567347,20.18384783,46.35101156,125.5720955,2457217.637,3.61672,7113.918505,19.47684738,2.776,Comet,Short-period_JFC,N,N
     P/2012 K3 (Gibbs),2012 K3,2.076862345,5.159088599,3.617975472,0.425960081,13.20116708,125.8813162,172.3005719,2456200.831,1.06137,2513.603973,6.881872617,2.907,Comet,Short-period_JFC,N,N
  458P/Jahn,458P,2.645015552,5.077752301,3.861383927,0.3150084,13.60639497,1.625134628,104.3647285,2459882.543,1.70164,2771.487369,7.587918873,2.937,Comet,Short-period_JFC,N,N
  219P/LINEAR,219P,2.365164989,4.934573948,3.649869468,0.351986418,11.52898422,231.0304434,107.5439558,2455259.472,1.38807,2546.914853,6.973072836,2.962,Comet,Short-period_JFC,N,N
  140P/Bowell-Skiff,140P,1.971877174,10.82261934,6.397248256,0.691761661,3.835827569,343.4564572,173.086771,2451313.312,0.981441,5910.010245,16.1807262,2.411,Comet,Short-period_JFC,N,N
     P/2011 JB15 (Spacewatch-Boattini),2011 JB15,5.018709949,9.714811119,7.366760534,0.318735837,19.14127273,153.7681805,110.9267092,2455948.171,4.06236,7303.201042,19.99507472,2.837,Comet,Short-period_JFC,N,N
  365P/PANSTARRS,365P,1.359121264,5.011913528,3.185517396,0.573343638,9.836430713,87.44249536,66.39747998,2458160.257,0.410962,2076.674349,5.685624501,2.897,Comet,Short-period_JFC,N,N
     P/2023 M4 (ATLAS),2023 M4,3.929483846,6.977258893,5.453371369,0.279439528,7.59254281,296.2959246,320.6890563,2459684.6,2.91878,4651.532262,12.73520127,2.903,Comet,Short-period_JFC,N,N
  460P/PANSTARRS,460P,1.008577199,5.035384684,3.021980941,0.666252959,18.91867269,180.5336813,351.8967233,2457463.017,0.0162722,1918.827829,5.253464282,2.797,Comet,Short-period_JFC,Y,N
  163P/NEAT,163P,1.928340103,5.432028656,3.680184379,0.47602079,12.50463641,103.3473605,348.0530593,2453402.854,0.946356,2578.711715,7.060127899,2.858,Comet,Short-period_JFC,N,N
   36P/Whipple,36P,3.089225924,5.240054691,4.164640308,0.258225034,9.935343394,182.3912261,201.9559737,2455927.981,2.09545,3104.307071,8.499129557,2.952,Comet,Short-period_JFC,N,N
  434P/Tenagra,434P,3.023218665,5.276268134,4.1497434,0.271468529,6.317665641,289.0040623,126.9023713,2459511.392,2.03969,3087.665826,8.453568313,2.962,Comet,Short-period_JFC,N,N
  225P/LINEAR,225P,1.324513875,5.983712109,3.654112992,0.637527937,21.33498804,14.18216299,3.920310355,2457617.445,0.32713,2551.357903,6.985237244,2.627,Comet,Short-period_JFC,N,N
  437P/Lemmon-PANSTARRS,437P,3.409729908,5.710347085,4.560038497,0.252258526,3.690020395,245.8980081,206.6250643,2456255.695,2.4272,3556.732395,9.737802587,2.949,Comet,Short-period_JFC,N,N
  294P/LINEAR,294P,1.282207363,5.106563894,3.194385629,0.598605957,18.54176445,314.3382999,234.1686465,2454634.114,0.378776,2085.352331,5.709383522,2.819,Comet,Short-period_JFC,Y,N
  226P/Pigott-LINEAR-Kowalski,226P,1.776339819,5.765052546,3.770696182,0.528909323,44.00266329,54.00683042,341.1258445,2457636.645,0.80708,2674.426943,7.32218191,2.419,Comet,Short-period_JFC,N,N
  340P/Boattini,340P,3.047158369,5.427446488,4.237302429,0.280873051,2.082087301,291.8275499,36.01921657,2454523.522,2.03483,3185.903521,8.722528462,2.959,Comet,Short-period_JFC,N,N
  357P/Hill,357P,2.511840468,6.387279252,4.44955986,0.435485633,6.325985089,44.67502958,1.288453303,2454824.548,1.52114,3428.262021,9.386069872,2.824,Comet,Short-period_JFC,N,N
  139P/Vaisala-Oterma,139P,3.402921208,5.641698829,4.522310019,0.24752589,2.328730212,242.3775854,165.7253967,2454576.942,2.41255,3512.682716,9.617201139,2.956,Comet,Short-period_JFC,N,N
  170P/Christensen,170P,2.924356619,5.471511484,4.197934051,0.303381953,10.12476668,142.9218627,225.6361277,2460055.916,1.93418,3141.606916,8.601250967,2.925,Comet,Short-period_JFC,N,N
     C/2014 F3 (Sheppard-Trujillo),2014 F3,5.707273726,26.37210512,16.03968942,0.64417804,6.553589878,326.8592405,2.66826228,2459350.579,4.69592,23463.47643,64.2394974,2.993,Comet,Short-period_HTC,N,N
     P/2014 O3 (PANSTARRS),2014 O3,4.640619704,10.45131604,7.545967872,0.385019949,7.806572061,87.70407593,204.3643674,2456765.051,3.62617,7571.30697,20.72910875,2.892,Comet,Short-period_HTC,N,N
    1P/Halley,1P,0.574715798,35.28091967,17.92781774,0.967942791,162.1878712,59.11448294,112.257792,2446470.149,0.0752736,27726.15005,75.91006174,-0.598,Comet,Short-period_HTC,Y,N
     C/2021 K1 (ATLAS),2021 K1,2.497831827,22.98944647,12.74363915,0.803993836,16.27606739,140.9056559,184.303821,2459339.077,1.48573,16616.46453,45.4934005,2.195,Comet,Short-period_HTC,N,N
     C/1984 A1 (Bradfield 1),1984 A1,1.357490495,55.5784563,28.4679734,0.952315169,51.80056576,356.8583434,219.164863,2445696.297,0.478614,55479.5914,151.894843,1.065,Comet,Short-period_HTC,N,N
     C/2003 F1 (LINEAR),2003 F1,4.007798838,37.31696067,20.66237975,0.806034015,70.221513,87.48765171,121.1881319,2452818.96,3.35307,34305.90935,93.92446091,1.05,Comet,Short-period_HTC,N,N
     C/2020 S2 (PANSTARRS),2020 S2,1.756056242,18.60262362,10.17933993,0.827488201,22.39783154,197.6853617,202.2630382,2459205.436,0.778948,11862.54447,32.4778767,1.963,Comet,Short-period_HTC,N,N
     C/2018 DO4 (Lemmon),2018 DO4,2.405952932,49.30946413,25.85770853,0.906954132,160.4748207,251.1328763,175.9747332,2458713.911,1.42102,48026.78117,131.4901606,-1.569,Comet,Short-period_HTC,N,N
     P/2014 L3 (Hill),2014 L3,1.853963046,14.487291,8.170627021,0.773094153,6.26405583,115.5663692,178.6099143,2456837.072,0.83763,8530.63786,23.35561358,2.217,Comet,Short-period_HTC,N,N
     C/2019 T5 (ATLAS),2019 T5,1.528889305,14.49770148,8.013295392,0.809205922,33.42239412,247.6963682,189.6172609,2458696.643,0.548606,8285.431962,22.68427642,1.866,Comet,Short-period_HTC,N,N
     C/2019 L1 (PANSTARRS),2019 L1,2.89022555,16.81290994,9.851567744,0.706622781,9.993558448,254.4096922,49.9195994,2458706.785,1.88817,11294.22536,30.92190378,2.446,Comet,Short-period_HTC,N,N
     P/2016 A3 (PANSTARRS),2016 A3,4.789503436,10.66542135,7.727462391,0.380197121,8.593880343,187.7945917,338.4863578,2457857.23,3.79923,7846.098879,21.48144799,2.902,Comet,Short-period_HTC,N,N
     C/2017 S2 (PANSTARRS),2017 S2,3.614508153,37.25301189,20.43376002,0.823110962,12.68335016,62.42779171,305.9728761,2457994.839,2.6355,33738.11854,92.3699344,2.45,Comet,Short-period_HTC,N,N
     P/2013 N3 (PANSTARRS),2013 N3,3.028877492,11.83417848,7.431527987,0.592428704,2.170407731,17.68057547,323.949612,2456700.274,2.02043,7399.725396,20.259344,2.624,Comet,Short-period_HTC,N,N
     C/2011 J3 (LINEAR),2011 J3,1.450992228,37.67615077,19.5635715,0.925831936,114.7123818,21.51228368,27.8449641,2455585.888,0.516632,31606.08034,86.53273195,-0.347,Comet,Short-period_HTC,N,N
     P/2009 O3 (Hill),2009 O3,2.449979552,13.19884507,7.824412309,0.686880055,16.217527,183.7638695,154.552199,2454970.104,1.45256,7994.218573,21.88697761,2.377,Comet,Short-period_HTC,N,N
     C/2013 W2 (PANSTARRS),2013 W2,4.444439223,16.45615503,10.45029713,0.574706904,4.567063284,179.842795,307.1979328,2457027.757,3.46217,12339.32448,33.78322924,2.81,Comet,Short-period_HTC,N,N
     C/2001 W2 (BATTERS),2001 W2,1.051065186,34.8060355,17.92855034,0.941374781,115.9130793,113.3558525,142.0857916,2452267.418,0.145587,27727.84959,75.91471481,-0.257,Comet,Short-period_HTC,Y,N
     C/2019 L2 (NEOWISE),2019 L2,1.621540076,49.66387618,25.64270813,0.936764086,152.1873778,12.53429645,18.81688032,2458575.582,0.635815,47429.03194,129.8536124,-1.171,Comet,Short-period_HTC,N,N
     C/2022 Q2 (ATLAS),2022 Q2,1.644140415,63.96393411,32.80403726,0.949879937,151.4866151,352.943256,44.06018534,2459976.087,0.726053,68626.10836,187.8880448,-1.221,Comet,Short-period_HTC,N,N
     C/2005 O2 (Christensen),2005 O2,3.333576259,44.07782736,23.70570181,0.859376605,148.8920505,280.7713953,263.8338909,2453621.945,2.52907,42157.77218,115.4216897,-1.649,Comet,Short-period_HTC,N,N
     P/2021 C2 (PANSTARRS),2021 C2,4.890288469,14.19140221,9.540845341,0.487436564,21.92691199,66.49829639,78.82350982,2459270.14,3.98754,10764.12446,29.47056663,2.739,Comet,Short-period_HTC,N,N
     C/2017 W2 (Leonard),2017 W2,3.957327001,23.45336839,13.7053477,0.711256723,98.17929057,312.8090619,169.1577142,2458059.438,2.98485,18532.47887,50.73916185,0.055,Comet,Short-period_HTC,N,N
     C/2012 H2 (McNaught),2012 H2,1.716772176,30.55624599,16.13650908,0.893609444,92.83558531,184.1359475,295.9019824,2456051.232,1.09512,23676.244,64.82202327,0.244,Comet,Short-period_HTC,N,N
     C/2015 YG1 (NEOWISE),2015 YG1,2.073411374,32.26488601,17.16914869,0.879236215,57.33603836,350.5118627,102.7917631,2457294.472,1.55452,25984.9311,71.14286406,1.237,Comet,Short-period_HTC,N,N
     C/2019 F2 (ATLAS),2019 F2,2.232881685,30.86393873,16.54841021,0.865069716,19.18865186,175.8679183,10.95402725,2458735.393,1.23803,24588.54573,67.31976929,2.004,Comet,Short-period_HTC,N,N
   27P/Crommelin,27P,0.73421009,17.45278379,9.093496942,0.919259874,29.22111461,250.9593527,195.9554454,2455776.068,0.228681,10016.0115,27.42234497,1.481,Comet,Short-period_HTC,Y,N
     C/1998 G1 (LINEAR),1998 G1,2.133378612,22.06729263,12.10033562,0.823692608,109.714727,341.3836648,236.3223183,2451134.124,1.43133,15374.27169,42.09246184,-0.153,Comet,Short-period_HTC,N,N
     C/2019 T4 (ATLAS),2019 T4,4.242381291,1983.729277,993.9858292,0.99573195,53.63078219,199.938768,351.1916625,2459739.577,3.24956,11446394.67,31338.52066,1.518,Comet,Long-period,N,N
     C/2022 U4 (Bok),2022 U4,2.898397673,7346.340671,3674.619534,0.999211239,52.03543285,132.9290039,89.00757571,2460160.181,2.41223,81361134.55,222754.6463,1.3,Comet,Long-period,N,N
     C/2009 O2 (Catalina),2009 O2,0.695547134,555.5300966,278.1128219,0.997499047,107.9604534,310.2320847,133.3971357,2455279.915,0.146439,1694064.51,4638.095853,-0.3,Comet,Long-period,N,N
     C/2009 K2 (Catalina),2009 K2,3.246175989,2919.686962,1461.466569,0.997778823,66.82191488,123.8055109,147.6934962,2455234.985,2.34061,20407121.72,55871.65428,0.882,Comet,Long-period,N,N
     C/2012 V1 (PANSTARRS),2012 V1,2.089202408,6884.383887,3443.236545,0.999393245,157.839966,85.36942026,123.3352864,2456495.039,1.16281,73798700.66,202049.8307,-1.658,Comet,Long-period,N,N
     C/2019 S4 (Lemmon),2019 S4,3.441732752,481.9360787,242.6889057,0.985818335,92.02525907,63.16956927,71.35451008,2458947.437,3.01226,1380935.239,3780.79463,-0.06,Comet,Long-period,N,N
     C/1961 R1 (Humason),1961 R1,2.133469731,408.7061718,205.4198208,0.9896141,153.2779263,155.4395411,233.5620381,2438008.72,1.2247,1075379.977,2944.229916,-1.588,Comet,Long-period,N,N
     C/2013 K1 (Christensen),2013 K1,0.948263306,158.6339266,79.79109494,0.988115675,42.34152091,125.9087093,171.3325625,2456442.667,0.0614255,260333.5041,712.754289,0.955,Comet,Long-period,N,N
     C/1957 P1 (Mrkos),1957 P1,0.354936074,1071.968792,536.1618639,0.999338006,93.9567402,68.3238396,40.31851525,2436051.935,0.521004,4534634.702,12415.15319,-0.041,Comet,Long-period,N,N
     C/2009 F6 (Yi-SWAN),2009 F6,1.274158999,1023.934653,512.6044058,0.997514342,85.76478554,278.6790256,129.772327,2454958.934,0.504727,4239083.085,11605.97696,0.113,Comet,Long-period,N,N
     C/2020 H11 (PANSTARRS-Lemmon),2020 H11,7.631184128,20934.66604,10471.14861,0.999271218,151.4148314,303.0057973,91.48878068,2459107.977,6.76552,391372144.5,1071518.534,-3.007,Comet,Long-period,N,N
     C/1857 O1 (Peters),1857 O1,0.746843,75.5160999,38.1314715,0.980414,32.7565,202.8313,180.944,2399550.996,-9,85833.75,235,1.033,Comet,Long-period,N,N
     C/2022 A3 (Lemmon-ATLAS),2022 A3,3.703412804,1866.618927,935.1611701,0.996039813,88.35088157,325.4837416,234.8477217,2460216.342,3.05936,10445473.35,28598.14744,0.074,Comet,Long-period,N,N
     C/1932 P1 (Peltier-Whipple),1932 P1,1.037228224,88.42763459,44.73243141,0.976812612,71.72295785,345.4661715,38.4667488,2426952.353,0.144785,109277.8606,299.1864766,0.51,Comet,Long-period,N,N
     C/1983 J1 (Sugano-Saigusa-Fujikawa),1983 J1,0.471084142,9569.340215,4784.90565,0.999901548,96.62288425,83.03946676,82.17344988,2445455.828,0.0485751,120895043.2,330992.5892,-0.097,Comet,Long-period,N,N
     C/2021 A4 (NEOWISE),2021 A4,1.145476387,84.48956049,42.81751844,0.973247483,111.5698337,307.0847625,204.6655662,2459293.537,0.208722,102336.5253,280.1821363,-0.363,Comet,Long-period,N,N
     C/2022 N1 (Attard-Maury),2022 N1,1.481797734,72.36601093,36.92390433,0.959868877,164.7407116,301.8580293,41.073045,2459832.552,0.504919,81952.0558,224.3725005,-1.301,Comet,Long-period,N,N
     C/2021 C5 (PANSTARRS),2021 C5,3.241867407,9025.863689,4514.552778,0.999281907,50.78468723,323.6899126,270.9163326,2459986.54,2.71681,110795093.6,303340.4343,1.412,Comet,Long-period,N,N
     C/2005 O1 (NEAT),2005 O1,3.59092562,98.41267567,51.00180064,0.92959218,155.981032,304.7990072,324.7419705,2453507.868,2.61632,133038.3013,364.2390179,-2.006,Comet,Long-period,N,N
     C/1882 F1 (Wells),1882 F1,0.060763193,17041.15658,8520.60867,0.999992869,73.79692477,206.5893999,208.9846271,2408607.53,0.00844853,287279314.9,786527.8984,0.086,Comet,Long-period,N,N
     C/2002 X5 (Kudo-Fujikawa),2002 X5,0.189934436,2387.411782,1193.800858,0.999840899,94.15227885,119.0650239,187.5844738,2452668.502,0.741465,15065940.81,41248.29792,-0.035,Comet,Long-period,N,N
     C/1986 E1 (Shoemaker),1986 E1,3.593858359,131.6160847,67.60497154,0.946840324,159.8084469,294.8436003,123.5679982,2446500.776,2.65686,203032.8815,555.8737344,-2.1,Comet,Long-period,N,N
     C/2019 Y5 (PANSTARRS),2019 Y5,4.914442886,1611.373827,808.1441352,0.993918853,82.83261488,51.77760885,303.5002963,2458713.673,4.30023,8391346.705,22974.25518,0.349,Comet,Long-period,N,N
     C/2021 N3 (PANSTARRS),2021 N3,5.711156586,314.0212531,159.8662048,0.964275398,26.74812602,337.4941131,304.6959432,2459081.097,4.77948,738300.9453,2021.357824,2.655,Comet,Long-period,N,N
     C/2013 H1 (La Sagra),2013 H1,2.646966063,360.5884077,181.6176869,0.985425615,27.08951901,84.96986232,136.5811611,2456432.168,1.70599,893996.1264,2447.627998,1.818,Comet,Long-period,N,N
     C/2011 C3 (Gibbs),2011 C3,1.516894582,640.4732447,320.9950697,0.995274399,49.37610702,20.88996344,206.8099047,2455659.028,0.57027,2100612.617,5751.163907,1.009,Comet,Long-period,N,N
     C/2003 H1 (LINEAR),2003 H1,2.23962603,5309.900995,2656.07031,0.99915679,138.6672133,19.00048601,196.1395945,2453058.124,1.25681,49998592.39,136888.6855,-1.391,Comet,Long-period,N,N
     C/2019 D1 (Flewelling),2019 D1,1.577554937,273.9602204,137.7688877,0.988549266,34.09837201,231.7178046,70.47743211,2458615.342,0.828835,590643.1272,1617.092751,1.324,Comet,Long-period,N,N
     C/2021 Q6 (PANSTARRS),2021 Q6,8.712064384,19695.40067,9852.056369,0.999115711,161.8473455,133.534991,140.8601102,2460391.813,7.72858,357181337.2,977909.2053,-3.476,Comet,Long-period,N,N
     C/2002 K1 (NEAT),2002 K1,3.230234361,17739.58309,8871.406661,0.999635883,89.72177914,280.5483608,4.460610948,2452441.954,2.21599,305201847.5,835597.1183,0.011,Comet,Long-period,N,N
     C/2018 EF9 (Lemmon),2018 EF9,1.556632579,1281.825965,641.6912988,0.997574172,84.6944528,172.5780664,72.61657512,2458261.628,1.04427,5937281.667,16255.39128,0.151,Comet,Long-period,N,N
     C/2020 Y2 (ATLAS),2020 Y2,3.132488725,2248.20234,1125.667414,0.997217216,101.2973806,26.51279954,266.1014722,2459748.184,2.89313,13794741.56,37767.94403,-0.425,Comet,Long-period,N,N
     C/2022 L4 (PANSTARRS),2022 L4,3.014560807,505.3398268,254.1771938,0.988139924,141.2237051,66.05112839,125.3004732,2459557.128,2.17069,1480141.712,4052.407153,-1.653,Comet,Long-period,N,N
     C/1941 B1 (Friend-Reese-Honda),1941 B1,0.941864,99.3684827,50.1551733,0.981221,26.2756,329.7897,132.7319,2430014.878,-9,129663.75,355,1.178,Comet,Long-period,N,N
     C/2011 A3 (Gibbs),2011 A3,2.344841359,2335.346193,1168.845517,0.997993883,26.07435263,124.895272,141.1610776,2455911.588,1.38479,14596008.25,39961.69268,1.709,Comet,Long-period,N,N
     C/2010 J2 (McNaught),2010 J2,3.386996134,12522.35746,6262.87223,0.999459194,125.85154,311.7948456,4.616552714,2455351.365,2.37404,181033419.3,495642.4896,-1.336,Comet,Long-period,N,N
     C/1930 F1 (Wilk),1930 F1,0.48181,122.9642571,61.7230336,0.992194,67.1409,91.2366,46.9599,2426064.3,-9,177146.25,485,0.418,Comet,Long-period,N,N
     C/2006 A2 (Catalina),2006 A2,5.315949023,7712.312384,3858.814166,0.998622388,148.3225793,233.2253576,141.0182932,2453510.614,4.39469,87554651.39,239711.5712,-2.431,Comet,Long-period,N,N
     C/2010 F1 (Boattini),2010 F1,3.587530041,133.1712324,68.3793812,0.947534915,64.93572087,344.389791,127.512149,2455146.065,2.87211,206531.4416,565.4522698,1.058,Comet,Long-period,N,N
     C/2014 N2 (PANSTARRS),2014 N2,2.184401506,9543.903991,4773.044196,0.999542346,133.0131969,143.8041796,237.8607489,2456938.729,1.41681,120445786.1,329762.5903,-1.249,Comet,Long-period,N,N
     C/1958 R1 (Burnham-Slaughter),1958 R1,1.628201742,20996.69309,10499.16065,0.999844921,61.25735988,323.7782446,100.7366244,2436639.02,1.15786,392943671,1075821.139,0.761,Comet,Long-period,N,N
     C/2013 U2 (Holvorcem),2013 U2,5.116737376,1789.877883,897.4973101,0.994298883,43.09409508,7.001118646,107.3755091,2456956.37,4.40776,9820829.252,26887.9651,2.051,Comet,Long-period,N,N
     C/2009 T3 (LINEAR),2009 T3,2.281140243,8619.64411,4310.962625,0.999470851,148.7418178,60.0930171,32.44778904,2455208.557,1.34008,103385543.1,283054.1905,-1.599,Comet,Long-period,N,N
     C/2015 J2 (PANSTARRS),2015 J2,4.32038576,489.581716,246.9510509,0.982505093,17.28183038,56.75587102,203.6889461,2457274.414,3.31416,1417472.835,3880.829118,2.471,Comet,Long-period,N,N
     C/2014 A5 (PANSTARRS),2014 A5,4.800361281,237.5947891,121.1975752,0.960392266,31.99332726,310.1031832,182.5810873,2456883.028,3.8142,487348.1516,1334.286521,2.324,Comet,Long-period,N,N
     C/2019 T2 (Lemmon),2019 T2,2.645893131,4137.536473,2070.091183,0.998721847,111.4880947,155.6418108,239.386315,2459326.773,1.98673,34401916.73,94187.31481,-0.736,Comet,Long-period,N,N
     C/2010 G2 (Hill),2010 G2,1.980773858,190.3939283,96.1873511,0.979407127,103.7452833,246.7810059,137.4252805,2455806.55,1.16908,344568.3428,943.3767086,-0.358,Comet,Long-period,N,N
     C/1991 R1 (McNaught-Russell),1991 R1,6.981917662,94132.9879,47069.98491,0.999851669,104.5220918,150.11471,149.1302095,2448206.417,6.09271,3730048815,10212317.08,-0.821,Comet,Long-period,N,N
     C/1998 K2 (LINEAR),1998 K2,2.323478268,6418.690524,3210.507001,0.999276289,64.45667524,68.78107721,221.4179119,2451057.73,1.47487,66444472.64,181915.0517,0.816,Comet,Long-period,N,N
     C/2021 C3 (Catalina),2021 C3,2.276501361,124.3666499,63.32157564,0.964048567,122.1613987,181.919778,357.1518372,2459257.944,1.2804,184045.8361,503.8900372,-0.905,Comet,Long-period,N,N
     C/2020 K7 (PANSTARRS),2020 K7,6.383958974,212.2699799,109.3269694,0.941606732,32.06678013,286.1097279,358.1259713,2458785.273,5.3677,417531.6399,1143.139329,2.663,Comet,Long-period,N,N
     C/2021 C4 (ATLAS),2021 C4,4.504183866,11056.73938,5530.621781,0.999185592,132.8425235,194.2762621,320.2310559,2459231.551,3.61847,150230933.7,411309.8801,-1.788,Comet,Long-period,N,N
     C/2001 A1 (LINEAR),2001 A1,2.406447374,528.6159666,265.511207,0.990936551,59.94073866,339.5944958,107.8890397,2451805.12,1.86529,1580238.769,4326.457957,0.981,Comet,Long-period,N,N
     C/2012 E3 (PANSTARRS),2012 E3,3.827318559,439.0187961,221.4230573,0.982714905,105.6586084,5.530997825,103.5154219,2455694.42,3.4375,1203462.858,3294.901734,-0.628,Comet,Long-period,N,N
     C/1968 U1 (Wild),1968 U1,2.603056944,81047.50956,40525.05631,0.999935767,135.1329501,209.2152534,101.4905986,2439946.386,1.98457,2979777711,8158186.752,-1.418,Comet,Long-period,N,N
     C/2007 K5 (Lovejoy),2007 K5,1.149170994,97.46453681,49.3068539,0.976693484,64.88321475,193.7387344,255.5849996,2454222.46,0.599921,126461.802,346.233544,0.666,Comet,Long-period,N,N
     C/1969 Y1 (Bennett),1969 Y1,0.537620146,289.5410404,145.0393303,0.99629328,90.03981105,224.6576832,354.1490886,2440665.545,0.468979,638009.4414,1746.774651,0.035,Comet,Long-period,N,N
     C/2015 T4 (PANSTARRS),2015 T4,2.296376644,171.7856006,87.04098863,0.973617296,87.91719203,251.7876161,270.1357558,2457558.447,2.0883,296608.8805,812.0708569,0.128,Comet,Long-period,N,N
     C/2005 S4 (McNaught),2005 S4,5.850107621,11366.68809,5686.269098,0.998971187,107.9589583,318.2902908,31.45394506,2454300.147,4.95428,156617230.3,428794.6074,-0.924,Comet,Long-period,N,N
     C/2012 T4 (McNaught),2012 T4,1.955996506,442.0451745,222.0005855,0.991189228,24.08527346,99.36855851,219.9152605,2456211.432,0.997691,1208174.337,3307.80106,1.603,Comet,Long-period,N,N
     C/1951 P1 (Wilson-Harrington),1951 P1,0.740398833,6584.63581,3292.688104,0.999775138,152.5313394,76.89464096,269.6221263,2434024.447,0.188105,69011953.16,188944.4303,-0.945,Comet,Long-period,N,N
     C/1931 O1 (Nagata),1931 O1,1.046194952,96.05369211,48.54994353,0.97845116,42.30241347,192.2526215,320.0911351,2426504.249,0.162143,123561.0302,338.2916638,1.04,Comet,Long-period,N,N
     C/2007 T5 (Gibbs),2007 T5,4.049258055,89.71326889,46.88126347,0.913627369,45.61523467,109.8430748,34.41647132,2454610.737,3.14995,117245.8254,321.0015753,1.818,Comet,Long-period,N,N
     C/2020 F7 (Lemmon),2020 F7,5.33181477,1542.391481,773.8616479,0.993110119,93.95163064,321.8863018,227.9856918,2459532.611,4.62577,7863093.006,21527.97538,-0.19,Comet,Long-period,N,N
     C/1939 B1 (Kozik-Peltier),1939 B1,0.716484526,314.3074474,157.511966,0.995451237,63.52638896,289.6090517,169.0243755,2429301.354,0.258804,722052.4653,1976.871911,0.5,Comet,Long-period,N,N
     C/1968 H1 (Tago-Honda-Yamamoto),1968 H1,0.680376557,358.9412116,179.8107941,0.996216153,102.1702608,233.1082094,50.44671602,2439992.771,0.16349,880687.9725,2411.192259,-0.186,Comet,Long-period,N,N
     C/2017 T2 (PANSTARRS),2017 T2,1.615095415,10013.24403,5007.429564,0.99967746,57.23143924,64.37877974,92.99332026,2458974.45,1.20234,129425753,354348.3998,0.854,Comet,Long-period,N,N
     C/2004 R2 (ASAS),2004 R2,0.112835658,3238164.388,1619082.251,0.99999993,63.17369413,182.4635745,5.353182779,2453286.397,0.516413,7.52E+11,2060210375,0.188,Comet,Long-period,N,N
     C/2016 KA (Catalina),2016 KA,5.400480101,10340.76023,5173.080357,0.998956042,104.6292348,317.5572356,63.08874072,2457419.749,4.84436,135900878.4,372076.3269,-0.727,Comet,Long-period,N,N
     C/1963 A1 (Ikeya),1963 A1,0.632139778,190.4692582,95.55069898,0.993384247,160.648837,53.21949879,336.302578,2438109.975,0.236427,341153.0273,934.0260844,-0.874,Comet,Long-period,N,N
     C/2004 F2 (LINEAR),2004 F2,1.430438482,301.5847785,151.5076085,0.990558636,104.9599608,248.2734547,317.1431566,2453000.146,0.580088,681161.4972,1864.918541,-0.348,Comet,Long-period,N,N
     C/2019 N1 (ATLAS),2019 N1,1.704628193,26271.66298,13136.6838,0.999870239,82.42479441,13.57671321,193.4454066,2459185.308,0.721788,549954863.3,1505694.355,0.214,Comet,Long-period,N,N
     C/2022 L1 (Catalina),2022 L1,1.591536961,1097.934663,549.7631,0.99710505,123.4692843,300.0249517,59.8512849,2459850.745,0.871803,4708274.846,12890.55399,-0.853,Comet,Long-period,N,N
     C/1997 T1 (Utsunomiya),1997 T1,1.359108788,1834.955644,918.1573762,0.998519743,127.9926377,53.70274808,95.96514248,2450792.645,0.867884,10161881.31,27821.71475,-0.884,Comet,Long-period,N,N
     C/2019 K7 (Smith),2019 K7,4.475182902,1136702.463,568353.4689,0.999992126,103.5419511,307.9290733,27.30780528,2459017.473,3.54835,1.57E+11,428485346.9,-0.614,Comet,Long-period,N,N
     C/2007 VO53 (Spacewatch),2007 VO53,4.842734568,24514.83028,12259.83651,0.999604992,86.994806,59.74441369,75.01986577,2455312.93,4.49894,495821602.6,1357485.565,0.143,Comet,Long-period,N,N
     C/2010 KW7 (WISE),2010 KW7,2.570441622,197.11961,99.84502579,0.974255687,147.0608373,104.761501,332.3057549,2455480.845,1.62531,364408.1464,997.6951304,-1.606,Comet,Long-period,N,N
     C/2010 J1 (Boattini),2010 J1,1.695658122,71.75378847,36.7247233,0.953827886,134.3849446,254.8133869,333.109117,2455232.32,0.735101,81289.83186,222.5594301,-0.975,Comet,Long-period,N,N
     C/1846 J1 (Brorsen),1846 J1,0.63376,131.5924032,66.1130816,0.990414,150.6809,263.9889,99.7253,2395453.471,-9,196504.5,538,-0.78,Comet,Long-period,N,N
     C/2017 Y1 (PANSTARRS),2017 Y1,3.718607872,7578.784196,3791.251402,0.999019161,55.2401182,307.5096786,134.4474832,2457996.97,2.91766,85265295.74,233443.6571,1.364,Comet,Long-period,N,N
     C/2009 F5 (McNaught),2009 F5,2.245337164,158.0869519,80.16614453,0.971991454,84.99035534,219.0641431,297.3668257,2454775.327,1.63955,262171.1644,717.7855287,0.226,Comet,Long-period,N,N
     C/2002 L9 (NEAT),2002 L9,7.033001246,8859.138907,4433.085954,0.99841352,68.44208794,110.4513155,231.4285156,2453101.481,6.31789,107809654.7,295166.7479,1.209,Comet,Long-period,N,N
     C/2015 WZ (PANSTARRS),2015 WZ,1.376637801,384.9832659,193.1799519,0.992873806,134.1349376,40.04580967,66.71064788,2457494.299,0.692373,980712.0401,2685.043231,-0.984,Comet,Long-period,N,N
     C/1983 H1 (IRAS-Araki-Alcock),1983 H1,0.991340976,195.0773725,98.03435675,0.989887821,73.25137868,49.10245751,192.8506889,2445475.755,0.00583558,354540.524,970.6790527,0.408,Comet,Long-period,N,N
     C/1959 X1 (Mrkos),1959 X1,1.253241233,223208.6126,111604.9329,0.999988771,19.63616341,100.6188119,84.68895437,2436885.729,0.455803,13618319314,37284926.25,1.307,Comet,Long-period,N,N
     C/2004 P1 (NEAT),2004 P1,6.013775009,16153.3837,8079.698737,0.999255693,28.81623762,284.1833338,16.58454524,2452860.236,5.00839,265271857.6,726274.7641,2.664,Comet,Long-period,N,N
     C/2017 E5 (Lemmon),2017 E5,1.783311038,816.180772,408.9820415,0.995639635,122.637072,206.191666,306.7711747,2457550.39,1.0184,3021028.237,8271.124538,-0.879,Comet,Long-period,N,N
     C/1940 O1 (Whipple-Paraskevopoulos),1940 O1,1.082228,111.9028949,56.4925615,0.980843,54.6906,135.0616,235.7368,2429910.749,-9,155231.25,425,0.834,Comet,Long-period,N,N
     C/1983 N1 (IRAS),1983 N1,2.41805752,7669.310358,3835.864208,0.999369619,138.8329587,171.8011812,265.5898254,2445457.203,1.77587,86774728.5,237576.2587,-1.45,Comet,Long-period,N,N
     C/2016 A8 (LINEAR),2016 A8,1.881129115,68.23854708,35.05983809,0.946345185,148.2118365,111.2321644,130.2653015,2457631.17,0.993517,75825.15141,207.5979505,-1.278,Comet,Long-period,N,N
     C/2016 T1 (Matheny),2016 T1,2.300015618,249.8933208,126.0966682,0.981759902,129.8180327,56.23014289,137.3465074,2457786.15,1.43246,517194.4362,1416.001194,-1.157,Comet,Long-period,N,N
     C/1999 H1 (Lee),1999 H1,0.708107129,5547.551076,2774.129592,0.999744746,149.3529052,162.6508966,40.70156747,2451370.672,0.150509,53368935.99,146116.1834,-0.896,Comet,Long-period,N,N
     C/1877 T1 (Tempel),1877 T1,1.072884385,265.0537266,133.0633055,0.991937038,115.6658293,185.9907548,103.1743885,2406797.601,0.530957,560642.3346,1534.955057,-0.516,Comet,Long-period,N,N
     C/1986 N1 (Churyumov-Solodovnikov),1986 N1,2.642129691,6661.933835,3332.287983,0.999207112,114.9180494,134.6175783,157.7434494,2446556.951,1.68032,70260658.73,192363.1998,-0.847,Comet,Long-period,N,N
     C/2002 V1 (NEAT),2002 V1,0.099258168,2020.934686,1010.516972,0.999901775,81.70605667,64.08842958,152.1696864,2452688.796,0.151118,11733128.98,32123.55642,0.061,Comet,Long-period,N,N
